age,job,marital,education,default,balance,housing,loan,contact,day,month,duration,campaign,pdays,previous,poutcome,y,balance_log
33,admin.,married,tertiary,no,882,no,no,telephone,21,oct,39,1,151,3,failure,0,6.78332520060396
42,admin.,single,secondary,no,-247,yes,yes,telephone,21,oct,519,1,166,1,other,1,0.0
33,services,married,secondary,no,3444,yes,no,telephone,21,oct,144,1,91,4,failure,1,8.144679183447758
36,management,married,tertiary,no,2415,yes,no,telephone,22,oct,73,1,86,4,other,0,7.789868559054706
36,management,married,tertiary,no,0,yes,no,telephone,23,oct,140,1,143,3,failure,1,0.0
44,blue-collar,married,secondary,no,1324,yes,no,telephone,25,oct,119,1,89,2,other,0,7.1891677384203225
26,technician,single,tertiary,no,172,no,yes,telephone,4,nov,21,1,140,4,other,0,5.153291594497779
51,admin.,single,secondary,no,3132,no,no,telephone,5,nov,449,1,176,1,failure,0,8.049746290952191
33,unemployed,divorced,secondary,no,1005,yes,no,telephone,10,nov,175,1,174,2,failure,0,6.913737350659685
30,admin.,married,secondary,no,873,yes,no,telephone,12,nov,119,1,167,3,success,0,6.773080375655535
30,management,single,tertiary,no,1243,yes,no,telephone,13,nov,86,1,174,1,failure,0,7.126087273299125
44,entrepreneur,married,tertiary,no,1631,yes,no,cellular,17,nov,81,1,195,2,failure,0,7.397561535524052
51,management,divorced,tertiary,no,119,no,no,cellular,17,nov,200,1,165,2,failure,0,4.787491742782046
51,technician,married,secondary,no,58,yes,no,cellular,17,nov,79,1,129,2,failure,0,4.07753744390572
44,management,married,tertiary,no,6203,yes,yes,cellular,17,nov,58,1,188,1,failure,0,8.73294952429643
34,technician,single,secondary,no,105,yes,no,cellular,17,nov,303,1,196,2,failure,0,4.663439094112067
49,management,married,tertiary,no,1533,no,no,cellular,17,nov,324,1,172,1,failure,0,7.335633981927201
47,housemaid,married,tertiary,no,228,yes,no,cellular,17,nov,80,1,118,1,failure,0,5.43372200355424
40,management,single,secondary,no,1623,yes,no,cellular,17,nov,161,1,167,2,failure,0,7.392647520721623
47,blue-collar,married,secondary,no,1484,no,no,cellular,17,nov,297,1,119,3,failure,0,7.3031700512368
38,management,married,tertiary,no,494,no,no,cellular,17,nov,146,1,104,2,other,0,6.20455776256869
54,technician,single,secondary,no,198,yes,yes,cellular,17,nov,120,1,171,2,failure,0,5.293304824724492
52,management,married,tertiary,no,1701,yes,yes,cellular,17,nov,381,1,117,2,other,0,7.43955930913332
48,admin.,divorced,secondary,no,295,yes,no,cellular,17,nov,123,1,164,2,success,0,5.69035945432406
45,technician,married,secondary,no,1477,yes,no,cellular,17,nov,75,1,132,1,failure,0,7.298445101508147
39,admin.,married,secondary,no,401,yes,no,cellular,17,nov,396,1,129,2,failure,0,5.996452088619021
39,blue-collar,married,primary,no,3324,no,no,cellular,17,nov,96,1,131,1,failure,0,8.109224953089955
37,management,married,tertiary,yes,0,no,no,cellular,17,nov,44,1,123,2,failure,0,0.0
49,management,married,tertiary,no,64,no,no,cellular,17,nov,208,1,159,1,success,0,4.174387269895637
43,technician,married,secondary,no,1865,yes,no,cellular,17,nov,155,1,186,1,failure,0,7.531552381407289
35,technician,divorced,tertiary,no,1718,yes,yes,cellular,17,nov,74,1,167,16,other,0,7.449498005382849
50,management,married,secondary,no,633,no,yes,telephone,17,nov,302,1,111,6,failure,0,6.452048954437226
42,technician,single,tertiary,no,35,yes,yes,cellular,17,nov,38,1,115,5,other,0,3.58351893845611
56,retired,married,secondary,no,2749,yes,yes,cellular,17,nov,38,1,172,2,failure,0,7.919356190660617
51,entrepreneur,married,tertiary,no,209,no,no,cellular,17,nov,130,1,111,2,failure,0,5.3471075307174685
50,technician,single,secondary,no,246,yes,no,cellular,17,nov,270,1,123,2,failure,0,5.5093883366279774
45,technician,married,secondary,no,1415,yes,no,cellular,17,nov,483,1,116,1,failure,0,7.255591274253665
40,services,divorced,secondary,no,5766,yes,yes,cellular,17,nov,68,2,173,1,failure,0,8.659907293615413
30,management,married,tertiary,no,101,yes,no,cellular,17,nov,348,1,123,1,failure,0,4.624972813284271
39,management,married,tertiary,no,500,yes,no,cellular,17,nov,257,1,178,2,other,0,6.2166061010848646
36,management,married,tertiary,no,5057,yes,no,cellular,17,nov,70,1,166,10,failure,0,8.52872642722991
34,housemaid,married,tertiary,no,1265,yes,no,cellular,17,nov,118,1,164,3,failure,0,7.143617602704121
59,management,married,tertiary,no,0,no,no,cellular,17,nov,90,2,110,2,failure,0,0.0
53,services,married,secondary,no,1364,no,no,cellular,17,nov,508,1,115,1,failure,0,7.21890970761906
46,management,single,tertiary,no,46,no,yes,cellular,17,nov,80,1,152,1,failure,0,3.8501476017100584
52,retired,married,secondary,no,5423,no,yes,cellular,17,nov,93,1,115,1,failure,0,8.598588829620232
56,technician,divorced,secondary,no,689,yes,no,cellular,17,nov,110,1,103,4,failure,0,6.536691597591305
34,admin.,single,secondary,no,0,yes,no,cellular,17,nov,214,1,174,2,failure,0,0.0
32,admin.,single,secondary,no,4344,yes,no,cellular,17,nov,79,2,118,3,failure,0,8.376781037699493
59,retired,divorced,secondary,no,514,yes,no,cellular,17,nov,573,1,188,1,other,0,6.244166900663736
59,management,married,primary,no,252,yes,yes,cellular,17,nov,138,1,175,2,failure,0,5.53338948872752
40,technician,married,secondary,no,0,yes,no,cellular,17,nov,74,2,196,1,failure,0,0.0
43,technician,divorced,secondary,no,-36,yes,no,cellular,17,nov,190,1,104,1,failure,0,0.0
43,technician,married,secondary,no,0,no,yes,cellular,17,nov,103,2,193,3,failure,0,0.0
55,entrepreneur,divorced,tertiary,no,1730,no,no,cellular,17,nov,89,2,118,3,failure,0,7.456454555176209
49,services,married,secondary,no,202,yes,no,cellular,17,nov,651,2,104,1,failure,1,5.313205979041787
49,entrepreneur,married,tertiary,no,313,yes,no,cellular,17,nov,42,2,188,2,failure,0,5.749392985908253
39,blue-collar,single,primary,no,419,yes,no,cellular,17,nov,186,1,181,1,failure,0,6.040254711277414
42,technician,married,tertiary,no,14282,yes,no,cellular,17,nov,77,1,103,4,success,0,9.566825297862628
56,admin.,married,secondary,no,1270,yes,no,cellular,17,nov,80,2,165,2,other,0,7.147559271189454
44,admin.,married,secondary,no,4826,yes,no,cellular,17,nov,102,1,185,4,other,0,8.481980435660493
42,services,married,secondary,no,1048,yes,no,cellular,17,nov,71,1,186,1,failure,0,6.955592608396297
41,technician,married,secondary,no,112,yes,no,cellular,17,nov,1081,1,131,1,failure,0,4.727387818712341
51,technician,married,secondary,no,563,yes,no,cellular,17,nov,504,1,123,3,failure,0,6.335054251498059
36,blue-collar,married,secondary,no,1797,yes,yes,cellular,17,nov,166,1,181,2,failure,0,7.494430215031565
52,technician,married,tertiary,no,3440,yes,no,cellular,17,nov,124,1,131,1,failure,0,8.14351740579748
42,entrepreneur,married,tertiary,no,373,no,no,cellular,17,nov,174,1,154,3,failure,0,5.924255797414532
45,technician,married,secondary,no,2020,yes,no,cellular,17,nov,62,1,131,1,failure,0,7.611347717403621
35,entrepreneur,married,secondary,no,24,yes,no,cellular,17,nov,128,1,181,1,failure,0,3.2188758248682006
38,management,married,tertiary,no,425,yes,no,cellular,17,nov,240,1,181,1,failure,0,6.054439346269371
47,technician,married,secondary,no,80,no,yes,cellular,17,nov,74,1,145,1,failure,0,4.394449154672439
43,self-employed,married,secondary,no,634,yes,no,cellular,17,nov,65,1,131,1,failure,0,6.453624998892692
33,blue-collar,married,secondary,no,0,yes,no,cellular,17,nov,809,3,181,1,other,0,0.0
40,blue-collar,single,secondary,no,677,yes,no,cellular,17,nov,619,1,171,5,other,0,6.519147287940395
54,technician,married,secondary,no,899,no,yes,cellular,17,nov,61,1,145,1,other,0,6.802394763324311
50,management,married,tertiary,no,830,no,no,cellular,17,nov,71,1,138,2,failure,0,6.7226297948554485
54,services,married,secondary,no,2719,yes,no,cellular,17,nov,166,2,171,2,failure,0,7.908387159290043
44,unemployed,married,secondary,no,0,yes,no,cellular,17,nov,58,1,195,2,failure,0,0.0
43,blue-collar,divorced,secondary,no,-259,no,no,cellular,17,nov,732,1,171,2,other,0,0.0
51,management,married,tertiary,no,248,yes,yes,cellular,17,nov,139,2,126,3,failure,0,5.517452896464707
51,technician,married,secondary,no,12061,yes,no,cellular,17,nov,150,1,188,1,failure,0,9.397815294010933
42,technician,single,secondary,no,-15,no,no,cellular,17,nov,89,1,145,1,failure,0,0.0
46,services,divorced,secondary,no,0,no,no,cellular,17,nov,407,1,150,3,success,0,0.0
50,management,married,tertiary,no,4,no,no,cellular,17,nov,223,1,96,2,failure,0,1.6094379124341003
44,management,married,tertiary,no,1451,yes,no,cellular,17,nov,157,3,150,12,failure,0,7.280697195384741
41,unemployed,married,primary,no,557,yes,no,cellular,17,nov,158,1,173,1,failure,0,6.324358962381311
37,management,single,tertiary,no,600,yes,no,cellular,17,nov,116,2,196,1,failure,0,6.398594934535208
53,admin.,married,secondary,no,350,no,yes,cellular,17,nov,113,3,132,2,failure,0,5.860786223465865
53,self-employed,married,secondary,no,248,no,yes,cellular,17,nov,99,1,126,3,failure,0,5.517452896464707
52,technician,married,secondary,no,1818,no,yes,cellular,17,nov,189,2,111,4,failure,0,7.506042178518122
36,management,divorced,tertiary,no,3837,yes,no,cellular,17,nov,184,1,193,1,success,0,8.252706676567644
37,admin.,married,tertiary,no,0,yes,no,cellular,17,nov,65,2,119,1,failure,0,0.0
44,management,married,tertiary,no,58,yes,no,cellular,17,nov,48,1,126,3,failure,0,4.07753744390572
59,management,divorced,tertiary,no,3552,yes,no,cellular,17,nov,690,1,123,7,other,0,8.175547596021026
32,admin.,married,secondary,no,0,yes,yes,cellular,17,nov,159,2,195,2,failure,0,0.0
41,management,married,tertiary,no,20,yes,no,cellular,17,nov,99,1,151,2,failure,0,3.044522437723423
37,services,married,secondary,yes,-954,yes,no,cellular,17,nov,69,1,180,3,failure,0,0.0
43,housemaid,married,primary,no,0,no,yes,cellular,17,nov,836,1,129,2,failure,0,0.0
51,blue-collar,married,primary,no,230,yes,no,cellular,17,nov,174,1,195,1,failure,0,5.442417710521793
56,management,married,tertiary,no,505,yes,yes,cellular,17,nov,171,1,172,2,failure,0,6.226536669287466
44,services,married,secondary,no,3843,yes,no,cellular,17,nov,70,1,150,2,other,0,8.254268770090183
56,management,single,primary,no,109,no,yes,telephone,17,nov,124,1,129,18,other,0,4.700480365792417
39,self-employed,married,tertiary,no,5,yes,no,cellular,17,nov,118,2,131,1,other,0,1.791759469228055
38,technician,married,secondary,no,821,yes,yes,cellular,17,nov,224,2,180,1,failure,0,6.71174039505618
42,technician,married,primary,no,275,no,no,cellular,17,nov,295,2,109,9,failure,0,5.62040086571715
34,management,single,tertiary,no,1049,yes,no,cellular,17,nov,101,2,129,1,failure,0,6.956545443151569
38,blue-collar,married,primary,no,0,yes,no,cellular,17,nov,78,2,193,2,failure,0,0.0
53,retired,married,tertiary,no,2269,no,no,cellular,17,nov,1091,2,150,1,success,1,7.727535110475448
41,blue-collar,married,secondary,no,271,yes,no,cellular,17,nov,148,2,172,2,failure,0,5.605802066295998
48,management,divorced,tertiary,no,-478,yes,no,cellular,17,nov,87,5,167,6,failure,0,0.0
54,management,married,tertiary,no,3795,yes,yes,cellular,17,nov,227,2,119,1,failure,0,8.241703159729818
55,entrepreneur,married,secondary,no,653,yes,no,cellular,17,nov,193,2,186,1,failure,0,6.483107351457199
38,technician,single,secondary,no,1255,yes,no,cellular,17,nov,151,2,171,2,failure,0,7.135687347028144
50,technician,divorced,secondary,no,-403,no,yes,cellular,17,nov,130,2,119,2,failure,0,0.0
42,unemployed,married,primary,no,2636,no,no,cellular,17,nov,178,2,151,1,failure,0,7.877397186353287
40,housemaid,married,secondary,no,1029,yes,yes,cellular,17,nov,117,2,117,3,failure,0,6.937314081223682
38,admin.,married,secondary,no,0,no,no,telephone,17,nov,599,2,158,8,other,0,0.0
57,management,married,secondary,no,1502,no,no,telephone,17,nov,340,2,109,11,failure,0,7.315218389752975
30,technician,single,secondary,no,426,yes,no,telephone,17,nov,127,4,111,6,failure,0,6.056784013228625
56,management,single,secondary,no,237,yes,no,telephone,17,nov,117,3,131,4,failure,0,5.472270673671475
39,technician,married,secondary,no,8,no,yes,cellular,17,nov,333,2,96,2,failure,0,2.1972245773362196
43,services,divorced,secondary,no,1043,yes,no,cellular,17,nov,57,4,119,3,failure,0,6.950814768442584
42,services,married,secondary,no,1027,yes,no,telephone,17,nov,188,2,168,2,failure,0,6.93537044601511
44,management,married,tertiary,no,724,yes,no,cellular,17,nov,157,2,172,1,failure,0,6.586171654854675
36,blue-collar,married,secondary,no,0,yes,no,cellular,17,nov,273,2,131,1,failure,0,0.0
40,unemployed,married,secondary,no,219,yes,no,cellular,17,nov,204,2,196,1,failure,0,5.393627546352362
43,management,married,tertiary,no,2767,yes,no,cellular,17,nov,374,1,186,7,failure,0,7.92588031673756
40,technician,married,secondary,no,1269,yes,no,cellular,17,nov,353,1,172,1,failure,0,7.146772179452637
56,services,married,secondary,no,1150,no,yes,cellular,17,nov,107,1,117,3,failure,0,7.048386408721883
37,technician,married,secondary,no,5115,yes,no,cellular,17,nov,1210,2,171,4,failure,1,8.540128162698734
56,management,single,tertiary,no,1092,yes,yes,cellular,17,nov,176,3,186,4,failure,0,6.996681488176539
37,management,married,secondary,no,121,no,yes,cellular,17,nov,211,2,151,2,failure,0,4.804021044733257
58,blue-collar,divorced,secondary,no,644,no,yes,cellular,17,nov,220,4,109,4,failure,0,6.4692503167957724
45,entrepreneur,married,secondary,no,781,no,yes,cellular,17,nov,652,2,126,2,failure,1,6.661854740545311
50,technician,married,secondary,no,0,yes,no,cellular,17,nov,114,4,168,2,failure,0,0.0
46,admin.,married,secondary,no,4958,yes,no,cellular,17,nov,64,3,150,5,other,0,8.508959386489133
35,services,divorced,secondary,no,204,yes,no,cellular,17,nov,295,1,186,9,other,0,5.3230099791384085
40,blue-collar,married,secondary,no,755,no,no,cellular,17,nov,408,1,117,1,failure,0,6.628041376179533
43,technician,married,tertiary,no,1201,yes,yes,cellular,18,nov,82,1,97,3,failure,0,7.091742115095153
40,self-employed,married,tertiary,no,3059,yes,yes,cellular,18,nov,41,1,182,1,failure,0,8.026170194946426
36,housemaid,married,primary,no,4324,yes,no,cellular,18,nov,139,4,127,4,failure,0,8.37216741936598
44,management,married,tertiary,no,756,yes,no,cellular,18,nov,65,1,130,2,failure,0,6.6293632534374485
37,blue-collar,married,secondary,no,723,yes,no,cellular,18,nov,119,1,110,2,failure,0,6.584791392385716
37,technician,married,secondary,no,195,yes,no,cellular,18,nov,68,1,194,2,failure,0,5.278114659230517
41,technician,married,secondary,no,3275,yes,no,cellular,18,nov,121,1,168,1,other,0,8.09437844497296
42,entrepreneur,married,tertiary,no,2249,yes,no,telephone,18,nov,228,1,125,5,failure,0,7.718685495198466
53,technician,married,secondary,no,137,no,yes,cellular,18,nov,52,1,176,1,failure,0,4.927253685157205
44,technician,married,secondary,no,10888,yes,no,cellular,18,nov,67,1,105,1,failure,0,9.29550838434606
41,admin.,married,secondary,no,4320,yes,no,cellular,18,nov,164,1,166,2,failure,0,8.371242135931933
41,blue-collar,married,primary,no,1461,yes,no,cellular,18,nov,290,1,165,2,success,0,7.2875606403097235
48,management,married,secondary,no,4415,yes,no,cellular,18,nov,271,1,102,6,failure,0,8.392989587956931
58,management,married,tertiary,no,9339,yes,no,telephone,18,nov,52,3,172,3,other,0,9.142061531222888
56,technician,married,secondary,no,589,yes,no,cellular,18,nov,208,1,26,3,success,0,6.380122536899765
34,blue-collar,married,secondary,no,559,yes,no,telephone,18,nov,47,1,193,1,other,0,6.327936783729195
39,admin.,single,tertiary,no,283,yes,no,cellular,18,nov,346,1,179,3,other,0,5.648974238161206
36,technician,married,secondary,no,154,yes,no,cellular,18,nov,231,1,96,2,other,0,5.043425116919247
47,management,divorced,tertiary,no,428,yes,no,cellular,18,nov,116,1,167,1,other,0,6.061456918928017
42,admin.,single,secondary,no,-247,yes,yes,cellular,18,nov,104,2,28,2,success,0,0.0
37,technician,married,secondary,no,0,yes,no,cellular,18,nov,173,1,179,6,failure,0,0.0
35,management,single,secondary,no,5260,yes,no,cellular,18,nov,59,1,182,2,failure,0,8.568076401730806
33,technician,single,secondary,no,1769,yes,no,cellular,18,nov,273,1,182,1,failure,0,7.478734825567875
46,management,married,tertiary,no,4301,yes,yes,cellular,18,nov,50,1,183,2,failure,0,8.366835309827675
46,technician,married,secondary,no,68,yes,yes,cellular,18,nov,111,2,155,3,failure,0,4.23410650459726
36,admin.,divorced,secondary,no,454,yes,no,cellular,18,nov,165,1,131,1,failure,0,6.12029741895095
32,blue-collar,single,secondary,no,53,yes,no,cellular,18,nov,276,1,195,1,failure,0,3.9889840465642745
38,management,single,tertiary,no,1515,yes,no,cellular,18,nov,134,1,110,5,failure,0,7.323830566202317
37,housemaid,single,tertiary,no,561,no,no,cellular,18,nov,188,1,165,2,failure,0,6.331501849893691
59,entrepreneur,married,secondary,no,2429,no,yes,cellular,18,nov,79,2,182,7,failure,0,7.795646536334594
40,services,divorced,secondary,no,1155,no,yes,cellular,18,nov,175,1,138,1,failure,0,7.052721049232323
59,blue-collar,married,primary,no,14,yes,yes,cellular,18,nov,319,2,182,1,failure,0,2.70805020110221
36,management,single,tertiary,no,0,no,yes,cellular,18,nov,300,1,96,4,failure,0,0.0
51,blue-collar,married,primary,no,1194,yes,no,cellular,18,nov,714,1,186,3,failure,0,7.085901464365611
45,blue-collar,single,secondary,no,91,no,yes,cellular,18,nov,149,1,127,2,failure,0,4.5217885770490405
38,management,single,tertiary,no,427,yes,no,cellular,18,nov,253,1,182,1,failure,0,6.059123195581797
42,blue-collar,married,secondary,no,1958,yes,no,cellular,18,nov,129,1,172,3,failure,0,7.580189417944541
30,technician,single,tertiary,no,3,yes,no,cellular,18,nov,54,1,195,1,failure,0,1.3862943611198906
51,self-employed,married,tertiary,no,146,no,no,cellular,18,nov,150,2,126,3,failure,0,4.990432586778736
37,management,married,tertiary,no,3770,yes,no,cellular,18,nov,106,1,110,4,failure,0,8.235095497258357
41,services,married,secondary,no,446,yes,no,cellular,18,nov,296,1,186,1,success,0,6.102558594613569
33,admin.,divorced,secondary,no,661,yes,no,cellular,18,nov,411,1,173,2,other,0,6.495265555937008
30,technician,single,secondary,no,4787,yes,no,cellular,18,nov,266,1,167,2,failure,0,8.473868066677865
36,technician,married,secondary,no,1345,yes,no,cellular,18,nov,82,1,172,3,failure,0,7.204892510204673
58,management,married,tertiary,no,0,yes,no,cellular,18,nov,265,1,188,1,failure,0,0.0
42,blue-collar,married,primary,no,2273,yes,no,cellular,18,nov,253,1,112,2,failure,0,7.729295674310482
41,blue-collar,married,secondary,no,1100,yes,no,cellular,18,nov,397,1,173,2,failure,0,7.00397413672268
43,technician,married,secondary,no,764,yes,no,cellular,18,nov,164,5,127,5,failure,0,6.639875833826536
34,management,single,tertiary,no,1494,yes,no,cellular,18,nov,596,1,182,1,other,1,7.3098814858247865
48,services,married,secondary,no,2877,yes,no,cellular,18,nov,77,1,168,1,failure,0,7.964850887447313
30,technician,single,secondary,yes,-305,no,yes,cellular,18,nov,37,1,96,6,failure,0,0.0
31,technician,married,tertiary,no,26,no,yes,cellular,18,nov,419,1,127,6,other,1,3.295836866004329
43,technician,single,secondary,yes,685,yes,no,cellular,18,nov,78,1,110,2,failure,0,6.530877627725885
34,admin.,single,secondary,no,10,no,yes,cellular,18,nov,162,1,173,3,failure,0,2.3978952727983707
35,management,married,tertiary,no,1041,no,no,cellular,18,nov,586,1,120,3,other,0,6.948897222313312
36,admin.,single,secondary,no,1927,yes,no,cellular,18,nov,288,1,137,1,other,0,7.564238475170491
44,management,married,primary,no,1880,yes,no,cellular,18,nov,34,1,124,6,failure,0,7.53955882930103
45,technician,divorced,secondary,no,5862,yes,no,cellular,18,nov,352,1,110,3,other,0,8.676416696964216
36,management,married,tertiary,no,0,yes,no,cellular,18,nov,103,1,175,2,failure,0,0.0
33,blue-collar,married,secondary,no,596,yes,no,cellular,18,nov,77,1,127,3,failure,0,6.391917113392602
47,admin.,married,secondary,no,829,yes,yes,cellular,18,nov,48,1,188,1,failure,0,6.721425700790643
47,blue-collar,married,secondary,no,3237,yes,no,cellular,18,nov,38,1,187,3,failure,0,8.08271113423758
35,technician,married,secondary,no,222,yes,no,cellular,18,nov,233,1,190,6,failure,0,5.407171771460119
39,admin.,married,secondary,no,3732,yes,no,cellular,18,nov,515,1,181,2,failure,0,8.224967478914584
39,self-employed,married,tertiary,no,585,yes,no,cellular,18,nov,48,1,181,3,failure,0,6.373319789577012
31,services,single,secondary,no,2038,yes,no,cellular,18,nov,239,1,182,1,failure,0,7.620214770574455
37,unemployed,single,tertiary,no,1316,yes,no,cellular,18,nov,389,1,172,2,failure,0,7.183111701743281
50,technician,married,secondary,no,-353,yes,yes,cellular,18,nov,162,1,175,2,failure,0,0.0
39,management,divorced,tertiary,no,5009,yes,no,cellular,18,nov,255,1,126,2,failure,0,8.51919119407891
56,admin.,divorced,secondary,no,0,no,no,cellular,18,nov,100,1,154,2,failure,0,0.0
30,admin.,divorced,secondary,no,83,yes,yes,cellular,18,nov,118,2,196,1,failure,0,4.430816798843313
45,blue-collar,married,primary,no,147,yes,no,cellular,18,nov,226,1,168,2,failure,0,4.997212273764115
33,blue-collar,married,secondary,no,157,yes,no,cellular,18,nov,110,1,182,1,failure,0,5.062595033026967
45,technician,married,secondary,no,3395,yes,no,cellular,18,nov,92,1,188,1,failure,0,8.130353547431238
39,housemaid,married,primary,no,694,yes,yes,cellular,18,nov,91,1,168,2,other,0,6.543911845564792
37,blue-collar,single,secondary,no,690,yes,no,cellular,18,nov,105,1,179,2,failure,0,6.53813982376767
37,services,single,secondary,no,54,yes,no,cellular,18,nov,328,2,131,1,failure,0,4.007333185232471
33,technician,single,tertiary,no,179,yes,no,cellular,18,nov,432,2,181,4,other,0,5.19295685089021
40,services,single,secondary,no,326,yes,no,cellular,18,nov,124,1,175,1,failure,0,5.7899601708972535
45,technician,married,secondary,no,1441,yes,no,cellular,18,nov,93,1,113,2,other,0,7.273786317844895
39,technician,married,secondary,no,484,no,yes,cellular,18,nov,61,1,113,3,other,0,6.184148890937483
38,blue-collar,married,secondary,no,-288,yes,yes,cellular,18,nov,68,1,165,2,failure,0,0.0
41,technician,married,secondary,no,2123,no,no,cellular,18,nov,232,1,102,2,failure,0,7.66105638236183
44,technician,married,secondary,no,1901,no,no,cellular,18,nov,143,3,104,2,failure,0,7.550661243105336
41,blue-collar,married,secondary,no,1954,no,no,cellular,18,nov,65,1,110,2,success,0,7.578145472419466
45,management,single,tertiary,no,16,no,no,cellular,18,nov,100,1,110,2,failure,0,2.833213344056216
34,management,divorced,tertiary,no,5754,yes,no,cellular,18,nov,32,1,181,1,failure,0,8.657824321155983
52,admin.,divorced,secondary,no,2717,no,no,telephone,18,nov,114,1,162,2,failure,0,7.907651594711089
43,entrepreneur,single,primary,no,103,yes,no,cellular,18,nov,53,1,183,5,failure,0,4.6443908991413725
37,management,married,primary,no,5427,no,no,cellular,18,nov,201,1,159,1,failure,0,8.59932602095476
37,management,single,tertiary,no,1743,yes,no,cellular,18,nov,192,1,113,2,failure,0,7.463936604468925
48,blue-collar,married,primary,no,1092,no,yes,cellular,18,nov,79,1,172,8,failure,0,6.996681488176539
35,management,married,tertiary,no,4943,yes,no,cellular,18,nov,295,1,124,2,failure,0,8.505929999137527
42,management,married,tertiary,no,2110,no,yes,cellular,18,nov,67,1,110,2,failure,0,7.65491704784832
34,management,married,tertiary,no,63,no,no,cellular,18,nov,83,1,102,2,failure,0,4.1588830833596715
32,blue-collar,single,secondary,no,118,yes,no,cellular,18,nov,216,1,124,1,success,0,4.77912349311153
50,self-employed,single,tertiary,no,21,yes,no,cellular,18,nov,157,1,188,1,failure,0,3.091042453358316
30,management,married,tertiary,no,900,no,no,cellular,18,nov,123,1,124,2,failure,0,6.803505257608338
32,admin.,married,secondary,no,1785,yes,no,cellular,18,nov,51,2,154,6,other,0,7.487733761436444
55,services,married,secondary,no,3546,yes,yes,cellular,18,nov,588,1,110,2,failure,0,8.173857454773621
32,management,married,tertiary,no,1667,yes,no,cellular,18,nov,164,2,179,3,failure,0,7.419380582918692
32,services,single,secondary,no,2251,yes,yes,cellular,18,nov,131,1,124,1,failure,0,7.719573989259581
31,admin.,single,secondary,no,2076,no,yes,cellular,18,nov,178,1,127,7,other,0,7.638679823876112
46,blue-collar,single,primary,no,3046,yes,yes,cellular,18,nov,84,1,183,1,other,0,8.021912778985708
44,technician,married,secondary,no,533,yes,no,cellular,18,nov,127,1,110,2,failure,0,6.280395838960195
36,blue-collar,married,secondary,no,2894,yes,no,cellular,18,nov,91,1,124,1,failure,0,7.970740390007095
34,management,married,tertiary,no,11,yes,no,cellular,18,nov,123,1,124,1,failure,0,2.4849066497880004
32,management,married,tertiary,no,3107,yes,yes,cellular,18,nov,165,2,116,1,failure,0,8.041734711487537
48,blue-collar,married,secondary,no,3008,yes,yes,cellular,18,nov,163,1,187,3,failure,0,8.009363076630045
48,management,single,tertiary,no,648,yes,no,cellular,18,nov,290,1,110,2,failure,0,6.47543271670409
39,services,married,secondary,no,173,yes,no,cellular,18,nov,96,2,182,2,failure,0,5.159055299214529
47,admin.,single,secondary,no,19,yes,yes,cellular,18,nov,90,2,123,1,failure,0,2.995732273553991
52,blue-collar,married,tertiary,no,297,yes,no,cellular,18,nov,62,2,195,1,failure,0,5.697093486505405
59,technician,divorced,secondary,no,797,yes,no,cellular,18,nov,319,2,165,2,failure,0,6.682108597449809
36,services,single,secondary,no,1482,yes,no,cellular,18,nov,177,2,174,1,other,0,7.301822342137932
38,entrepreneur,married,tertiary,no,678,no,yes,cellular,18,nov,82,2,152,1,failure,0,6.520621127558696
54,blue-collar,married,secondary,no,506,yes,no,cellular,18,nov,172,2,104,2,failure,0,6.2285110035911835
51,management,married,tertiary,no,-516,yes,no,cellular,18,nov,120,2,187,2,failure,0,0.0
44,management,single,tertiary,no,1356,no,yes,cellular,18,nov,264,2,134,2,other,0,7.213031659834869
47,blue-collar,married,primary,no,1533,no,yes,cellular,18,nov,273,2,96,4,failure,0,7.335633981927201
34,blue-collar,married,primary,no,500,yes,no,cellular,18,nov,240,2,182,1,failure,0,6.2166061010848646
54,admin.,married,secondary,no,3729,no,yes,cellular,18,nov,597,2,116,1,other,0,8.224163512637862
30,blue-collar,married,secondary,no,246,yes,no,cellular,18,nov,166,2,113,5,failure,0,5.5093883366279774
43,management,single,tertiary,no,-56,yes,no,cellular,18,nov,146,2,151,14,failure,0,0.0
52,services,married,secondary,no,2257,yes,no,telephone,18,nov,102,2,188,1,failure,0,7.722234744709607
36,blue-collar,married,secondary,no,402,no,yes,cellular,18,nov,86,2,154,1,failure,0,5.998936561946683
39,management,married,secondary,no,517,yes,no,cellular,18,nov,387,3,196,2,failure,0,6.249975242259483
32,management,single,tertiary,no,0,yes,no,cellular,18,nov,244,2,168,1,other,0,0.0
46,management,married,tertiary,no,0,no,no,cellular,18,nov,716,2,110,3,other,1,0.0
45,management,single,tertiary,no,5694,yes,no,cellular,18,nov,145,2,193,2,failure,0,8.647343875881283
54,self-employed,married,tertiary,no,368,no,no,cellular,18,nov,74,2,110,4,failure,0,5.910796644040527
41,entrepreneur,married,secondary,no,-1882,yes,no,cellular,18,nov,17,5,151,2,other,0,0.0
36,entrepreneur,single,secondary,no,296,no,no,cellular,18,nov,67,2,111,2,failure,0,5.6937321388027
38,technician,married,secondary,no,508,yes,no,cellular,18,nov,722,3,175,2,failure,0,6.2324480165505225
36,technician,single,primary,no,2169,yes,no,cellular,18,nov,133,2,110,3,other,0,7.682482446534506
44,technician,married,secondary,no,2626,yes,no,cellular,18,nov,170,2,188,3,failure,0,7.87359778968554
59,entrepreneur,married,primary,no,124,yes,no,cellular,18,nov,531,3,134,7,failure,0,4.8283137373023015
36,management,married,tertiary,no,521,no,yes,cellular,18,nov,135,2,152,1,other,0,6.257667587882639
40,admin.,single,secondary,no,2854,yes,no,cellular,18,nov,354,2,169,1,failure,0,7.956827122090111
30,services,divorced,secondary,no,0,yes,yes,cellular,18,nov,174,2,111,3,failure,0,0.0
34,blue-collar,married,secondary,no,932,no,yes,cellular,18,nov,148,2,132,1,other,0,6.838405200847344
42,management,single,tertiary,no,1113,yes,yes,cellular,18,nov,89,2,162,12,failure,0,7.01571242048723
33,management,married,tertiary,no,1522,yes,no,cellular,18,nov,171,2,179,3,failure,0,7.328437352895162
44,services,married,secondary,no,-236,yes,no,cellular,18,nov,218,2,113,7,success,0,0.0
36,self-employed,single,tertiary,no,3560,no,no,cellular,18,nov,658,3,169,2,failure,0,8.177796683277778
42,blue-collar,divorced,secondary,no,898,yes,no,cellular,18,nov,136,2,131,1,failure,0,6.80128303447162
36,technician,divorced,secondary,no,556,yes,no,cellular,18,nov,154,3,189,1,failure,0,6.322565239927284
53,self-employed,married,secondary,no,1066,yes,no,cellular,18,nov,110,1,186,3,failure,0,6.9726062513017535
38,technician,married,secondary,no,728,yes,no,cellular,18,nov,286,1,181,2,other,0,6.591673732008658
52,self-employed,married,tertiary,no,5350,yes,yes,cellular,18,nov,68,2,110,4,success,0,8.585038738311304
40,technician,married,secondary,no,7313,yes,no,cellular,18,nov,241,2,182,1,failure,0,8.897545598709327
30,technician,single,tertiary,no,0,yes,no,cellular,18,nov,342,2,174,1,failure,0,0.0
45,services,married,secondary,no,1550,yes,no,cellular,18,nov,143,2,166,6,failure,0,7.346655163176539
38,services,married,secondary,no,4392,no,no,cellular,18,nov,23,2,110,2,failure,0,8.38776764397578
47,admin.,divorced,primary,no,1095,yes,no,cellular,18,nov,171,1,110,2,other,0,6.999422467507961
33,blue-collar,married,secondary,no,328,yes,no,cellular,18,nov,160,2,182,1,failure,0,5.796057750765372
41,housemaid,divorced,primary,no,22,yes,no,cellular,18,nov,238,3,126,4,other,0,3.1354942159291497
51,management,married,tertiary,no,1612,yes,no,cellular,18,nov,61,2,131,1,failure,0,7.385851078125209
33,technician,married,tertiary,no,17455,yes,yes,cellular,18,nov,168,3,179,4,failure,0,9.767438708072852
32,blue-collar,married,secondary,no,491,yes,no,cellular,18,nov,131,3,194,2,failure,0,6.198478716492308
47,technician,married,secondary,no,826,yes,no,telephone,18,nov,195,3,112,8,other,0,6.717804695023691
32,services,married,secondary,no,3839,yes,no,cellular,18,nov,100,2,189,1,failure,0,8.253227645581772
51,management,divorced,tertiary,no,1937,yes,no,cellular,18,nov,185,4,152,11,other,0,7.569411792450712
40,management,single,secondary,no,9916,no,no,cellular,18,nov,411,3,8,1,failure,0,9.202005735186125
56,retired,married,secondary,no,728,no,no,cellular,18,nov,163,2,110,15,failure,0,6.591673732008658
32,management,married,secondary,no,6217,yes,yes,cellular,18,nov,486,2,181,2,failure,0,8.735203590618699
41,admin.,married,secondary,no,1327,yes,yes,cellular,18,nov,425,2,176,2,failure,0,7.191429330036379
36,technician,married,secondary,no,-179,yes,no,cellular,18,nov,476,2,124,1,failure,0,0.0
46,blue-collar,married,secondary,no,942,no,no,cellular,18,nov,240,3,119,2,failure,0,6.849066282633458
34,blue-collar,married,secondary,no,3990,yes,no,cellular,18,nov,591,2,117,7,failure,0,8.291797105048733
34,technician,single,tertiary,no,2047,yes,no,cellular,18,nov,72,2,113,5,failure,0,7.6246189861593985
44,blue-collar,divorced,secondary,no,-184,yes,no,cellular,18,nov,825,2,154,3,other,0,0.0
30,management,married,tertiary,no,1185,yes,no,cellular,18,nov,342,2,120,4,failure,0,7.078341579557671
30,admin.,single,secondary,no,2802,no,yes,telephone,18,nov,285,2,137,2,failure,0,7.938445551164788
43,services,married,secondary,no,508,yes,no,cellular,18,nov,200,1,172,1,failure,0,6.2324480165505225
51,management,single,tertiary,no,6030,yes,no,cellular,18,nov,157,2,110,3,failure,0,8.704668113450987
45,technician,divorced,secondary,no,-14,no,no,cellular,18,nov,39,2,127,3,failure,0,0.0
46,management,divorced,tertiary,no,6269,yes,no,telephone,18,nov,249,3,112,2,failure,0,8.743531633626967
30,blue-collar,married,secondary,no,1131,yes,yes,cellular,18,nov,189,1,144,5,failure,0,7.0317412587631285
40,admin.,divorced,secondary,no,399,yes,yes,cellular,18,nov,166,3,96,2,failure,0,5.991464547107982
46,services,divorced,secondary,no,864,yes,no,cellular,18,nov,105,5,188,2,failure,0,6.762729506931879
49,self-employed,married,tertiary,no,202,yes,no,cellular,18,nov,139,1,166,3,other,0,5.313205979041787
31,management,single,tertiary,no,3142,yes,no,cellular,18,nov,235,1,123,1,failure,0,8.052933036797567
53,retired,married,secondary,no,1139,yes,no,cellular,18,nov,180,1,186,6,failure,0,7.038783541388542
48,blue-collar,married,primary,no,214,yes,yes,cellular,18,nov,246,1,162,1,failure,0,5.3706380281276624
34,blue-collar,married,secondary,no,1412,yes,yes,cellular,18,nov,149,1,175,2,failure,0,7.253470382684528
35,technician,married,secondary,no,2019,yes,yes,cellular,18,nov,83,2,144,1,failure,0,7.61085279039525
52,management,married,tertiary,no,1295,yes,no,cellular,18,nov,121,1,123,1,other,0,7.16703787691222
31,management,married,tertiary,no,1164,yes,yes,cellular,18,nov,141,2,123,3,failure,0,7.060476365999801
36,management,married,tertiary,no,369,no,no,cellular,18,nov,193,4,102,2,failure,0,5.91350300563827
45,blue-collar,married,secondary,no,17,yes,no,cellular,18,nov,66,1,152,14,failure,0,2.8903717578961645
31,admin.,married,secondary,no,355,yes,no,cellular,18,nov,530,1,193,1,failure,0,5.87493073085203
35,services,married,secondary,no,66,yes,no,cellular,18,nov,110,1,123,1,other,0,4.204692619390966
51,self-employed,married,primary,no,106,yes,no,telephone,18,nov,366,3,110,2,failure,0,4.672828834461906
56,retired,married,tertiary,no,839,no,yes,cellular,18,nov,630,1,187,2,other,0,6.733401891837359
43,management,married,secondary,no,481,yes,no,telephone,18,nov,164,1,110,2,other,0,6.1779441140506
30,technician,married,secondary,no,-306,yes,yes,cellular,18,nov,372,1,186,1,failure,0,0.0
44,services,married,secondary,no,1106,yes,no,telephone,19,nov,178,5,119,11,failure,0,7.009408932708637
41,entrepreneur,married,tertiary,no,171,yes,no,cellular,19,nov,209,1,191,4,failure,0,5.147494476813453
58,self-employed,married,tertiary,no,8014,yes,no,cellular,19,nov,697,2,184,3,failure,0,8.989070065043654
55,blue-collar,divorced,secondary,no,4053,no,no,cellular,19,nov,113,1,166,2,failure,0,8.307459327011946
32,admin.,single,tertiary,no,1583,yes,no,cellular,19,nov,100,1,182,1,failure,0,7.367708572374371
42,services,married,tertiary,no,412,yes,no,telephone,19,nov,142,4,169,5,failure,0,6.023447592961033
30,management,married,tertiary,no,314,no,no,cellular,19,nov,364,2,175,2,success,0,5.752572638825633
37,technician,married,secondary,no,7957,no,no,cellular,19,nov,706,1,111,2,failure,0,8.981932990986873
39,management,single,secondary,no,4278,yes,no,cellular,19,nov,43,1,111,2,other,0,8.361474616416817
32,services,divorced,secondary,no,1156,yes,no,cellular,19,nov,81,1,182,1,failure,0,7.053585727193677
39,management,single,tertiary,no,1682,yes,no,cellular,19,nov,147,1,170,1,failure,0,7.428333194190806
31,management,single,tertiary,no,3625,yes,no,cellular,19,nov,112,1,180,2,failure,0,8.195885391314796
32,blue-collar,single,secondary,no,1721,yes,no,cellular,19,nov,184,2,182,2,failure,0,7.451241684987676
45,management,married,secondary,no,38,yes,no,cellular,19,nov,159,1,188,2,failure,0,3.6635616461296463
33,management,single,tertiary,no,541,yes,yes,cellular,19,nov,140,1,182,1,failure,0,6.295266001439646
30,management,single,tertiary,no,54,yes,yes,cellular,19,nov,192,1,177,3,failure,0,4.007333185232471
31,management,married,tertiary,no,4924,yes,no,cellular,19,nov,316,1,182,2,failure,0,8.502079553606189
54,management,married,tertiary,no,6525,yes,no,cellular,19,nov,133,1,170,3,failure,0,8.783549477153265
33,management,married,tertiary,no,3696,no,no,cellular,19,nov,305,1,182,3,failure,0,8.215276958936633
48,unemployed,married,secondary,no,1811,yes,no,telephone,19,nov,137,4,111,3,failure,0,7.502186486602924
33,management,married,tertiary,no,0,yes,no,cellular,19,nov,295,1,170,1,failure,0,0.0
31,blue-collar,single,secondary,no,-366,yes,no,cellular,19,nov,313,1,180,1,other,0,0.0
32,blue-collar,married,secondary,no,2089,yes,no,cellular,19,nov,192,1,5,1,success,0,7.644919344958857
40,management,married,tertiary,no,12409,yes,no,cellular,19,nov,140,1,99,2,failure,0,9.426257878198653
52,retired,married,secondary,no,424,no,no,cellular,19,nov,143,1,154,3,failure,0,6.052089168924417
31,technician,single,secondary,no,1186,yes,no,cellular,19,nov,174,1,180,1,failure,0,7.079184394609668
35,management,married,tertiary,no,2801,yes,no,cellular,19,nov,70,2,111,2,failure,0,7.938088726896952
32,management,single,tertiary,no,2667,yes,no,cellular,19,nov,197,1,99,2,success,0,7.889084407035514
30,admin.,single,secondary,no,382,yes,no,cellular,19,nov,369,1,191,1,failure,0,5.948034989180646
31,blue-collar,married,primary,no,4728,yes,no,cellular,19,nov,114,1,183,3,other,0,8.461469042643875
32,entrepreneur,married,tertiary,no,964,yes,no,cellular,19,nov,130,1,120,2,failure,0,6.872128101338986
36,self-employed,married,secondary,no,189,yes,no,cellular,19,nov,136,1,120,1,failure,0,5.247024072160486
40,services,married,secondary,no,961,no,yes,cellular,19,nov,589,1,133,4,other,0,6.8690144506657065
52,self-employed,married,secondary,no,-201,no,yes,cellular,19,nov,905,1,133,2,failure,0,0.0
45,management,divorced,secondary,no,644,yes,no,cellular,19,nov,418,1,168,1,success,1,6.4692503167957724
37,services,single,secondary,no,50,no,no,cellular,19,nov,244,1,154,8,other,0,3.9318256327243257
36,admin.,single,tertiary,no,649,no,no,cellular,19,nov,224,1,111,1,other,0,6.476972362889683
43,management,married,tertiary,no,13044,no,no,cellular,19,nov,215,1,93,4,failure,0,9.47616019757083
35,management,divorced,tertiary,no,771,yes,yes,cellular,19,nov,110,1,93,5,failure,0,6.648984550024776
30,management,married,tertiary,no,86,yes,yes,cellular,19,nov,155,1,97,2,other,0,4.465908118654584
39,technician,married,secondary,no,3494,yes,no,cellular,19,nov,139,1,92,4,failure,0,8.15908865466791
37,self-employed,married,tertiary,no,804,yes,no,cellular,19,nov,94,1,170,1,other,0,6.690842277418564
49,management,married,tertiary,no,6613,no,no,cellular,19,nov,106,1,155,3,failure,0,8.796943893541737
30,blue-collar,divorced,secondary,no,4591,yes,no,cellular,19,nov,89,1,175,1,other,0,8.432070937999402
34,blue-collar,married,secondary,no,360,yes,no,telephone,19,nov,46,1,182,2,failure,0,5.8888779583328805
33,technician,married,secondary,no,1234,no,no,cellular,19,nov,109,1,10,1,failure,0,7.118826249062078
45,technician,divorced,secondary,no,1309,yes,no,cellular,19,nov,298,1,170,2,failure,0,7.177782416195197
30,management,single,tertiary,no,234,yes,no,cellular,19,nov,206,1,169,2,failure,0,5.459585514144159
32,unemployed,single,tertiary,no,1611,yes,no,cellular,19,nov,175,1,180,2,failure,0,7.385230923066573
31,blue-collar,married,secondary,no,1570,yes,yes,cellular,19,nov,133,2,180,1,other,0,7.359467638255621
40,self-employed,married,tertiary,no,2977,yes,no,cellular,19,nov,375,1,125,1,failure,0,7.999007213243955
46,blue-collar,married,secondary,no,15,yes,yes,cellular,19,nov,46,2,91,3,failure,0,2.772588722239781
30,blue-collar,single,secondary,yes,447,no,no,cellular,19,nov,426,2,189,6,failure,0,6.104793232414985
34,blue-collar,married,primary,no,2490,yes,no,cellular,19,nov,185,2,180,1,failure,0,7.820439515262181
46,self-employed,married,tertiary,no,2421,no,no,cellular,19,nov,1084,1,100,4,failure,1,7.792348924113037
40,blue-collar,married,primary,no,4608,yes,no,telephone,19,nov,111,2,156,1,failure,0,8.435766192720509
53,retired,married,tertiary,no,1452,no,yes,cellular,19,nov,442,2,113,3,failure,0,7.2813856635702825
46,technician,divorced,secondary,no,-26,yes,yes,cellular,19,nov,201,1,113,2,other,0,0.0
38,technician,married,secondary,no,4030,yes,no,cellular,19,nov,75,2,177,5,failure,0,8.301769763117166
43,management,married,tertiary,no,1429,yes,no,cellular,19,nov,1015,1,198,2,other,1,7.265429723253953
32,technician,divorced,secondary,no,18,no,no,telephone,19,nov,20,1,177,1,failure,0,2.9444389791664403
40,student,married,secondary,no,260,no,no,cellular,19,nov,52,1,152,6,failure,0,5.564520407322694
35,self-employed,single,tertiary,no,538,yes,yes,cellular,19,nov,308,1,195,9,failure,0,6.289715570908998
32,technician,married,secondary,no,524,no,no,cellular,19,nov,100,1,106,1,failure,0,6.263398262591624
33,self-employed,married,tertiary,no,-103,yes,no,cellular,19,nov,149,2,175,1,failure,0,0.0
33,management,single,tertiary,no,201,yes,no,cellular,19,nov,171,1,183,1,failure,0,5.308267697401205
39,housemaid,married,secondary,no,1444,no,no,cellular,19,nov,100,1,117,8,success,0,7.275864600546533
46,blue-collar,married,secondary,no,9347,yes,no,cellular,19,nov,138,1,117,1,other,0,9.142917695658749
44,services,married,primary,no,1161,yes,no,cellular,19,nov,402,1,184,5,failure,0,7.057897937411856
59,housemaid,married,primary,no,935,yes,no,cellular,19,nov,103,3,166,2,failure,0,6.841615476477592
45,management,single,secondary,no,142,no,yes,cellular,19,nov,258,1,105,4,failure,0,4.962844630259907
37,blue-collar,married,secondary,no,1165,yes,no,cellular,19,nov,62,3,190,4,success,0,7.061334366910438
58,blue-collar,divorced,primary,no,8218,yes,no,cellular,19,nov,141,2,111,10,failure,0,9.0142038261485
33,technician,single,tertiary,no,149,yes,no,cellular,19,nov,424,2,182,1,other,1,5.0106352940962555
42,self-employed,married,secondary,no,3211,no,no,cellular,19,nov,87,2,111,1,failure,0,8.074649075066652
50,technician,married,secondary,no,3149,yes,no,cellular,19,nov,69,1,190,1,other,0,8.055157731819678
41,housemaid,single,secondary,no,2184,no,no,cellular,19,nov,98,1,153,2,failure,0,7.68937110752969
40,unemployed,married,secondary,no,0,yes,no,cellular,19,nov,332,1,183,1,failure,0,0.0
43,technician,divorced,secondary,no,6835,no,no,cellular,19,nov,187,1,152,2,failure,0,8.829958044235482
44,technician,single,secondary,no,1195,yes,no,cellular,19,nov,187,6,188,9,failure,0,7.086737934510577
58,blue-collar,married,primary,no,630,yes,no,cellular,19,nov,59,1,174,1,failure,0,6.447305862541213
43,management,married,tertiary,no,1993,no,no,cellular,19,nov,37,1,174,1,failure,0,7.597897950521784
58,blue-collar,married,secondary,no,590,no,yes,cellular,19,nov,136,1,167,1,failure,0,6.3818160174060985
39,management,married,secondary,no,6012,no,no,telephone,19,nov,140,1,119,2,failure,0,8.70167907103957
51,blue-collar,married,primary,no,863,no,no,cellular,19,nov,169,1,189,2,other,0,6.761572768804055
52,blue-collar,married,secondary,no,7225,no,no,cellular,19,nov,205,2,113,2,failure,0,8.885440911707585
54,self-employed,divorced,tertiary,no,1323,no,no,cellular,19,nov,83,1,152,4,failure,0,7.188412736496954
41,blue-collar,married,secondary,no,1011,yes,no,cellular,19,nov,113,1,174,4,other,0,6.919683849847411
53,technician,married,secondary,no,2818,yes,no,cellular,19,nov,131,1,126,7,failure,0,7.9441374911141125
50,blue-collar,divorced,secondary,no,203,yes,no,telephone,19,nov,265,1,127,4,other,0,5.318119993844216
48,blue-collar,married,secondary,no,-202,yes,yes,cellular,19,nov,565,1,112,4,failure,0,0.0
59,retired,married,secondary,no,32948,no,no,cellular,19,nov,243,1,174,2,failure,0,10.402716190456456
33,entrepreneur,married,secondary,no,2,yes,yes,cellular,19,nov,17,5,198,1,failure,0,1.0986122886681098
44,services,divorced,tertiary,no,2279,no,yes,cellular,19,nov,105,1,146,1,failure,0,7.731930721948486
52,blue-collar,divorced,primary,no,3990,no,no,cellular,19,nov,1548,1,153,1,other,0,8.291797105048733
47,admin.,divorced,secondary,no,1939,yes,no,cellular,19,nov,150,1,174,1,failure,0,7.570443252057374
39,management,married,secondary,no,763,no,no,cellular,19,nov,360,1,153,2,other,0,6.638567789166521
32,technician,married,tertiary,no,432,yes,no,cellular,19,nov,164,2,195,1,other,0,6.07073772800249
45,blue-collar,married,secondary,no,2926,yes,yes,cellular,19,nov,482,3,120,2,failure,0,7.9817332866918855
42,management,married,tertiary,no,783,yes,no,cellular,19,nov,77,2,128,3,failure,0,6.664409020350408
30,blue-collar,married,primary,no,1101,yes,yes,cellular,19,nov,779,2,175,1,failure,0,7.004881989712859
59,retired,married,secondary,no,2291,no,yes,cellular,19,nov,190,1,128,3,failure,0,7.73718007783463
46,entrepreneur,married,primary,no,8873,yes,no,cellular,19,nov,172,1,118,2,failure,0,9.090880931938855
40,technician,married,secondary,no,657,yes,no,cellular,19,nov,178,1,112,2,failure,0,6.489204931325317
37,blue-collar,married,primary,no,253,yes,no,cellular,19,nov,59,2,153,2,failure,0,5.537334267018537
33,blue-collar,married,tertiary,no,6138,yes,no,cellular,19,nov,384,1,183,1,failure,0,8.722417141427496
55,retired,married,secondary,no,3948,no,no,cellular,19,nov,149,1,170,2,failure,0,8.28121766128665
46,unemployed,divorced,secondary,no,3354,yes,no,cellular,19,nov,522,1,174,1,success,1,8.118207049405783
45,self-employed,married,secondary,no,830,no,no,cellular,19,nov,180,1,111,2,failure,0,6.7226297948554485
33,self-employed,single,secondary,no,4,yes,no,cellular,19,nov,136,2,180,2,failure,0,1.6094379124341003
47,unemployed,married,secondary,no,351,yes,yes,cellular,19,nov,174,1,174,1,failure,0,5.863631175598097
35,blue-collar,married,secondary,no,86,no,no,cellular,19,nov,127,1,111,2,failure,0,4.465908118654584
40,blue-collar,married,secondary,no,4853,no,no,cellular,19,nov,259,1,111,2,failure,0,8.487558386286548
38,technician,single,secondary,no,884,yes,yes,cellular,19,nov,295,1,111,2,failure,0,6.785587645007929
59,retired,married,primary,no,741,no,no,cellular,19,nov,194,2,152,2,failure,0,6.60934924316738
34,housemaid,married,tertiary,no,4958,yes,no,cellular,19,nov,175,1,183,1,failure,0,8.508959386489133
46,entrepreneur,single,tertiary,no,1410,yes,no,cellular,19,nov,93,1,189,8,failure,0,7.252053951852814
36,self-employed,married,tertiary,no,16430,yes,no,cellular,19,nov,234,1,166,3,failure,0,9.706925073451831
38,blue-collar,married,primary,no,190,yes,no,telephone,19,nov,623,1,175,1,other,1,5.25227342804663
52,self-employed,divorced,secondary,no,1291,yes,no,cellular,19,nov,559,1,169,2,failure,0,7.163946684342547
30,entrepreneur,married,secondary,no,946,yes,no,cellular,19,nov,1065,1,183,1,other,0,6.853299093186078
57,blue-collar,married,secondary,no,5935,yes,yes,cellular,19,nov,90,2,198,1,failure,0,8.688790784847216
35,admin.,married,secondary,no,3187,yes,no,cellular,19,nov,171,2,183,1,failure,0,8.067149039910106
59,management,married,primary,no,2769,yes,no,cellular,19,nov,104,1,131,2,failure,0,7.926602599181384
33,blue-collar,married,primary,no,3512,yes,no,cellular,19,nov,251,1,183,2,failure,0,8.164225652265827
56,services,married,primary,no,444,yes,no,cellular,19,nov,88,1,166,1,failure,0,6.09807428216624
38,management,married,tertiary,no,5432,yes,yes,cellular,19,nov,408,1,183,1,failure,0,8.600246746551523
40,admin.,married,secondary,no,67,no,yes,cellular,19,nov,359,2,152,5,failure,0,4.219507705176107
37,blue-collar,married,primary,no,3574,yes,no,cellular,19,nov,178,1,170,2,failure,0,8.181720455128108
36,admin.,single,tertiary,no,2622,no,no,cellular,19,nov,640,1,127,5,failure,0,7.872073979866873
50,management,married,secondary,no,2910,no,no,telephone,19,nov,433,1,113,1,failure,0,7.976251943745623
38,blue-collar,married,primary,no,2240,yes,no,cellular,19,nov,551,1,183,1,failure,0,7.714677473800927
55,unemployed,married,secondary,no,4733,yes,no,cellular,19,nov,70,1,174,2,other,0,8.46252579007393
37,technician,married,secondary,no,5902,yes,no,cellular,19,nov,191,1,180,4,failure,0,8.683215975240689
34,admin.,married,tertiary,no,899,yes,no,telephone,19,nov,377,3,7,4,success,0,6.802394763324311
50,admin.,married,secondary,no,167,no,yes,cellular,19,nov,47,1,133,1,failure,0,5.123963979403259
56,admin.,divorced,secondary,no,-429,no,yes,cellular,19,nov,120,2,119,4,failure,0,0.0
43,management,married,primary,no,8167,yes,no,telephone,19,nov,202,2,184,2,failure,0,9.007979359844501
40,blue-collar,married,secondary,no,1708,yes,no,cellular,19,nov,382,2,174,1,other,0,7.443663683115591
34,management,married,tertiary,no,1006,yes,no,cellular,19,nov,783,3,195,2,other,1,6.914730892718563
37,management,single,tertiary,no,5340,yes,no,cellular,19,nov,101,2,104,4,failure,0,8.58316818033977
53,blue-collar,single,secondary,no,2430,yes,yes,cellular,19,nov,73,2,145,3,failure,0,7.796057974316123
46,technician,divorced,secondary,no,111,yes,no,cellular,19,nov,178,3,183,2,other,0,4.718498871295094
40,admin.,single,secondary,no,664,no,no,cellular,19,nov,188,2,121,2,success,0,6.499787040655854
50,management,married,tertiary,no,-470,yes,no,cellular,19,nov,130,2,160,1,failure,0,0.0
30,management,married,tertiary,no,2451,yes,no,cellular,19,nov,191,2,175,1,failure,0,7.804659297056102
58,retired,divorced,primary,no,2538,yes,no,cellular,19,nov,680,2,111,6,failure,1,7.839525581704678
54,retired,married,secondary,no,2626,no,no,cellular,19,nov,221,2,190,2,failure,0,7.87359778968554
47,blue-collar,married,secondary,no,3696,yes,no,cellular,19,nov,635,3,170,2,failure,0,8.215276958936633
39,management,married,tertiary,no,12855,yes,no,cellular,19,nov,108,4,173,1,failure,0,9.461565907417349
39,admin.,married,secondary,no,-982,yes,yes,cellular,19,nov,287,3,117,2,other,0,0.0
39,management,single,tertiary,no,633,no,no,cellular,19,nov,105,2,133,3,failure,0,6.452048954437226
39,blue-collar,married,secondary,no,747,yes,yes,cellular,19,nov,209,2,180,1,other,0,6.617402977974478
50,blue-collar,married,tertiary,no,1784,no,no,cellular,19,nov,1184,3,160,1,failure,0,7.487173694213739
39,management,divorced,tertiary,no,1315,yes,no,cellular,19,nov,1337,4,126,1,failure,0,7.182352111885263
33,management,single,tertiary,no,923,yes,no,cellular,19,nov,1307,3,173,6,failure,0,6.828712071641684
45,management,married,tertiary,no,7154,yes,no,cellular,19,nov,93,3,111,3,failure,0,8.875566691990551
59,entrepreneur,married,primary,no,0,no,no,telephone,19,nov,207,2,153,1,failure,0,0.0
53,management,married,tertiary,no,2578,no,no,cellular,19,nov,299,4,107,2,failure,0,7.8551570058813445
37,management,married,secondary,no,510,yes,no,cellular,19,nov,67,2,90,6,failure,0,6.236369590203704
54,self-employed,married,primary,no,277,yes,no,cellular,19,nov,300,5,170,3,failure,0,5.627621113690637
42,blue-collar,married,primary,no,792,yes,yes,cellular,19,nov,611,2,175,12,other,0,6.675823221634848
39,management,divorced,tertiary,no,4692,yes,no,telephone,19,nov,214,2,174,2,success,0,8.453827315794417
39,housemaid,married,secondary,no,4136,yes,no,cellular,19,nov,194,2,170,3,failure,0,8.327726166461412
31,services,married,secondary,no,395,no,no,telephone,19,nov,196,3,117,3,failure,0,5.981414211254481
33,management,married,tertiary,no,621,no,no,cellular,19,nov,1435,3,99,5,failure,0,6.432940092739179
49,blue-collar,married,secondary,no,4259,no,no,cellular,19,nov,146,3,111,7,failure,0,8.357024439263416
40,management,married,tertiary,no,3352,yes,no,cellular,19,nov,639,2,27,1,success,1,8.117610746466228
37,housemaid,divorced,secondary,no,226,no,yes,cellular,19,nov,380,2,167,3,other,0,5.424950017481403
35,management,married,tertiary,no,552,yes,yes,cellular,19,nov,314,2,124,1,failure,0,6.315358001522335
35,services,married,primary,no,31,no,yes,cellular,19,nov,131,3,133,3,failure,0,3.4657359027997265
44,blue-collar,married,secondary,no,6491,yes,no,cellular,19,nov,126,2,174,1,failure,0,8.778325928634482
46,self-employed,divorced,tertiary,no,926,yes,no,cellular,19,nov,168,2,153,1,other,0,6.831953565565855
45,entrepreneur,married,tertiary,no,3689,yes,no,cellular,19,nov,517,2,187,3,failure,0,8.213381737034572
44,blue-collar,single,primary,no,1593,yes,no,cellular,19,nov,201,2,174,3,success,0,7.374001859350161
58,blue-collar,married,secondary,no,1507,yes,yes,cellular,19,nov,255,6,189,1,other,0,7.318539548567902
37,technician,married,secondary,no,5287,yes,yes,cellular,19,nov,599,4,100,2,failure,0,8.573195381531523
53,entrepreneur,married,primary,no,1034,yes,no,cellular,19,nov,854,2,170,3,other,0,6.942156705699469
55,entrepreneur,married,tertiary,no,625,no,no,telephone,20,nov,88,2,147,4,failure,0,6.439350371100098
38,entrepreneur,married,tertiary,no,898,yes,no,cellular,20,nov,80,5,198,2,failure,0,6.80128303447162
35,management,married,tertiary,no,867,yes,no,cellular,20,nov,298,2,171,3,success,0,6.7661917146603505
31,management,married,tertiary,no,1224,yes,yes,cellular,20,nov,75,2,119,2,success,0,7.110696122978827
36,admin.,single,secondary,no,10041,yes,no,cellular,20,nov,91,2,184,1,other,0,9.21453157659465
44,technician,married,tertiary,no,0,yes,yes,cellular,20,nov,286,6,191,2,failure,0,0.0
30,technician,divorced,secondary,no,3100,yes,no,cellular,20,nov,125,1,183,4,failure,0,8.03947991910045
32,technician,married,secondary,no,344,yes,no,cellular,20,nov,179,1,197,1,failure,0,5.84354441703136
35,management,divorced,tertiary,no,146,no,no,cellular,20,nov,392,2,106,2,success,0,4.990432586778736
32,technician,married,tertiary,no,4654,yes,yes,cellular,20,nov,276,1,128,2,failure,1,8.445697189711167
34,admin.,single,secondary,no,296,no,no,cellular,20,nov,68,1,136,4,failure,0,5.6937321388027
55,self-employed,married,secondary,no,12159,yes,no,cellular,20,nov,142,2,174,2,failure,0,9.405907155520158
38,technician,single,tertiary,no,5122,yes,no,cellular,20,nov,370,1,184,1,failure,0,8.541495483939203
34,management,single,tertiary,no,673,yes,yes,cellular,20,nov,271,1,184,1,failure,0,6.513230110912307
37,blue-collar,married,primary,no,8135,yes,no,cellular,20,nov,358,1,184,1,failure,0,9.004053937728395
30,management,married,tertiary,no,196,no,no,cellular,20,nov,68,1,101,4,other,0,5.2832037287379885
41,blue-collar,married,primary,no,2562,yes,no,cellular,20,nov,157,1,189,4,failure,0,7.848933726364071
41,management,single,tertiary,no,195,no,no,cellular,20,nov,125,1,167,2,failure,0,5.278114659230517
34,entrepreneur,married,secondary,no,3119,yes,no,cellular,20,nov,505,1,183,4,failure,0,8.045588280803528
35,self-employed,single,tertiary,no,935,yes,no,cellular,20,nov,71,1,176,2,failure,0,6.841615476477592
30,management,married,secondary,no,11391,yes,no,cellular,20,nov,319,1,105,2,other,0,9.340666633651757
30,blue-collar,married,primary,no,5956,yes,yes,cellular,20,nov,405,1,139,1,failure,0,8.692322277628687
34,admin.,married,secondary,no,3185,yes,no,cellular,20,nov,93,1,191,1,failure,0,8.066521490469993
46,blue-collar,married,primary,no,2558,yes,no,telephone,20,nov,107,1,167,1,other,0,7.847371836159788
31,services,single,secondary,no,481,yes,no,cellular,20,nov,106,2,183,2,failure,0,6.1779441140506
39,blue-collar,married,secondary,no,660,yes,yes,cellular,20,nov,180,1,185,2,failure,0,6.493753839851686
52,management,married,primary,yes,57,yes,yes,cellular,20,nov,45,1,196,1,failure,0,4.060443010546419
42,blue-collar,married,secondary,no,3,yes,no,telephone,20,nov,47,1,190,1,failure,0,1.3862943611198906
40,technician,single,secondary,no,572,no,no,cellular,20,nov,67,1,91,2,failure,0,6.35088571671474
33,technician,married,secondary,no,3071,yes,yes,cellular,20,nov,46,2,122,1,failure,0,8.030084094267563
32,blue-collar,married,primary,no,187,no,no,cellular,20,nov,485,1,134,1,failure,0,5.236441962829949
33,blue-collar,married,primary,no,5151,yes,yes,cellular,20,nov,73,1,178,4,failure,0,8.54714026778419
32,blue-collar,married,primary,no,2085,yes,yes,cellular,20,nov,146,1,185,3,failure,0,7.643003635560718
39,technician,single,secondary,no,1104,no,no,cellular,20,nov,333,2,105,2,success,0,7.007600613951853
39,services,divorced,secondary,no,892,yes,no,cellular,20,nov,34,1,171,1,failure,0,6.794586580876499
45,management,married,tertiary,no,96,yes,no,cellular,20,nov,167,1,127,1,failure,0,4.574710978503383
32,management,single,tertiary,no,574,yes,no,cellular,20,nov,171,1,127,2,failure,0,6.354370040797351
50,management,married,secondary,no,0,yes,no,cellular,20,nov,152,1,190,1,failure,0,0.0
33,technician,married,tertiary,no,6843,no,no,cellular,20,nov,755,1,100,10,other,1,8.831127635012084
47,technician,married,secondary,no,1465,yes,no,cellular,20,nov,26,1,190,2,failure,0,7.290292882446597
30,services,married,secondary,no,586,yes,no,cellular,20,nov,148,6,176,4,failure,0,6.375024819828097
32,blue-collar,married,secondary,no,0,yes,no,cellular,20,nov,189,1,170,1,other,0,0.0
41,blue-collar,married,primary,no,7735,yes,no,cellular,20,nov,220,1,190,1,failure,0,8.95364003713313
37,entrepreneur,married,tertiary,no,264,yes,yes,cellular,20,nov,276,1,157,1,failure,0,5.579729825986222
30,blue-collar,married,secondary,no,501,yes,yes,cellular,20,nov,994,1,177,1,failure,1,6.218600119691729
38,self-employed,married,secondary,no,215,yes,no,cellular,20,nov,70,1,167,1,failure,0,5.375278407684165
48,services,divorced,secondary,no,4906,yes,no,cellular,20,nov,200,1,190,1,failure,0,8.498418036089904
31,services,single,secondary,no,900,yes,no,cellular,20,nov,321,2,190,4,other,0,6.803505257608338
38,blue-collar,married,primary,no,433,no,no,cellular,20,nov,81,2,136,3,failure,0,6.073044534100405
35,blue-collar,married,secondary,no,5304,yes,no,cellular,20,nov,340,1,183,2,failure,0,8.576405051048084
34,services,divorced,secondary,no,797,yes,no,cellular,20,nov,88,1,126,1,failure,0,6.682108597449809
31,technician,married,secondary,no,450,no,yes,cellular,20,nov,111,2,129,4,failure,0,6.111467339502679
39,blue-collar,single,secondary,no,519,yes,yes,cellular,20,nov,149,1,155,14,failure,0,6.253828811575473
31,entrepreneur,married,secondary,no,1539,yes,yes,cellular,20,nov,67,6,177,9,failure,0,7.3395376954076745
32,services,married,secondary,no,11512,yes,no,cellular,20,nov,301,1,183,1,failure,0,9.351232110673664
52,entrepreneur,married,tertiary,no,1115,yes,no,cellular,20,nov,69,1,164,2,failure,0,7.017506142941256
31,blue-collar,single,secondary,no,5607,no,no,cellular,20,nov,183,2,184,1,failure,0,8.631949428714426
30,services,married,primary,no,1015,yes,no,cellular,20,nov,24,1,113,8,failure,0,6.923628628138427
50,self-employed,married,secondary,no,1878,yes,yes,cellular,20,nov,45,2,181,11,failure,0,7.538494999413465
41,blue-collar,single,secondary,no,98,no,yes,cellular,20,nov,180,1,122,6,failure,0,4.59511985013459
46,technician,married,tertiary,no,0,no,no,cellular,20,nov,531,1,167,1,failure,1,0.0
37,admin.,single,secondary,no,862,no,no,cellular,20,nov,85,1,122,2,failure,0,6.760414691083428
39,blue-collar,divorced,primary,no,1317,yes,no,cellular,20,nov,543,1,170,4,other,1,7.183870715062453
46,technician,divorced,secondary,no,3455,yes,no,cellular,20,nov,120,4,190,2,failure,0,8.147867129923947
32,unemployed,single,secondary,no,1249,yes,no,cellular,20,nov,160,1,171,4,other,0,7.1308988302963465
44,services,married,secondary,no,-230,yes,yes,cellular,20,nov,352,1,177,1,failure,0,0.0
36,unemployed,married,secondary,no,-872,yes,yes,cellular,20,nov,153,1,183,1,failure,0,0.0
50,blue-collar,married,primary,no,2590,yes,no,telephone,20,nov,281,2,195,6,failure,0,7.85979918056211
55,management,married,tertiary,no,10065,no,no,cellular,20,nov,197,5,177,3,failure,0,9.216918687336305
32,blue-collar,single,secondary,no,3201,yes,no,cellular,20,nov,98,1,178,5,failure,0,8.07153089355666
34,management,married,tertiary,no,273,yes,no,cellular,20,nov,308,1,188,1,success,0,5.6131281063880705
35,technician,single,secondary,no,-476,yes,no,cellular,20,nov,57,6,177,4,failure,0,0.0
44,services,married,secondary,no,-289,no,yes,cellular,20,nov,487,1,118,1,other,0,0.0
53,blue-collar,married,secondary,no,21522,no,no,cellular,20,nov,83,3,149,4,failure,0,9.97687740976418
55,admin.,divorced,secondary,no,166,no,no,cellular,20,nov,324,7,153,4,failure,0,5.117993812416755
37,technician,single,secondary,no,-272,no,yes,cellular,20,nov,104,3,139,6,failure,0,0.0
33,entrepreneur,married,tertiary,no,4465,yes,no,cellular,20,nov,161,1,183,2,failure,0,8.404248432400102
43,blue-collar,married,secondary,no,699,yes,yes,cellular,20,nov,1258,2,122,2,other,1,6.551080335043404
33,technician,divorced,secondary,no,557,yes,no,cellular,20,nov,89,1,91,1,failure,0,6.324358962381311
40,technician,married,secondary,no,4441,yes,no,cellular,20,nov,153,2,183,2,failure,0,8.398860004454372
53,blue-collar,married,secondary,no,3815,no,no,telephone,20,nov,75,2,149,3,failure,0,8.246958032568177
47,blue-collar,married,primary,no,2,yes,yes,cellular,20,nov,661,4,190,1,failure,0,1.0986122886681098
33,admin.,married,secondary,no,2711,no,no,cellular,20,nov,184,1,104,1,failure,0,7.905441649060286
38,services,divorced,primary,no,0,yes,no,cellular,20,nov,250,1,155,2,failure,0,0.0
55,admin.,married,secondary,no,1102,yes,no,cellular,20,nov,195,1,189,2,failure,0,7.005789019253503
57,services,single,secondary,no,2236,yes,no,telephone,20,nov,51,8,190,2,failure,0,7.71289096149013
40,admin.,married,secondary,no,7711,yes,no,cellular,20,nov,190,5,135,1,failure,0,8.950532836290382
34,self-employed,married,tertiary,no,1545,yes,no,cellular,20,nov,895,1,183,2,failure,0,7.343426229147367
32,management,single,tertiary,no,12686,yes,no,cellular,20,nov,176,1,170,1,failure,0,9.448333126140598
38,entrepreneur,married,tertiary,no,1110,yes,no,cellular,20,nov,888,2,183,2,failure,1,7.01301578963963
51,technician,married,secondary,no,-153,no,no,cellular,20,nov,72,2,92,4,failure,0,0.0
37,entrepreneur,married,tertiary,no,836,yes,no,cellular,20,nov,223,1,177,2,failure,0,6.729824070489475
44,technician,married,secondary,no,7876,yes,no,cellular,20,nov,212,1,101,2,failure,0,8.971702399703325
37,technician,divorced,secondary,no,3068,yes,yes,cellular,20,nov,370,2,195,1,other,1,8.029107054619736
32,services,married,secondary,no,983,yes,no,cellular,20,nov,500,2,133,1,failure,1,6.891625897052253
43,self-employed,married,secondary,no,5704,yes,no,cellular,20,nov,154,3,106,2,failure,0,8.649098262296176
33,student,single,tertiary,no,3404,yes,no,cellular,20,nov,105,2,171,3,failure,0,8.133000218583613
34,management,married,secondary,no,56,yes,no,cellular,20,nov,311,3,183,1,failure,0,4.04305126783455
37,unemployed,married,secondary,no,2424,no,no,cellular,20,nov,633,2,156,2,other,0,7.793586803371584
51,entrepreneur,married,tertiary,no,6659,yes,yes,cellular,20,nov,191,2,189,1,failure,0,8.803874763534434
58,retired,married,tertiary,no,5087,no,no,cellular,20,nov,63,2,154,1,failure,0,8.534640105019959
35,admin.,married,secondary,no,725,yes,no,cellular,20,nov,219,7,133,1,failure,0,6.587550014824796
59,retired,married,secondary,no,0,no,no,cellular,20,nov,363,2,100,6,other,0,0.0
31,technician,single,tertiary,no,438,yes,no,cellular,20,nov,165,1,100,2,failure,0,6.0844994130751715
45,technician,married,secondary,no,999,yes,no,cellular,20,nov,215,6,188,2,failure,0,6.907755278982137
44,self-employed,single,tertiary,no,18558,yes,no,cellular,20,nov,51,1,190,4,other,0,9.828710125578304
52,housemaid,married,secondary,no,3923,yes,no,cellular,20,nov,20,8,190,3,success,0,8.274866820685254
39,management,divorced,tertiary,no,155,yes,no,cellular,20,nov,20,6,153,26,failure,0,5.049856007249537
38,blue-collar,married,secondary,no,789,yes,no,cellular,20,nov,120,4,196,1,other,0,6.672032945461067
44,blue-collar,married,secondary,no,3060,yes,no,cellular,20,nov,113,1,189,2,failure,0,8.026496938945412
40,management,divorced,tertiary,no,9541,no,no,cellular,20,nov,128,2,189,1,failure,0,9.163458386076051
37,technician,married,secondary,no,1016,yes,yes,cellular,20,nov,195,3,8,1,failure,0,6.92461239604856
51,entrepreneur,married,secondary,no,653,yes,no,cellular,20,nov,16,9,112,37,other,0,6.483107351457199
38,blue-collar,married,primary,no,3289,no,no,cellular,20,nov,340,2,164,2,failure,0,8.098642843759418
36,admin.,married,secondary,no,1954,yes,yes,cellular,20,nov,158,2,174,3,failure,0,7.578145472419466
52,services,divorced,secondary,no,1527,no,yes,cellular,20,nov,276,1,122,1,other,0,7.331714969726466
47,blue-collar,married,secondary,no,2428,yes,no,cellular,20,nov,9,6,177,16,other,0,7.795234929002173
50,technician,married,tertiary,no,3117,no,no,cellular,20,nov,44,2,164,1,failure,0,8.044947049617722
49,unemployed,married,tertiary,no,-471,yes,no,cellular,20,nov,77,3,185,7,failure,0,0.0
31,admin.,married,secondary,no,3052,yes,yes,cellular,20,nov,115,2,177,2,failure,0,8.023879992734878
39,self-employed,married,secondary,no,31,yes,no,cellular,20,nov,61,2,181,4,failure,0,3.4657359027997265
37,blue-collar,divorced,secondary,no,33,yes,no,cellular,20,nov,106,2,167,1,failure,0,3.5263605246161616
41,management,married,tertiary,no,666,yes,no,cellular,20,nov,106,3,183,3,failure,0,6.502790045915623
53,entrepreneur,married,secondary,no,111,yes,no,cellular,20,nov,600,3,189,2,failure,0,4.718498871295094
36,blue-collar,single,tertiary,no,3649,yes,no,cellular,20,nov,399,2,156,2,failure,0,8.202482446576537
43,management,married,tertiary,no,5670,yes,no,cellular,20,nov,43,4,189,2,failure,0,8.643120748014027
34,management,married,tertiary,no,1433,no,no,cellular,20,nov,111,3,104,3,failure,0,7.2682230211595655
43,blue-collar,married,secondary,no,3311,yes,no,telephone,20,nov,105,2,184,3,other,0,8.10530751550515
45,entrepreneur,divorced,tertiary,no,1273,yes,yes,cellular,20,nov,206,2,162,3,failure,0,7.149916836132109
32,blue-collar,single,secondary,no,6982,yes,no,cellular,20,nov,224,2,183,1,failure,0,8.851233902846035
35,blue-collar,married,secondary,no,911,yes,no,cellular,20,nov,434,2,181,5,other,0,6.815639990074331
33,blue-collar,married,secondary,no,3514,yes,no,cellular,20,nov,214,2,184,2,failure,0,8.164794804244766
32,blue-collar,single,secondary,no,2696,yes,no,cellular,20,nov,564,2,183,1,failure,0,7.89989532313973
31,technician,single,tertiary,no,1887,no,yes,cellular,20,nov,225,2,183,1,failure,0,7.543273346705446
54,blue-collar,divorced,primary,no,10374,yes,no,cellular,20,nov,283,2,189,2,other,0,9.247154345098899
47,unemployed,married,secondary,no,3533,yes,no,cellular,20,nov,319,1,100,2,failure,0,8.170185652879642
55,entrepreneur,married,tertiary,no,3459,yes,yes,cellular,20,nov,88,2,112,3,other,0,8.14902386805177
38,technician,married,tertiary,no,-3,no,no,cellular,20,nov,251,2,101,3,failure,0,0.0
35,services,married,secondary,no,142,yes,no,cellular,20,nov,315,2,196,4,failure,0,4.962844630259907
39,management,single,tertiary,no,889,no,no,cellular,20,nov,78,2,185,4,failure,0,6.7912214627261855
44,management,divorced,tertiary,no,6285,yes,no,cellular,20,nov,136,3,125,2,other,0,8.746080217357513
58,technician,married,secondary,no,5618,yes,no,cellular,20,nov,361,2,189,1,failure,0,8.633908991112198
56,blue-collar,divorced,primary,no,12,no,no,cellular,20,nov,282,2,135,1,failure,0,2.5649493574615367
40,services,married,secondary,no,5248,yes,yes,cellular,20,nov,194,4,188,8,other,0,8.5657928612523
31,unemployed,married,secondary,no,314,yes,no,cellular,20,nov,1341,3,178,7,failure,1,5.752572638825633
35,management,married,tertiary,no,0,yes,no,cellular,20,nov,197,4,30,1,failure,0,0.0
34,admin.,single,secondary,no,4436,yes,no,cellular,20,nov,292,2,178,6,failure,0,8.39773375137891
43,entrepreneur,single,tertiary,no,744,no,yes,cellular,20,nov,90,4,114,4,failure,0,6.61338421837956
32,blue-collar,single,secondary,no,5252,yes,no,cellular,20,nov,232,2,183,2,failure,0,8.566554620953962
53,technician,married,secondary,no,3398,no,yes,telephone,20,nov,88,6,113,13,other,0,8.131236549696116
51,admin.,married,secondary,no,4178,yes,no,cellular,20,nov,167,4,174,1,failure,0,8.337827262447915
56,services,married,secondary,no,4763,yes,no,telephone,20,nov,233,4,115,6,failure,0,8.46884293047519
42,admin.,divorced,secondary,yes,723,no,no,cellular,20,nov,298,2,112,2,other,0,6.584791392385716
36,blue-collar,divorced,primary,no,3202,yes,no,cellular,20,nov,690,3,183,2,failure,0,8.071843149609158
41,technician,single,secondary,no,769,no,yes,cellular,20,nov,222,4,98,4,other,0,6.646390514847729
37,technician,divorced,secondary,no,1559,yes,no,cellular,20,nov,178,2,170,8,other,0,7.352441100243583
44,technician,married,tertiary,no,4580,yes,no,cellular,20,nov,192,2,189,2,success,0,8.429672593886743
46,blue-collar,married,primary,no,676,yes,no,cellular,20,nov,825,6,174,4,failure,0,6.517671272912275
53,management,married,tertiary,no,3366,no,no,telephone,20,nov,278,6,112,2,failure,0,8.121777419161074
57,technician,single,secondary,no,3499,yes,no,cellular,20,nov,104,4,175,3,failure,0,8.160518247477505
37,management,single,tertiary,no,1093,yes,no,cellular,21,nov,21,6,113,2,other,0,6.9975959829819265
30,admin.,married,secondary,no,111,no,yes,cellular,21,nov,86,3,133,1,failure,0,4.718498871295094
42,management,married,tertiary,no,4014,yes,no,cellular,21,nov,149,4,186,1,other,0,8.297792626380861
55,technician,married,secondary,no,6958,yes,yes,cellular,21,nov,325,5,192,2,failure,0,8.84779106484485
38,blue-collar,single,secondary,no,5133,yes,no,cellular,21,nov,87,2,168,2,other,0,8.543640361431086
53,management,single,secondary,no,5558,yes,no,cellular,21,nov,81,6,189,3,failure,0,8.62317351495347
44,services,single,secondary,no,5045,yes,no,cellular,21,nov,20,6,175,15,other,0,8.526351129201004
35,management,single,secondary,no,356,yes,no,cellular,21,nov,20,5,114,7,failure,0,5.877735781779639
45,housemaid,married,tertiary,no,460,no,no,cellular,21,nov,312,3,157,1,failure,0,6.133398042996649
31,management,single,tertiary,no,5691,yes,no,cellular,21,nov,37,2,123,1,failure,0,8.646816959209742
40,services,married,secondary,no,87,yes,yes,cellular,21,nov,116,2,113,4,failure,0,4.477336814478207
37,entrepreneur,married,secondary,no,680,yes,yes,cellular,21,nov,21,11,185,1,other,0,6.523562306149512
50,management,divorced,tertiary,no,2564,yes,no,cellular,21,nov,124,4,113,8,failure,0,7.84971375760487
37,admin.,single,secondary,no,1560,yes,no,cellular,21,nov,67,1,163,2,failure,0,7.353081920515432
50,blue-collar,married,primary,no,12519,yes,no,cellular,21,nov,615,3,34,1,failure,1,9.43508264465409
36,technician,married,tertiary,no,62,no,no,cellular,21,nov,50,2,121,2,failure,0,4.143134726391533
47,technician,married,tertiary,yes,-813,yes,yes,cellular,21,nov,85,2,158,25,failure,0,0.0
39,blue-collar,married,secondary,no,5222,yes,no,cellular,21,nov,239,2,177,1,failure,0,8.560827228436299
31,management,single,tertiary,no,3967,yes,no,cellular,21,nov,859,1,182,1,failure,0,8.286017468404763
31,technician,single,secondary,no,1447,yes,no,cellular,21,nov,225,2,95,13,other,0,7.277938572945661
45,management,divorced,tertiary,no,2096,no,no,cellular,21,nov,127,1,100,2,failure,0,7.64826303090192
31,entrepreneur,single,tertiary,yes,-405,yes,yes,cellular,21,nov,846,1,100,2,success,0,0.0
47,technician,married,secondary,no,0,no,no,cellular,21,nov,591,1,10,1,failure,1,0.0
30,blue-collar,single,primary,no,1395,yes,no,cellular,21,nov,569,1,175,3,other,0,7.241366283322318
42,self-employed,married,secondary,no,2812,yes,no,cellular,21,nov,46,4,171,1,failure,0,7.9420068084898565
46,services,married,secondary,no,22,yes,no,cellular,21,nov,153,1,197,3,failure,0,3.1354942159291497
53,management,married,tertiary,no,1945,no,no,cellular,21,nov,22,4,106,7,failure,0,7.57353126274595
32,blue-collar,married,primary,no,1261,yes,no,cellular,21,nov,104,1,182,1,failure,0,7.140453043101158
31,blue-collar,married,primary,no,2198,no,no,cellular,21,nov,423,2,172,2,failure,0,7.695757990554761
33,technician,single,secondary,no,2481,no,no,cellular,21,nov,113,1,101,2,failure,0,7.8168199657645525
40,services,married,secondary,no,10406,no,no,cellular,21,nov,348,2,127,4,other,0,9.25023393563786
33,services,married,secondary,no,255,yes,yes,cellular,21,nov,588,2,184,2,failure,0,5.545177444479562
59,management,married,tertiary,no,7049,no,no,cellular,21,nov,530,1,163,2,failure,1,8.860782895806315
35,blue-collar,single,primary,no,2040,no,no,cellular,21,nov,258,1,157,4,failure,0,7.621195162809845
37,housemaid,divorced,secondary,no,1040,yes,no,cellular,21,nov,567,1,184,1,other,0,6.947937068614969
30,unemployed,divorced,tertiary,no,1718,yes,no,cellular,21,nov,73,4,126,2,failure,0,7.449498005382849
49,management,married,tertiary,no,1105,yes,no,cellular,21,nov,13,3,113,2,other,0,7.00850518208228
52,housemaid,married,secondary,no,1752,no,yes,telephone,21,nov,346,4,123,8,failure,0,7.469083884921234
40,entrepreneur,married,tertiary,no,2644,yes,no,cellular,21,nov,110,2,185,1,failure,0,7.8804263442924
31,self-employed,married,tertiary,no,5,yes,yes,cellular,21,nov,635,1,135,2,failure,1,1.791759469228055
32,services,divorced,secondary,no,5267,yes,no,cellular,21,nov,183,1,168,2,failure,0,8.569406062863171
30,technician,married,secondary,no,239,yes,no,cellular,21,nov,302,2,95,8,failure,0,5.480638923341991
30,management,married,tertiary,no,1942,yes,yes,cellular,21,nov,436,2,178,3,other,1,7.57198844937744
43,management,married,tertiary,no,78,yes,no,cellular,21,nov,36,1,109,1,other,0,4.3694478524670215
45,blue-collar,married,secondary,no,243,no,no,cellular,21,nov,46,1,163,1,other,0,5.497168225293202
44,blue-collar,married,secondary,no,701,no,yes,cellular,21,nov,103,1,141,2,failure,0,6.553933404025811
47,entrepreneur,married,tertiary,no,2518,yes,yes,cellular,21,nov,132,1,186,1,other,0,7.831617276352611
31,entrepreneur,single,secondary,no,159,yes,no,cellular,21,nov,66,1,182,1,failure,0,5.075173815233827
38,blue-collar,divorced,secondary,no,814,yes,no,cellular,21,nov,1166,1,155,3,other,0,6.703188113240863
34,management,single,tertiary,no,966,yes,no,cellular,21,nov,393,1,101,3,failure,0,6.874198495453294
41,technician,married,secondary,no,636,yes,no,cellular,21,nov,1055,1,177,1,other,0,6.456769655572163
48,technician,married,secondary,no,4265,yes,no,cellular,21,nov,327,1,192,2,failure,0,8.358431899031295
32,management,single,tertiary,no,3050,yes,no,cellular,21,nov,58,1,182,1,failure,0,8.02322468471667
49,unemployed,married,secondary,no,13818,no,no,cellular,21,nov,201,1,113,2,failure,0,9.533799735803484
34,management,single,tertiary,no,3679,yes,no,cellular,21,nov,146,1,101,1,failure,0,8.210668031162976
31,management,married,secondary,no,8629,yes,no,cellular,21,nov,957,1,184,2,failure,1,9.062999784077473
34,management,divorced,secondary,no,124,yes,no,cellular,21,nov,56,1,163,4,other,0,4.8283137373023015
53,blue-collar,married,secondary,no,1777,yes,no,cellular,21,nov,796,5,154,1,failure,1,7.48324441607385
35,technician,married,secondary,no,15474,no,no,cellular,21,nov,89,1,92,2,other,0,9.646981097552796
45,admin.,married,secondary,no,857,yes,no,cellular,21,nov,169,1,92,20,other,0,6.754604099487962
34,services,married,secondary,no,-508,yes,no,cellular,21,nov,144,6,185,2,failure,0,0.0
37,blue-collar,married,secondary,no,0,yes,no,cellular,21,nov,169,1,113,5,other,0,0.0
47,blue-collar,married,secondary,no,2944,no,no,cellular,21,nov,57,7,154,5,failure,0,7.987864096085687
52,services,divorced,secondary,no,2455,no,no,telephone,21,nov,76,1,119,1,failure,0,7.806289289267033
48,technician,married,primary,no,1375,yes,yes,cellular,21,nov,73,1,172,2,failure,0,7.226936018493289
40,services,single,secondary,no,19343,yes,no,cellular,21,nov,13,4,179,4,failure,0,9.870137572854574
45,technician,divorced,secondary,no,1738,no,no,cellular,21,nov,79,1,106,2,failure,0,7.461065514354283
54,technician,married,secondary,no,230,no,yes,cellular,21,nov,401,1,100,2,failure,0,5.442417710521793
30,technician,married,secondary,no,274,yes,yes,cellular,21,nov,105,5,102,2,failure,0,5.616771097666572
38,entrepreneur,married,tertiary,no,1514,no,yes,cellular,21,nov,160,3,120,3,failure,0,7.323170717943469
31,admin.,married,secondary,no,457,yes,no,cellular,21,nov,283,1,171,5,failure,0,6.126869184114185
40,technician,married,secondary,no,372,yes,no,cellular,21,nov,365,1,100,2,failure,0,5.921578419643816
31,management,married,tertiary,no,4148,yes,no,cellular,21,nov,316,3,99,9,other,1,8.330622620332868
37,management,married,tertiary,no,489,yes,no,cellular,21,nov,202,1,106,5,failure,0,6.194405391104672
33,blue-collar,married,primary,no,2456,yes,no,cellular,21,nov,552,3,127,1,failure,0,7.806696372521179
54,blue-collar,married,primary,no,836,yes,no,telephone,21,nov,312,1,130,3,other,0,6.729824070489475
45,management,married,tertiary,no,2220,yes,no,cellular,21,nov,89,1,133,2,failure,0,7.7057128238944275
40,blue-collar,married,secondary,no,-605,yes,yes,cellular,21,nov,79,1,171,1,failure,0,0.0
53,blue-collar,married,secondary,no,1027,no,no,cellular,21,nov,102,1,121,1,failure,0,6.93537044601511
35,blue-collar,married,secondary,no,80,yes,yes,cellular,21,nov,38,2,172,2,failure,0,4.394449154672439
41,management,married,tertiary,no,832,yes,yes,cellular,21,nov,164,1,176,1,failure,0,6.725033642166843
32,management,single,tertiary,no,616,yes,no,cellular,21,nov,186,2,109,1,other,0,6.424869023905388
50,technician,married,secondary,no,2497,yes,no,cellular,21,nov,35,1,176,1,failure,0,7.823245690685523
31,blue-collar,married,secondary,no,3653,yes,yes,cellular,21,nov,252,1,168,4,failure,0,8.203577736937952
35,self-employed,single,tertiary,no,1129,yes,no,cellular,21,nov,64,2,184,2,failure,0,7.029972911706386
33,blue-collar,divorced,secondary,no,86,no,yes,cellular,21,nov,183,3,186,1,failure,0,4.465908118654584
31,technician,single,tertiary,no,1166,yes,no,cellular,21,nov,119,2,171,1,failure,0,7.062191632286556
47,technician,married,secondary,no,834,no,yes,cellular,21,nov,902,1,133,2,other,1,6.727431724850855
34,technician,married,secondary,no,5553,yes,no,cellular,21,nov,798,2,182,5,failure,0,8.622273667866745
49,admin.,divorced,secondary,no,771,yes,no,cellular,21,nov,264,2,172,1,failure,0,6.648984550024776
47,blue-collar,married,primary,no,333,yes,no,cellular,21,nov,118,1,113,4,failure,0,5.811140992976701
37,blue-collar,married,secondary,no,2066,yes,yes,cellular,21,nov,10,7,113,5,failure,0,7.633853559681768
40,management,married,secondary,no,752,no,yes,cellular,21,nov,456,1,157,1,failure,0,6.6240652277998935
40,services,married,secondary,no,9374,yes,no,cellular,21,nov,7,8,185,1,failure,0,9.14580185083861
35,management,married,tertiary,no,0,yes,no,cellular,21,nov,189,1,128,2,other,0,0.0
51,technician,single,tertiary,no,11222,yes,no,cellular,21,nov,126,2,171,7,failure,0,9.325720523016257
36,admin.,single,secondary,no,0,yes,yes,cellular,21,nov,109,1,189,1,failure,0,0.0
39,management,married,tertiary,yes,47,no,no,cellular,21,nov,28,3,158,3,failure,0,3.871201010907891
30,management,married,tertiary,no,6432,yes,no,cellular,21,nov,206,2,119,3,other,0,8.769196271411001
48,blue-collar,married,secondary,no,2697,yes,yes,cellular,21,nov,82,1,179,5,failure,0,7.900266036767701
38,management,divorced,tertiary,no,554,no,no,cellular,21,nov,45,1,101,4,failure,0,6.318968113746434
36,management,divorced,tertiary,no,210,yes,no,telephone,21,nov,62,1,127,2,failure,0,5.351858133476067
39,management,single,tertiary,no,26,yes,yes,cellular,21,nov,52,1,179,4,failure,0,3.295836866004329
33,technician,single,secondary,no,920,yes,no,cellular,21,nov,58,1,122,4,failure,0,6.825460036255307
39,services,married,primary,no,1601,yes,no,cellular,21,nov,219,2,182,2,failure,0,7.379008127628304
30,management,married,secondary,no,-559,yes,yes,cellular,21,nov,531,1,184,1,failure,0,0.0
43,admin.,married,secondary,no,-150,no,yes,cellular,21,nov,62,2,136,3,failure,0,0.0
43,admin.,divorced,tertiary,no,1440,yes,yes,cellular,21,nov,149,1,175,1,failure,0,7.273092595999522
38,admin.,married,secondary,no,505,yes,yes,cellular,21,nov,119,1,157,2,failure,0,6.226536669287466
57,services,married,secondary,no,2658,yes,no,cellular,21,nov,107,1,190,1,failure,0,7.88570539124302
33,services,single,secondary,no,3269,no,yes,cellular,21,nov,381,1,126,1,failure,0,8.0925452638913
33,admin.,divorced,secondary,no,335,yes,no,cellular,21,nov,347,1,184,2,failure,0,5.817111159963204
32,technician,married,secondary,no,253,yes,no,cellular,21,nov,76,1,170,3,failure,0,5.537334267018537
47,technician,married,secondary,no,1059,yes,no,cellular,21,nov,58,1,127,1,failure,0,6.966024187106113
32,management,married,tertiary,no,2737,yes,yes,cellular,21,nov,44,4,182,1,failure,0,7.914983005848394
31,management,single,tertiary,no,6542,yes,no,cellular,21,nov,71,3,192,2,other,0,8.78615105486974
58,management,divorced,tertiary,no,26254,yes,no,cellular,21,nov,53,1,31,1,failure,0,10.17561172607196
33,management,single,tertiary,no,437,yes,no,cellular,21,nov,285,1,179,4,other,0,6.082218910376446
40,blue-collar,married,primary,no,-616,yes,no,cellular,21,nov,182,1,157,2,failure,0,0.0
39,services,single,secondary,no,158,yes,no,cellular,21,nov,183,1,168,2,failure,0,5.0689042022202315
38,technician,married,secondary,no,1,yes,no,cellular,21,nov,57,5,199,1,success,0,0.6931471805599453
38,services,married,secondary,no,5293,yes,no,cellular,21,nov,1199,3,155,3,other,0,8.574329382787047
40,management,married,secondary,no,9047,yes,no,cellular,21,nov,527,1,95,2,other,0,9.110299017795956
36,technician,married,secondary,no,1497,no,yes,cellular,21,nov,455,2,94,3,other,0,7.311886164077165
52,management,married,tertiary,no,2428,yes,no,cellular,21,nov,294,1,116,3,failure,0,7.795234929002173
34,technician,divorced,secondary,no,7,yes,yes,cellular,21,nov,94,2,199,1,failure,0,2.0794415416798357
54,retired,married,primary,no,235,no,yes,cellular,21,nov,353,2,113,5,failure,0,5.4638318050256105
39,admin.,married,secondary,no,2319,no,no,cellular,21,nov,48,1,137,1,failure,0,7.749322464660356
43,management,single,tertiary,no,146,no,no,cellular,21,nov,50,1,113,5,other,0,4.990432586778736
41,services,married,secondary,no,6687,yes,no,cellular,21,nov,41,2,123,3,failure,0,8.808070154764538
55,blue-collar,divorced,primary,no,2227,yes,no,telephone,21,nov,148,3,172,3,failure,0,7.708859601047175
32,services,married,secondary,no,1076,no,no,cellular,21,nov,906,1,129,3,failure,0,6.981934677156389
40,self-employed,married,tertiary,no,271,yes,no,cellular,21,nov,124,3,102,4,failure,0,5.605802066295998
45,admin.,single,secondary,no,946,yes,no,cellular,21,nov,56,2,175,4,failure,0,6.853299093186078
37,entrepreneur,single,tertiary,no,65,no,no,cellular,21,nov,20,10,113,4,failure,0,4.189654742026425
41,admin.,single,secondary,no,748,no,no,telephone,21,nov,94,7,130,3,other,0,6.618738983517219
32,admin.,married,tertiary,no,118,no,no,cellular,21,nov,383,4,176,10,failure,0,4.77912349311153
53,blue-collar,married,secondary,no,3036,yes,no,cellular,21,nov,104,2,190,1,other,0,8.01862546504575
52,management,married,tertiary,no,1065,yes,yes,cellular,21,nov,224,2,175,1,failure,0,6.97166860472579
57,management,married,tertiary,no,3431,yes,no,cellular,21,nov,55,2,189,1,failure,0,8.140898460607852
40,management,married,secondary,no,4025,yes,no,cellular,21,nov,139,2,129,4,failure,0,8.300528606199737
32,management,divorced,tertiary,no,874,no,no,cellular,21,nov,366,3,101,6,success,0,6.774223886357614
41,blue-collar,married,secondary,no,1539,yes,no,cellular,21,nov,139,6,130,3,failure,0,7.3395376954076745
31,admin.,single,secondary,no,144,yes,no,cellular,21,nov,51,2,140,11,failure,0,4.976733742420574
59,blue-collar,married,secondary,no,10054,no,no,cellular,21,nov,175,3,100,6,failure,0,9.215825302206753
55,retired,divorced,secondary,no,1580,no,yes,cellular,21,nov,82,5,155,1,success,0,7.365812837209472
40,services,married,secondary,no,0,yes,no,cellular,21,nov,43,1,185,2,failure,0,0.0
30,management,single,tertiary,no,9634,no,no,cellular,21,nov,402,4,101,5,failure,0,9.173157580848466
45,services,divorced,secondary,no,0,yes,yes,cellular,21,nov,173,1,192,1,failure,0,0.0
34,admin.,single,secondary,no,892,yes,no,cellular,21,nov,177,2,184,1,failure,0,6.794586580876499
58,management,divorced,tertiary,no,50,yes,no,cellular,21,nov,675,4,171,4,failure,0,3.9318256327243257
37,services,single,secondary,no,105,no,yes,cellular,21,nov,197,2,157,4,failure,0,4.663439094112067
31,services,married,secondary,no,490,yes,no,cellular,21,nov,394,5,179,2,other,0,6.19644412779452
32,admin.,married,secondary,no,752,yes,no,cellular,21,nov,82,4,191,1,failure,0,6.6240652277998935
40,admin.,single,secondary,no,1200,yes,no,cellular,21,nov,163,2,156,8,failure,0,7.0909098220799835
52,blue-collar,married,primary,no,4793,yes,no,telephone,21,nov,61,3,168,2,failure,0,8.475120414994329
44,blue-collar,married,primary,no,0,yes,yes,cellular,21,nov,32,2,116,3,other,0,0.0
45,technician,single,tertiary,no,302,yes,no,cellular,21,nov,22,2,154,4,failure,0,5.713732805509369
41,technician,married,secondary,no,2125,yes,yes,cellular,21,nov,285,3,116,4,failure,0,7.661997558901893
42,unemployed,married,secondary,no,8131,yes,no,cellular,21,nov,173,4,175,1,failure,0,9.003562174748238
34,entrepreneur,single,tertiary,no,714,yes,no,cellular,21,nov,122,3,193,4,failure,0,6.5722825426940075
43,admin.,divorced,secondary,no,738,yes,no,cellular,21,nov,585,4,191,4,failure,0,6.6052979209482015
55,management,single,tertiary,no,4847,yes,no,cellular,21,nov,18,4,106,2,other,0,8.48632152774915
37,technician,single,secondary,no,363,yes,no,cellular,21,nov,39,4,182,3,failure,0,5.8971538676367405
55,housemaid,divorced,tertiary,no,1241,no,no,cellular,21,nov,48,7,154,5,failure,0,7.124478262493424
58,management,married,tertiary,no,1602,no,no,cellular,21,nov,1032,10,115,3,failure,0,7.3796321526095525
36,management,married,tertiary,no,396,no,no,cellular,21,nov,64,2,100,5,failure,0,5.983936280687191
33,technician,divorced,secondary,no,558,yes,no,cellular,21,nov,258,2,93,3,failure,0,6.326149473155099
31,management,single,tertiary,no,2085,yes,no,cellular,21,nov,639,2,93,4,failure,0,7.643003635560718
30,blue-collar,married,primary,no,2929,yes,no,cellular,21,nov,432,2,184,1,other,0,7.982757702011113
54,management,married,tertiary,no,1114,yes,no,cellular,21,nov,1195,2,175,1,other,0,7.016609683894219
30,technician,married,secondary,no,817,yes,no,cellular,21,nov,208,3,91,4,failure,0,6.706862336602747
40,admin.,single,secondary,no,877,yes,no,cellular,21,nov,12,3,177,6,failure,0,6.777646593635117
38,housemaid,divorced,tertiary,no,4312,no,no,cellular,21,nov,407,4,182,2,other,0,8.369388996647842
45,blue-collar,married,secondary,no,2246,yes,yes,cellular,21,nov,197,2,99,2,other,0,7.717351272185329
35,management,divorced,tertiary,no,538,yes,no,cellular,21,nov,109,2,193,4,failure,0,6.289715570908998
47,blue-collar,married,secondary,no,473,yes,no,cellular,21,nov,127,2,176,2,other,0,6.161207321695077
50,management,married,tertiary,no,4374,yes,no,cellular,21,nov,163,2,113,3,failure,0,8.383661798791715
46,technician,married,secondary,no,15120,no,no,cellular,21,nov,27,3,108,3,other,0,9.623839785112668
42,blue-collar,married,primary,no,-571,yes,yes,telephone,21,nov,136,2,179,4,failure,0,0.0
33,blue-collar,married,primary,no,1903,yes,no,cellular,21,nov,337,2,182,3,failure,0,7.55171221535131
37,blue-collar,married,primary,no,1322,yes,no,cellular,21,nov,14,8,185,1,other,0,7.187657164114956
45,blue-collar,married,secondary,no,392,yes,no,cellular,21,nov,391,2,127,2,failure,0,5.973809611869261
32,services,single,secondary,no,344,no,yes,cellular,21,nov,21,7,141,9,other,0,5.84354441703136
32,services,married,secondary,no,3181,yes,no,cellular,21,nov,118,2,176,7,failure,0,8.065265208897733
35,technician,single,secondary,no,1183,yes,no,cellular,21,nov,21,3,185,2,failure,0,7.076653815443951
55,unemployed,married,tertiary,no,4809,yes,no,cellular,21,nov,223,2,186,3,other,0,8.478452363099807
33,management,divorced,tertiary,no,0,yes,yes,cellular,21,nov,211,7,94,8,failure,0,0.0
42,self-employed,divorced,secondary,no,484,yes,no,cellular,21,nov,321,3,127,3,failure,0,6.184148890937483
50,blue-collar,married,primary,no,0,no,no,cellular,21,nov,281,2,191,2,failure,0,0.0
34,management,married,tertiary,no,714,yes,no,cellular,21,nov,328,4,113,27,failure,0,6.5722825426940075
41,entrepreneur,married,secondary,no,0,yes,yes,cellular,21,nov,12,5,190,1,failure,0,0.0
47,housemaid,married,tertiary,no,333,no,no,telephone,21,nov,8,5,137,1,failure,0,5.811140992976701
37,management,single,tertiary,no,2173,no,no,cellular,21,nov,158,3,114,1,failure,0,7.684324067681155
37,blue-collar,single,secondary,no,3111,yes,no,cellular,21,nov,9,3,185,2,failure,0,8.043020885298283
35,technician,married,secondary,no,587,no,yes,cellular,21,nov,23,8,126,5,other,0,6.376726947898627
49,services,married,primary,no,0,yes,no,cellular,21,nov,13,2,192,1,other,0,0.0
53,technician,divorced,secondary,no,173,no,yes,cellular,21,nov,412,2,143,1,failure,0,5.159055299214529
57,services,divorced,secondary,no,4664,no,no,cellular,21,nov,22,4,114,1,failure,0,8.447843113281444
46,technician,divorced,tertiary,no,0,yes,no,cellular,21,nov,234,5,102,5,failure,0,0.0
37,services,married,tertiary,no,0,yes,no,cellular,21,nov,11,3,175,1,failure,0,0.0
56,blue-collar,married,secondary,no,1521,yes,yes,cellular,21,nov,19,2,179,3,other,0,7.3277805384216315
38,services,divorced,secondary,no,8554,yes,no,cellular,21,nov,29,2,176,4,other,0,9.054271186326293
38,technician,married,secondary,no,1063,yes,no,cellular,21,nov,51,5,113,2,failure,0,6.96979066990159
34,blue-collar,married,primary,no,2720,yes,no,cellular,21,nov,147,2,179,3,failure,0,7.908754738783246
36,management,married,tertiary,no,0,yes,no,cellular,21,nov,72,3,29,4,success,0,0.0
50,technician,married,primary,no,-315,no,yes,cellular,21,nov,61,7,136,1,failure,0,0.0
50,admin.,divorced,secondary,no,797,yes,no,telephone,21,nov,205,3,119,8,failure,0,6.682108597449809
59,management,married,tertiary,no,2143,yes,no,cellular,28,jan,59,1,268,1,failure,0,7.670428522190693
40,management,married,tertiary,no,378,yes,yes,cellular,28,jan,260,1,268,2,failure,0,5.937536205082426
42,unemployed,divorced,secondary,no,759,no,no,cellular,28,jan,97,1,169,3,failure,0,6.633318433280377
43,technician,divorced,secondary,no,87,yes,no,cellular,28,jan,130,1,247,2,failure,0,4.477336814478207
59,services,divorced,secondary,no,1,yes,no,cellular,28,jan,602,1,253,5,other,1,0.6931471805599453
38,blue-collar,divorced,secondary,no,316,yes,no,cellular,28,jan,223,1,247,2,success,0,5.75890177387728
43,entrepreneur,divorced,tertiary,no,626,yes,no,cellular,28,jan,72,1,167,2,failure,0,6.440946540632921
40,technician,single,secondary,no,2017,yes,no,cellular,28,jan,105,1,244,1,other,0,7.609862200913554
38,blue-collar,married,secondary,no,67,no,no,cellular,28,jan,74,1,239,2,failure,0,4.219507705176107
57,technician,married,secondary,no,589,yes,no,cellular,28,jan,198,1,244,1,other,0,6.380122536899765
48,services,married,secondary,no,651,no,yes,cellular,28,jan,228,1,196,2,failure,0,6.480044561926653
53,technician,divorced,secondary,no,392,yes,no,cellular,28,jan,70,1,245,1,failure,0,5.973809611869261
33,blue-collar,married,secondary,yes,-354,yes,yes,cellular,28,jan,104,1,245,2,failure,0,0.0
37,management,married,tertiary,no,-76,yes,no,cellular,28,jan,230,1,204,1,other,0,0.0
57,services,divorced,primary,no,362,no,no,cellular,28,jan,91,1,231,1,failure,0,5.8944028342648505
52,services,married,secondary,no,393,yes,yes,cellular,28,jan,446,1,182,8,failure,0,5.976350909297934
43,management,married,tertiary,no,344,yes,yes,cellular,28,jan,282,1,238,2,failure,0,5.84354441703136
46,technician,divorced,secondary,no,741,yes,no,cellular,28,jan,83,1,258,1,other,0,6.60934924316738
48,technician,married,secondary,no,0,yes,no,cellular,28,jan,123,1,204,1,failure,0,0.0
43,services,married,secondary,no,2478,yes,no,cellular,28,jan,347,1,230,1,failure,0,7.8156105320351905
33,admin.,married,secondary,no,4012,no,yes,cellular,28,jan,90,1,265,4,failure,0,8.297294370266917
47,blue-collar,married,primary,no,1452,yes,yes,cellular,28,jan,181,1,177,2,failure,0,7.2813856635702825
53,self-employed,married,tertiary,no,1672,no,no,cellular,28,jan,176,1,189,1,failure,0,7.422373700986824
52,technician,married,secondary,no,98,yes,no,cellular,28,jan,103,1,245,2,failure,0,4.59511985013459
58,retired,married,secondary,no,374,yes,yes,cellular,28,jan,223,1,196,1,failure,0,5.926926025970411
54,entrepreneur,married,tertiary,no,1129,no,yes,cellular,28,jan,242,1,184,8,failure,0,7.029972911706386
56,unemployed,married,secondary,no,-246,no,yes,cellular,28,jan,461,2,204,2,failure,0,0.0
31,unemployed,married,secondary,no,20,no,no,cellular,28,jan,304,1,71,1,failure,0,3.044522437723423
31,technician,married,secondary,no,0,yes,yes,cellular,28,jan,71,1,223,9,other,0,0.0
38,blue-collar,married,secondary,no,105,yes,no,cellular,28,jan,158,1,265,2,failure,0,4.663439094112067
38,management,married,tertiary,no,1066,yes,no,cellular,28,jan,86,1,189,1,failure,0,6.9726062513017535
51,admin.,married,secondary,no,176,no,no,cellular,28,jan,214,1,183,2,failure,0,5.176149732573829
44,admin.,married,secondary,no,429,yes,no,cellular,28,jan,99,1,246,4,failure,0,6.063785208687608
53,housemaid,married,tertiary,no,554,no,no,cellular,28,jan,48,1,181,5,failure,0,6.318968113746434
60,self-employed,married,primary,no,362,no,yes,cellular,28,jan,326,1,183,6,success,0,5.8944028342648505
35,management,married,tertiary,no,436,no,yes,cellular,28,jan,507,1,184,4,failure,0,6.07993319509559
48,management,single,tertiary,no,-295,no,yes,cellular,28,jan,121,1,190,2,failure,0,0.0
57,blue-collar,married,secondary,no,1316,no,no,cellular,28,jan,221,2,182,5,failure,0,7.183111701743281
57,blue-collar,married,secondary,no,297,no,yes,telephone,28,jan,120,2,154,16,failure,0,5.697093486505405
37,services,single,secondary,no,62,yes,no,cellular,28,jan,252,2,268,2,failure,0,4.143134726391533
46,management,single,tertiary,no,625,no,no,cellular,28,jan,107,1,163,5,other,0,6.439350371100098
59,admin.,married,secondary,no,1455,yes,no,cellular,28,jan,222,2,191,1,failure,0,7.283448228756631
52,admin.,married,secondary,no,199,no,no,cellular,28,jan,978,2,189,1,other,0,5.298317366548036
44,entrepreneur,married,tertiary,no,3463,yes,yes,cellular,28,jan,290,2,153,3,failure,0,8.150179269682326
30,admin.,single,secondary,no,732,yes,no,cellular,28,jan,445,1,223,1,failure,0,6.597145701886651
37,blue-collar,married,secondary,no,417,no,no,cellular,28,jan,389,1,181,5,failure,0,6.035481432524756
48,technician,married,secondary,no,547,no,no,cellular,28,jan,74,1,176,2,failure,0,6.306275286948016
41,self-employed,single,tertiary,no,1616,no,no,telephone,28,jan,229,1,184,7,success,0,7.388327859577107
36,management,married,tertiary,no,0,yes,no,cellular,28,jan,60,1,250,1,other,0,0.0
47,technician,married,secondary,no,487,no,no,cellular,28,jan,218,2,177,1,failure,0,6.1903154058531475
59,blue-collar,married,primary,no,699,no,no,cellular,28,jan,98,1,154,6,failure,0,6.551080335043404
33,blue-collar,married,secondary,no,0,yes,no,cellular,28,jan,176,1,266,1,other,0,0.0
55,technician,married,secondary,no,3207,no,no,cellular,28,jan,158,2,153,12,failure,0,8.073402968986406
49,technician,married,secondary,no,177,yes,yes,cellular,28,jan,90,1,204,1,failure,0,5.181783550292085
41,admin.,single,secondary,no,219,yes,no,cellular,28,jan,119,1,268,1,other,0,5.393627546352362
42,technician,married,secondary,no,799,no,no,cellular,28,jan,234,1,181,6,failure,0,6.684611727667927
56,technician,single,tertiary,no,-528,no,no,cellular,28,jan,290,2,184,2,failure,0,0.0
26,blue-collar,single,secondary,no,0,yes,no,cellular,28,jan,148,2,258,2,failure,0,0.0
48,management,divorced,secondary,no,769,no,yes,cellular,28,jan,58,2,184,15,other,0,6.646390514847729
41,technician,married,secondary,no,0,no,no,cellular,28,jan,411,2,156,8,other,0,0.0
52,management,married,tertiary,no,1392,no,no,cellular,28,jan,1121,2,205,3,failure,0,7.239214973779806
45,management,married,secondary,no,672,yes,no,telephone,28,jan,227,3,187,1,other,0,6.511745329644728
44,technician,married,secondary,no,-199,no,no,cellular,28,jan,692,2,247,3,failure,0,0.0
50,technician,married,secondary,no,-70,yes,yes,cellular,28,jan,391,2,191,1,failure,0,0.0
40,blue-collar,single,primary,no,366,yes,yes,cellular,28,jan,168,2,205,1,failure,0,5.905361848054571
47,technician,married,secondary,no,644,no,no,telephone,28,jan,54,3,160,13,failure,0,6.4692503167957724
31,management,single,tertiary,no,308,yes,yes,cellular,28,jan,262,2,268,2,other,0,5.733341276897746
29,services,married,secondary,no,376,no,yes,telephone,28,jan,49,3,183,4,failure,0,5.932245187448011
49,management,divorced,tertiary,no,557,yes,no,cellular,29,jan,145,1,223,5,failure,0,6.324358962381311
31,management,single,tertiary,no,86,no,no,cellular,29,jan,100,1,170,4,failure,0,4.465908118654584
30,management,married,tertiary,no,370,no,no,cellular,29,jan,250,1,246,1,other,0,5.916202062607435
34,blue-collar,married,secondary,no,1988,yes,no,telephone,29,jan,53,1,266,2,failure,0,7.5953872788539725
57,admin.,married,secondary,no,1504,yes,no,cellular,29,jan,52,1,245,2,failure,0,7.316548177182976
33,services,married,secondary,no,360,yes,no,cellular,29,jan,103,1,185,13,other,0,5.8888779583328805
33,services,single,secondary,no,459,yes,no,cellular,29,jan,241,1,266,2,failure,0,6.131226489483141
35,technician,married,secondary,no,-259,yes,no,cellular,29,jan,381,1,247,2,failure,0,0.0
60,technician,married,secondary,no,2041,no,no,telephone,29,jan,123,1,185,7,failure,0,7.621684998724611
29,blue-collar,single,secondary,no,1296,yes,yes,cellular,29,jan,275,1,240,1,other,0,7.167809184316444
32,blue-collar,married,secondary,no,257,yes,yes,cellular,29,jan,74,1,239,1,other,0,5.552959584921617
33,admin.,single,secondary,no,13,yes,no,cellular,29,jan,111,1,247,2,failure,0,2.6390573296152584
32,technician,married,tertiary,no,0,yes,yes,cellular,29,jan,223,1,261,2,failure,0,0.0
46,blue-collar,married,secondary,no,120,yes,yes,cellular,29,jan,121,1,259,3,failure,0,4.795790545596741
36,services,divorced,secondary,no,532,yes,no,cellular,29,jan,391,1,241,1,failure,0,6.278521424165844
36,technician,married,tertiary,no,-290,yes,yes,cellular,29,jan,150,1,189,3,failure,0,0.0
34,admin.,single,secondary,no,673,yes,no,cellular,29,jan,89,1,260,2,failure,0,6.513230110912307
39,admin.,married,secondary,no,272,yes,yes,cellular,29,jan,199,1,234,2,failure,0,5.60947179518496
48,services,single,secondary,no,133,yes,yes,cellular,29,jan,451,1,197,1,failure,0,4.897839799950911
34,management,married,tertiary,no,557,yes,no,cellular,29,jan,354,1,197,1,failure,0,6.324358962381311
36,management,divorced,tertiary,no,36,yes,no,cellular,29,jan,227,1,261,6,failure,0,3.6109179126442243
36,entrepreneur,married,secondary,no,313,yes,no,cellular,29,jan,167,2,198,1,failure,0,5.749392985908253
36,admin.,married,secondary,no,498,yes,no,cellular,29,jan,151,1,253,1,failure,0,6.212606095751519
36,technician,married,secondary,no,319,yes,no,cellular,29,jan,29,1,266,1,failure,0,5.768320995793772
46,blue-collar,married,secondary,no,521,yes,no,cellular,29,jan,246,1,226,3,failure,0,6.257667587882639
45,management,divorced,tertiary,no,-90,yes,no,cellular,29,jan,128,1,192,1,failure,0,0.0
47,blue-collar,married,secondary,no,676,yes,no,cellular,29,jan,110,1,184,4,other,0,6.517671272912275
35,technician,married,secondary,no,149,yes,no,cellular,29,jan,99,1,245,2,failure,0,5.0106352940962555
60,technician,married,secondary,no,478,no,no,cellular,29,jan,139,1,171,5,failure,0,6.171700597410915
37,blue-collar,married,primary,no,345,yes,no,cellular,29,jan,344,1,188,2,failure,0,5.846438775057725
26,technician,single,secondary,no,455,no,no,cellular,29,jan,240,1,182,8,other,0,6.1224928095143865
33,management,divorced,tertiary,no,893,yes,no,cellular,29,jan,259,1,259,9,failure,0,6.795705775173514
50,management,single,tertiary,no,567,yes,no,cellular,29,jan,50,1,258,8,failure,0,6.342121418721152
46,entrepreneur,married,secondary,no,294,yes,no,cellular,29,jan,444,1,196,1,failure,0,5.68697535633982
59,management,married,tertiary,no,1857,no,no,cellular,29,jan,386,1,168,4,failure,0,7.527255919373784
30,management,single,tertiary,no,1422,yes,yes,cellular,29,jan,305,1,223,27,failure,0,7.260522598089852
27,self-employed,married,secondary,yes,254,yes,yes,cellular,29,jan,194,1,188,1,failure,0,5.541263545158426
39,management,divorced,tertiary,no,547,yes,no,cellular,29,jan,317,2,260,4,failure,0,6.306275286948016
41,management,married,tertiary,no,-412,yes,no,cellular,29,jan,85,1,195,5,other,0,0.0
53,blue-collar,married,secondary,no,-76,no,no,cellular,29,jan,173,1,164,4,other,0,0.0
51,management,single,tertiary,no,0,yes,no,telephone,29,jan,121,1,244,2,failure,0,0.0
28,admin.,married,secondary,no,629,yes,no,cellular,29,jan,107,1,245,2,other,0,6.4457198193855785
31,management,single,tertiary,no,1120,yes,no,cellular,29,jan,217,2,239,1,other,0,7.02197642307216
41,admin.,single,secondary,no,1322,yes,no,cellular,29,jan,58,1,266,1,failure,0,7.187657164114956
35,admin.,single,secondary,no,111,yes,no,cellular,29,jan,55,1,195,3,failure,0,4.718498871295094
53,technician,divorced,secondary,no,388,yes,yes,cellular,29,jan,67,1,247,1,failure,0,5.963579343618446
34,management,married,tertiary,no,498,yes,no,cellular,29,jan,84,1,251,2,failure,0,6.212606095751519
55,technician,married,secondary,no,273,yes,no,cellular,29,jan,84,3,183,3,failure,0,5.6131281063880705
37,management,married,tertiary,no,1330,yes,no,cellular,29,jan,41,2,261,1,failure,0,7.193685818395112
28,admin.,married,secondary,no,-97,yes,no,cellular,29,jan,79,1,225,2,success,0,0.0
42,blue-collar,divorced,primary,no,299,yes,no,cellular,29,jan,305,2,261,2,failure,0,5.703782474656201
41,management,married,tertiary,no,2665,yes,no,cellular,29,jan,112,1,183,10,other,0,7.888334500738654
31,technician,single,tertiary,no,424,no,no,cellular,29,jan,106,1,161,2,failure,0,6.052089168924417
31,management,married,tertiary,no,732,yes,no,cellular,29,jan,542,1,241,1,failure,0,6.597145701886651
38,entrepreneur,single,tertiary,no,-274,yes,yes,cellular,29,jan,103,1,247,2,failure,0,0.0
48,services,married,primary,no,1496,yes,no,telephone,29,jan,284,2,258,2,failure,0,7.311218384419629
58,management,divorced,secondary,no,44,yes,no,cellular,29,jan,147,1,195,1,other,0,3.8066624897703196
39,blue-collar,single,tertiary,no,263,yes,no,cellular,29,jan,160,1,199,6,failure,0,5.575949103146316
34,management,married,tertiary,no,303,yes,no,cellular,29,jan,50,1,195,2,failure,0,5.717027701406222
30,services,single,secondary,no,-386,yes,no,cellular,29,jan,196,1,237,2,other,0,0.0
36,management,married,tertiary,no,0,yes,no,cellular,29,jan,86,1,237,17,other,0,0.0
53,technician,married,tertiary,no,1405,yes,yes,cellular,29,jan,140,1,244,1,failure,0,7.2485040723706105
34,technician,married,tertiary,no,16992,yes,no,cellular,29,jan,71,1,245,1,failure,0,9.740556773534106
36,blue-collar,married,secondary,no,-557,yes,yes,cellular,29,jan,484,1,253,1,failure,0,0.0
33,management,single,tertiary,no,1345,yes,no,cellular,29,jan,257,1,262,3,failure,0,7.204892510204673
35,blue-collar,single,secondary,no,1239,yes,no,cellular,29,jan,112,1,195,1,failure,0,7.122866658599083
29,management,married,tertiary,no,246,yes,no,cellular,29,jan,61,1,265,1,failure,0,5.5093883366279774
36,admin.,single,secondary,no,135,yes,no,cellular,29,jan,263,2,192,3,other,0,4.912654885736052
37,services,married,secondary,no,1694,yes,yes,cellular,29,jan,404,2,251,6,failure,0,7.43543801981455
44,management,married,primary,no,5418,yes,yes,cellular,29,jan,188,1,185,5,failure,0,8.597666575566114
28,admin.,married,secondary,no,172,yes,no,cellular,29,jan,282,1,248,2,other,0,5.153291594497779
46,admin.,divorced,secondary,no,660,yes,no,cellular,29,jan,1026,1,259,2,failure,0,6.493753839851686
40,blue-collar,divorced,secondary,no,94,yes,no,cellular,29,jan,121,1,245,1,failure,0,4.553876891600541
30,services,single,secondary,no,193,yes,no,cellular,29,jan,326,1,244,2,failure,0,5.267858159063328
45,blue-collar,married,primary,no,487,yes,no,cellular,29,jan,117,1,163,4,failure,0,6.1903154058531475
29,admin.,single,secondary,no,2768,yes,no,cellular,29,jan,69,1,241,4,failure,0,7.926241523170962
41,services,married,secondary,no,1141,yes,no,cellular,29,jan,75,1,247,1,failure,0,7.040536390215956
35,technician,married,secondary,no,128,no,yes,cellular,29,jan,456,1,205,2,other,0,4.859812404361672
32,blue-collar,single,secondary,no,160,yes,no,telephone,29,jan,48,1,265,1,failure,0,5.081404364984463
31,services,single,tertiary,no,1025,no,no,cellular,29,jan,93,1,254,3,failure,0,6.933423025730715
31,blue-collar,married,secondary,no,360,yes,yes,cellular,29,jan,89,1,241,1,failure,0,5.8888779583328805
40,management,married,tertiary,no,351,yes,no,cellular,29,jan,338,1,254,3,failure,0,5.863631175598097
32,admin.,single,secondary,no,-32,no,no,cellular,29,jan,320,1,185,5,other,0,0.0
34,admin.,single,secondary,no,391,yes,no,cellular,29,jan,77,1,265,2,failure,0,5.971261839790462
37,technician,married,tertiary,no,183,yes,no,cellular,29,jan,51,1,258,1,failure,0,5.214935757608986
35,technician,single,secondary,no,175,yes,no,cellular,29,jan,219,1,246,1,failure,0,5.170483995038151
28,self-employed,single,tertiary,no,0,yes,no,cellular,29,jan,379,1,192,1,failure,0,0.0
39,blue-collar,married,secondary,no,648,yes,no,cellular,29,jan,85,2,240,1,failure,0,6.47543271670409
28,student,single,tertiary,no,682,yes,no,cellular,29,jan,356,1,255,2,other,0,6.52649485957079
28,admin.,single,secondary,no,1391,yes,no,cellular,29,jan,462,2,247,1,failure,0,7.238496840894365
59,management,married,tertiary,no,2365,no,yes,cellular,29,jan,36,1,188,4,failure,0,7.768956044538332
44,management,married,tertiary,no,149,yes,no,cellular,29,jan,507,1,220,2,success,0,5.0106352940962555
56,blue-collar,married,primary,no,420,yes,no,cellular,29,jan,129,1,265,1,failure,0,6.042632833682381
35,admin.,married,tertiary,no,-272,no,yes,cellular,29,jan,309,1,197,13,other,0,0.0
50,self-employed,married,secondary,no,2061,yes,yes,cellular,29,jan,197,2,244,3,failure,0,7.631431664576906
34,technician,single,secondary,no,341,no,yes,cellular,29,jan,136,1,262,3,failure,0,5.834810737062605
34,blue-collar,single,secondary,no,381,yes,no,cellular,29,jan,83,1,262,1,failure,0,5.945420608606575
31,management,married,secondary,no,678,yes,no,cellular,29,jan,249,1,259,4,failure,0,6.520621127558696
36,entrepreneur,single,tertiary,no,658,yes,no,cellular,29,jan,99,1,227,3,failure,0,6.490723534502507
35,technician,divorced,tertiary,no,1242,yes,no,cellular,29,jan,141,1,245,3,failure,0,7.1252830915107115
26,management,divorced,tertiary,yes,-402,no,yes,cellular,29,jan,66,2,262,2,failure,0,0.0
52,management,married,secondary,no,596,yes,no,cellular,29,jan,113,1,188,1,other,0,6.391917113392602
32,management,single,secondary,no,138,yes,no,cellular,29,jan,432,1,182,9,other,0,4.9344739331306915
39,services,married,secondary,no,1099,no,no,cellular,29,jan,211,2,245,6,failure,0,7.003065458786462
40,technician,single,secondary,yes,45,no,yes,cellular,29,jan,261,1,182,23,other,0,3.828641396489095
35,admin.,married,secondary,no,147,yes,yes,cellular,29,jan,41,1,184,7,failure,0,4.997212273764115
32,blue-collar,single,secondary,no,1139,yes,no,cellular,29,jan,57,1,191,1,failure,0,7.038783541388542
53,blue-collar,single,primary,no,354,yes,no,cellular,29,jan,133,1,226,2,failure,0,5.872117789475416
47,blue-collar,married,primary,no,475,yes,yes,cellular,29,jan,99,2,251,7,other,0,6.16541785423142
38,blue-collar,married,primary,no,406,yes,no,cellular,29,jan,138,1,188,5,failure,0,6.008813185442595
45,blue-collar,married,primary,no,300,yes,no,cellular,29,jan,203,1,261,3,failure,0,5.707110264748875
34,management,married,tertiary,no,349,yes,yes,cellular,29,jan,133,2,185,3,failure,0,5.857933154483459
55,services,divorced,primary,no,2923,yes,no,cellular,29,jan,94,1,259,2,failure,0,7.980707820869669
59,management,single,secondary,no,671,yes,yes,cellular,29,jan,219,2,259,5,failure,0,6.51025834052315
53,services,married,secondary,no,367,yes,yes,cellular,29,jan,155,1,261,2,failure,0,5.908082938168931
52,technician,married,secondary,no,1,no,no,cellular,29,jan,189,1,248,6,other,0,0.6931471805599453
39,entrepreneur,divorced,tertiary,no,208,yes,no,cellular,29,jan,81,1,240,2,failure,0,5.342334251964811
53,retired,divorced,secondary,no,246,yes,no,cellular,29,jan,158,2,247,1,failure,0,5.5093883366279774
38,management,single,tertiary,no,16957,yes,no,telephone,29,jan,208,1,247,2,failure,0,9.73849497786395
28,technician,married,secondary,no,232,yes,yes,cellular,29,jan,72,1,261,1,failure,0,5.4510384535657
40,blue-collar,divorced,primary,no,4168,yes,no,cellular,29,jan,91,1,223,3,failure,0,8.335431477880796
26,blue-collar,single,primary,no,155,yes,no,cellular,29,jan,291,1,244,4,failure,0,5.049856007249537
46,blue-collar,married,secondary,no,-3,yes,no,cellular,29,jan,79,2,265,2,failure,0,0.0
45,technician,married,secondary,no,398,yes,no,cellular,29,jan,227,1,246,5,failure,0,5.988961416889864
56,management,single,tertiary,no,6507,yes,yes,cellular,29,jan,134,1,196,1,failure,0,8.780787468338929
28,management,single,tertiary,no,882,no,yes,cellular,29,jan,94,1,205,2,failure,0,6.78332520060396
40,technician,married,secondary,no,56,yes,yes,cellular,29,jan,194,1,247,1,failure,0,4.04305126783455
58,blue-collar,married,secondary,no,1298,yes,no,cellular,29,jan,522,2,245,4,failure,0,7.1693500166706
28,technician,single,secondary,no,527,yes,no,cellular,29,jan,161,2,265,1,failure,0,6.269096283706261
30,blue-collar,single,secondary,no,-61,no,no,cellular,29,jan,111,2,196,1,failure,0,0.0
41,management,married,tertiary,no,-29,no,no,cellular,29,jan,41,2,266,2,failure,0,0.0
30,services,single,secondary,no,1923,no,yes,cellular,29,jan,114,2,192,2,other,0,7.562161631225652
32,management,married,tertiary,no,2213,no,no,cellular,29,jan,125,2,154,7,failure,0,7.7025561132685825
49,management,single,tertiary,no,145,yes,no,cellular,29,jan,57,2,248,38,failure,0,4.983606621708336
47,management,married,tertiary,yes,-337,no,yes,cellular,29,jan,243,4,161,2,failure,0,0.0
27,technician,single,secondary,no,261,yes,no,cellular,29,jan,236,2,247,2,failure,0,5.568344503761097
28,technician,single,tertiary,no,-214,yes,no,cellular,29,jan,228,2,262,3,failure,0,0.0
57,management,divorced,tertiary,no,-676,yes,yes,cellular,29,jan,100,2,247,1,failure,0,0.0
38,technician,divorced,secondary,no,531,no,no,cellular,29,jan,214,3,226,7,failure,0,6.2766434893416445
30,services,single,secondary,no,9,no,yes,cellular,29,jan,194,2,205,2,failure,0,2.302585092994046
29,technician,single,tertiary,no,370,yes,no,cellular,29,jan,119,2,251,5,failure,0,5.916202062607435
31,management,married,secondary,no,0,no,no,cellular,29,jan,120,2,160,2,failure,0,0.0
56,entrepreneur,divorced,primary,no,29,no,no,cellular,29,jan,52,2,227,1,failure,0,3.4011973816621555
44,management,married,secondary,no,488,no,yes,cellular,29,jan,138,2,183,11,failure,0,6.192362489474872
34,blue-collar,married,secondary,no,-211,yes,no,cellular,29,jan,135,2,184,5,failure,0,0.0
33,blue-collar,married,primary,no,902,yes,no,cellular,29,jan,207,2,247,2,failure,0,6.805722553416985
36,technician,married,secondary,no,1508,no,no,cellular,29,jan,187,2,185,8,failure,0,7.319202458767849
26,technician,single,tertiary,no,43,yes,yes,cellular,29,jan,169,3,246,1,failure,0,3.784189633918261
28,student,single,secondary,no,24,yes,no,cellular,29,jan,284,2,196,2,failure,0,3.2188758248682006
35,technician,divorced,secondary,yes,362,no,no,cellular,29,jan,329,2,240,8,other,0,5.8944028342648505
33,services,single,secondary,no,772,yes,no,cellular,29,jan,323,2,259,3,success,0,6.650279048587422
30,management,married,tertiary,no,112,yes,no,cellular,29,jan,464,2,258,1,other,0,4.727387818712341
57,management,divorced,tertiary,no,1016,yes,no,cellular,29,jan,462,2,234,5,failure,0,6.92461239604856
29,management,married,tertiary,no,1366,yes,no,cellular,29,jan,90,2,245,3,failure,0,7.220373836723949
32,services,married,secondary,no,356,yes,no,cellular,29,jan,56,2,223,5,failure,0,5.877735781779639
37,management,divorced,secondary,no,414,no,no,cellular,29,jan,293,2,162,4,failure,0,6.028278520230698
50,blue-collar,married,primary,no,2142,yes,no,cellular,29,jan,309,2,224,1,other,0,7.669961995473577
40,technician,single,secondary,no,822,yes,yes,cellular,29,jan,155,2,245,3,failure,0,6.71295620067707
32,technician,single,secondary,no,337,yes,no,cellular,29,jan,213,2,261,1,other,0,5.823045895483019
48,technician,married,secondary,no,101,yes,no,cellular,29,jan,414,2,192,3,failure,0,4.624972813284271
45,technician,single,secondary,no,-55,no,no,cellular,29,jan,78,3,197,1,failure,0,0.0
31,technician,single,secondary,no,304,no,no,cellular,29,jan,293,2,160,2,other,0,5.720311776607412
27,blue-collar,single,secondary,yes,81,no,yes,cellular,29,jan,123,2,205,2,success,0,4.406719247264253
47,blue-collar,married,primary,no,613,yes,no,cellular,29,jan,49,3,255,2,other,0,6.419994928147142
31,technician,married,tertiary,no,702,no,yes,cellular,29,jan,157,3,182,29,failure,0,6.555356891810665
45,admin.,married,primary,no,-407,yes,yes,cellular,29,jan,503,2,224,18,other,0,0.0
32,blue-collar,married,primary,no,2291,yes,yes,cellular,29,jan,489,3,182,24,other,0,7.73718007783463
37,technician,married,secondary,no,1120,yes,no,cellular,29,jan,88,3,244,5,failure,0,7.02197642307216
47,blue-collar,single,secondary,no,263,yes,yes,cellular,29,jan,127,2,255,1,other,0,5.575949103146316
30,services,single,secondary,yes,-261,yes,no,cellular,29,jan,1139,2,255,1,other,0,0.0
33,services,married,secondary,no,554,yes,no,cellular,29,jan,162,2,258,1,other,0,6.318968113746434
33,admin.,single,secondary,no,303,no,no,cellular,29,jan,483,2,266,1,failure,0,5.717027701406222
32,blue-collar,married,secondary,no,-460,yes,yes,cellular,29,jan,131,2,206,6,other,0,0.0
57,technician,divorced,secondary,no,77,yes,yes,cellular,29,jan,168,3,246,2,failure,0,4.356708826689592
47,retired,married,tertiary,no,1225,yes,yes,cellular,29,jan,191,3,227,2,failure,0,7.111512116496157
39,management,single,tertiary,no,4023,yes,no,cellular,29,jan,126,2,238,8,other,0,8.300031711779575
28,technician,single,secondary,no,8,yes,no,cellular,29,jan,389,2,254,3,failure,0,2.1972245773362196
31,technician,divorced,secondary,no,0,no,no,cellular,29,jan,138,2,164,4,other,0,0.0
39,technician,divorced,secondary,no,1333,yes,yes,cellular,29,jan,585,2,246,1,failure,0,7.195937226475569
31,entrepreneur,married,secondary,no,10,yes,yes,cellular,29,jan,161,3,188,9,failure,0,2.3978952727983707
49,management,single,secondary,no,61,yes,no,cellular,29,jan,185,2,246,1,failure,0,4.127134385045092
33,blue-collar,divorced,secondary,no,880,yes,yes,cellular,29,jan,263,3,239,1,failure,0,6.78105762593618
39,blue-collar,married,secondary,no,360,yes,no,cellular,29,jan,325,2,260,2,failure,0,5.8888779583328805
54,admin.,married,secondary,no,263,no,yes,telephone,29,jan,283,4,195,7,failure,0,5.575949103146316
35,blue-collar,single,secondary,no,297,yes,no,cellular,29,jan,251,3,265,4,failure,0,5.697093486505405
26,blue-collar,single,secondary,no,249,yes,no,cellular,29,jan,235,3,262,5,failure,0,5.521460917862246
31,management,single,tertiary,no,1724,yes,no,telephone,29,jan,152,2,254,1,failure,0,7.45298232946546
31,services,single,secondary,no,442,yes,no,cellular,29,jan,355,3,258,3,failure,0,6.093569770045136
46,management,divorced,tertiary,no,-154,yes,yes,cellular,29,jan,150,2,247,2,failure,0,0.0
27,technician,single,secondary,no,223,no,yes,cellular,29,jan,253,2,192,3,success,0,5.4116460518550396
34,technician,married,secondary,no,1137,no,no,cellular,29,jan,383,2,206,1,other,0,7.037027614686276
31,blue-collar,single,primary,no,3466,yes,no,telephone,29,jan,267,3,183,25,other,0,8.151044945685024
39,management,single,tertiary,no,313,no,yes,cellular,29,jan,118,5,196,1,other,0,5.749392985908253
28,self-employed,single,secondary,no,1166,no,yes,cellular,30,jan,177,3,192,3,other,0,7.062191632286556
34,management,married,tertiary,no,1310,no,no,telephone,30,jan,521,3,158,7,other,0,7.1785454837637
36,services,married,secondary,no,1053,yes,no,telephone,30,jan,99,1,259,1,failure,0,6.960347729101308
35,blue-collar,married,secondary,no,6411,yes,yes,cellular,30,jan,144,1,266,2,failure,0,8.765926513729443
35,technician,single,secondary,no,951,yes,no,cellular,30,jan,163,1,254,1,failure,0,6.858565034791365
30,services,married,secondary,no,2212,yes,no,telephone,30,jan,41,1,249,2,other,0,7.70210434005105
36,self-employed,single,tertiary,no,583,no,no,cellular,30,jan,859,1,235,1,other,0,6.369900982828227
47,unemployed,married,primary,no,168,yes,no,telephone,30,jan,66,1,241,1,other,0,5.1298987149230735
28,admin.,married,secondary,no,-247,yes,yes,cellular,30,jan,121,1,240,2,failure,0,0.0
49,management,married,tertiary,no,342,no,no,cellular,30,jan,433,2,228,1,failure,0,5.8377304471659395
59,admin.,married,primary,no,879,yes,no,cellular,30,jan,126,5,259,7,failure,0,6.779921907472252
29,services,single,tertiary,no,737,yes,yes,cellular,30,jan,499,5,248,1,failure,0,6.6039438246004725
35,technician,single,tertiary,no,364,no,yes,cellular,30,jan,162,3,205,3,failure,0,5.8998973535824915
35,technician,single,secondary,no,2144,yes,no,cellular,30,jan,146,2,262,2,failure,0,7.6708948313621175
34,technician,divorced,secondary,no,1301,yes,no,cellular,30,jan,196,2,189,2,failure,0,7.171656822768514
47,technician,divorced,tertiary,no,405,yes,no,cellular,30,jan,236,1,260,1,failure,0,6.0063531596017325
26,technician,divorced,tertiary,no,3154,yes,yes,cellular,30,jan,350,3,248,1,failure,0,8.056743774975313
31,technician,single,tertiary,no,236,yes,no,cellular,30,jan,200,1,259,1,failure,0,5.4680601411351315
33,technician,married,tertiary,no,525,yes,yes,cellular,30,jan,499,1,247,1,failure,0,6.26530121273771
42,technician,single,secondary,no,60,yes,yes,cellular,30,jan,183,2,241,1,other,0,4.110873864173311
60,admin.,divorced,secondary,no,663,no,yes,cellular,30,jan,385,3,197,1,other,0,6.498282149476434
29,admin.,married,secondary,no,957,yes,yes,cellular,30,jan,258,2,263,3,failure,0,6.86484777797086
58,entrepreneur,married,tertiary,no,0,no,yes,cellular,30,jan,540,1,2,2,other,0,0.0
36,unemployed,divorced,secondary,no,5,yes,no,cellular,30,jan,169,1,2,2,other,0,1.791759469228055
45,admin.,divorced,secondary,no,440,no,no,cellular,30,jan,91,1,2,1,other,0,6.089044875446846
50,management,married,tertiary,no,0,no,no,cellular,30,jan,199,1,205,1,failure,0,0.0
56,management,married,tertiary,no,4,yes,yes,cellular,30,jan,299,1,2,5,other,0,1.6094379124341003
39,blue-collar,married,primary,no,976,yes,no,cellular,30,jan,80,1,2,2,other,0,6.884486652042782
51,entrepreneur,divorced,tertiary,no,58,yes,no,cellular,30,jan,93,1,2,1,other,0,4.07753744390572
39,self-employed,married,tertiary,no,1492,yes,no,cellular,30,jan,227,1,189,1,failure,0,7.30854279753919
46,services,married,secondary,no,417,yes,no,cellular,30,jan,219,1,2,1,other,0,6.035481432524756
45,management,married,tertiary,no,2363,no,no,cellular,30,jan,125,1,2,1,other,0,7.768110378525988
54,blue-collar,married,secondary,no,285,yes,yes,telephone,30,jan,63,1,2,5,other,0,5.655991810819852
55,retired,married,secondary,no,905,no,no,cellular,30,jan,861,1,2,1,other,0,6.80903930604298
51,services,married,secondary,no,5699,yes,no,cellular,30,jan,436,1,270,2,failure,0,8.648221453822641
27,management,single,tertiary,no,1081,no,yes,cellular,30,jan,158,3,206,2,other,0,6.9865664594064265
32,blue-collar,single,secondary,no,604,no,no,cellular,30,jan,410,2,196,2,other,0,6.405228458030842
31,management,married,tertiary,no,1384,yes,no,cellular,30,jan,203,2,2,3,other,0,7.233455418621439
60,admin.,married,secondary,no,2552,no,yes,cellular,30,jan,255,2,2,4,other,0,7.845024417241484
46,technician,married,secondary,no,198,yes,no,cellular,30,jan,153,1,2,6,other,0,5.293304824724492
39,housemaid,married,secondary,no,953,no,no,cellular,30,jan,23,6,232,3,other,0,6.860663671448287
51,technician,single,secondary,no,527,yes,no,cellular,30,jan,197,1,2,3,other,0,6.269096283706261
52,blue-collar,married,primary,no,109,yes,no,cellular,30,jan,177,4,248,2,failure,0,4.700480365792417
31,unemployed,single,secondary,no,315,no,no,cellular,30,jan,130,1,2,1,other,0,5.755742213586912
33,blue-collar,single,tertiary,no,457,yes,no,cellular,30,jan,159,1,191,4,failure,0,6.126869184114185
34,housemaid,single,primary,no,443,no,no,cellular,30,jan,10,1,2,1,other,0,6.095824562432225
56,services,married,secondary,no,642,yes,no,cellular,30,jan,16,1,2,3,other,0,6.466144724237619
36,services,single,secondary,no,511,yes,yes,cellular,30,jan,706,1,252,1,failure,0,6.238324625039508
36,technician,single,secondary,no,317,yes,no,cellular,30,jan,198,2,266,2,failure,0,5.762051382780177
52,management,married,tertiary,no,1355,yes,no,cellular,30,jan,131,1,241,1,failure,0,7.212294468500341
33,blue-collar,single,secondary,no,22,no,no,cellular,30,jan,76,2,207,1,failure,0,3.1354942159291497
31,management,married,tertiary,no,1400,yes,no,cellular,30,jan,175,2,2,1,other,0,7.244941546337007
38,management,married,tertiary,no,-70,yes,no,cellular,30,jan,140,1,2,3,other,0,0.0
26,admin.,single,secondary,no,802,no,no,cellular,30,jan,77,1,2,2,other,0,6.688354713946762
57,management,divorced,tertiary,no,2549,no,no,cellular,30,jan,456,3,197,2,failure,0,7.843848638152472
39,technician,married,secondary,no,-735,yes,no,cellular,30,jan,144,5,248,2,failure,0,0.0
45,management,married,tertiary,no,-61,no,no,cellular,30,jan,90,5,172,1,failure,0,0.0
51,admin.,married,secondary,no,0,yes,yes,cellular,30,jan,150,1,252,1,failure,0,0.0
56,technician,married,primary,no,314,yes,yes,cellular,30,jan,108,2,2,5,other,0,5.752572638825633
26,technician,single,tertiary,no,152,no,no,cellular,30,jan,151,2,2,1,other,0,5.030437921392435
57,technician,married,primary,no,1276,yes,no,cellular,30,jan,44,1,200,4,failure,0,7.152268856032539
33,technician,married,secondary,no,480,yes,no,cellular,30,jan,272,1,270,1,other,0,6.175867270105761
36,admin.,single,secondary,no,133,no,no,cellular,30,jan,632,3,228,14,other,0,4.897839799950911
53,admin.,married,secondary,no,-375,yes,no,cellular,30,jan,103,1,252,1,failure,0,0.0
57,management,married,tertiary,no,0,no,yes,cellular,30,jan,209,2,197,2,other,0,0.0
28,blue-collar,single,secondary,no,1285,no,no,telephone,30,jan,199,2,2,17,other,0,7.1592919047975645
45,entrepreneur,divorced,secondary,no,44,no,yes,cellular,30,jan,250,2,2,1,other,0,3.8066624897703196
48,management,married,tertiary,no,370,yes,no,cellular,30,jan,134,2,169,2,other,0,5.916202062607435
32,management,married,tertiary,no,943,yes,no,cellular,30,jan,402,2,2,2,other,0,6.8501261661455
37,blue-collar,divorced,secondary,no,-175,yes,no,cellular,30,jan,638,4,266,1,failure,0,0.0
34,blue-collar,single,secondary,no,19833,yes,no,cellular,30,jan,84,4,252,1,other,0,9.89515291574607
49,management,single,tertiary,no,163,yes,no,cellular,30,jan,281,2,269,3,failure,0,5.099866427824199
53,technician,married,tertiary,no,2336,no,no,telephone,30,jan,173,2,2,3,other,0,7.756623334538858
56,blue-collar,married,secondary,no,2190,no,yes,cellular,30,jan,90,2,232,1,failure,0,7.692113339595466
26,services,single,secondary,no,512,yes,yes,cellular,30,jan,206,5,239,3,failure,0,6.240275845170769
41,blue-collar,divorced,secondary,no,-333,yes,no,cellular,30,jan,118,3,270,2,failure,0,0.0
31,self-employed,married,tertiary,no,227,yes,yes,cellular,30,jan,154,6,263,3,failure,0,5.429345628954441
36,admin.,divorced,tertiary,no,281,no,no,cellular,30,jan,60,2,2,1,other,0,5.641907070938114
47,unemployed,divorced,secondary,no,0,no,yes,cellular,30,jan,127,2,233,8,other,0,0.0
46,blue-collar,married,primary,no,665,no,no,cellular,30,jan,89,4,235,2,failure,0,6.501289670540389
31,management,single,tertiary,no,358,yes,no,cellular,30,jan,68,3,256,51,failure,0,5.883322388488279
41,technician,divorced,secondary,no,692,yes,no,cellular,30,jan,249,3,245,3,failure,0,6.541029999189903
30,admin.,married,secondary,no,373,yes,no,cellular,30,jan,353,2,228,4,other,0,5.924255797414532
46,technician,married,tertiary,no,43,yes,no,telephone,30,jan,162,3,2,7,other,0,3.784189633918261
49,management,married,tertiary,no,-969,no,no,cellular,30,jan,61,2,2,1,other,0,0.0
28,admin.,married,secondary,no,12,yes,no,cellular,30,jan,73,3,256,3,other,0,2.5649493574615367
30,technician,single,secondary,no,316,yes,yes,cellular,30,jan,130,2,2,2,other,0,5.75890177387728
49,management,married,tertiary,no,15,no,no,cellular,30,jan,166,3,2,2,other,0,2.772588722239781
28,management,single,tertiary,no,2080,no,no,telephone,30,jan,399,2,2,1,other,0,7.640603826393634
31,unemployed,single,primary,no,163,no,no,cellular,30,jan,707,2,2,1,other,1,5.099866427824199
33,management,married,tertiary,no,1071,no,no,cellular,2,feb,84,2,174,4,failure,0,6.977281341630747
29,admin.,single,secondary,no,124,no,no,cellular,2,feb,94,1,5,2,other,0,4.8283137373023015
36,technician,single,secondary,no,265,yes,yes,cellular,2,feb,88,1,273,1,failure,0,5.583496308781699
53,services,married,secondary,no,660,no,no,cellular,2,feb,210,1,272,2,failure,0,6.493753839851686
44,blue-collar,married,secondary,no,294,yes,no,cellular,2,feb,246,1,259,2,failure,0,5.68697535633982
40,technician,single,tertiary,no,1646,yes,no,cellular,2,feb,215,1,242,2,failure,1,7.4067107301776405
31,management,single,tertiary,no,1130,yes,no,cellular,2,feb,181,1,264,3,failure,0,7.030857476116121
46,technician,married,secondary,no,363,yes,no,cellular,2,feb,346,1,180,3,failure,0,5.8971538676367405
47,technician,married,secondary,no,349,yes,yes,cellular,2,feb,112,1,273,1,failure,0,5.857933154483459
37,blue-collar,married,primary,no,89,yes,no,cellular,2,feb,393,1,245,4,failure,0,4.499809670330265
32,admin.,single,secondary,no,1,no,no,cellular,2,feb,75,1,208,1,failure,0,0.6931471805599453
48,blue-collar,single,secondary,no,-269,no,no,cellular,2,feb,167,1,263,3,other,0,0.0
46,services,divorced,secondary,no,-179,no,no,cellular,2,feb,151,1,214,2,failure,0,0.0
40,management,married,tertiary,no,572,no,no,cellular,2,feb,133,3,5,2,other,0,6.35088571671474
47,technician,divorced,secondary,no,129,no,no,cellular,2,feb,110,2,222,2,failure,0,4.867534450455582
37,services,single,secondary,no,21,yes,no,cellular,2,feb,96,1,271,2,other,0,3.091042453358316
38,blue-collar,married,secondary,no,757,yes,no,cellular,2,feb,133,1,272,1,failure,0,6.630683385642372
56,services,divorced,secondary,no,218,yes,no,cellular,2,feb,113,2,249,2,failure,0,5.389071729816501
37,blue-collar,married,secondary,no,520,yes,no,cellular,2,feb,54,1,255,2,failure,0,6.255750041753367
55,housemaid,married,secondary,no,5,no,no,cellular,2,feb,269,1,206,2,failure,0,1.791759469228055
45,admin.,married,secondary,no,1097,yes,yes,cellular,2,feb,174,1,208,1,failure,0,7.001245622069476
52,technician,married,secondary,no,279,no,yes,cellular,2,feb,72,1,203,3,failure,0,5.634789603169249
36,blue-collar,single,primary,no,367,no,no,cellular,2,feb,217,1,221,1,failure,0,5.908082938168931
39,services,single,tertiary,no,1222,yes,no,cellular,2,feb,251,1,242,2,failure,0,7.109062135687172
59,retired,married,primary,no,866,no,yes,cellular,2,feb,88,1,208,1,other,0,6.7650389767805414
44,unemployed,married,secondary,no,0,yes,no,cellular,2,feb,699,1,272,1,failure,1,0.0
53,self-employed,married,tertiary,no,451,yes,no,cellular,2,feb,125,1,249,2,failure,0,6.113682179832232
26,technician,single,secondary,no,3244,no,no,cellular,2,feb,141,1,5,1,failure,0,8.08487062913819
51,technician,married,secondary,no,1490,yes,no,cellular,2,feb,177,1,199,2,failure,0,7.307202314764738
47,admin.,divorced,secondary,no,207,yes,no,cellular,2,feb,244,1,271,4,failure,0,5.337538079701318
53,services,married,secondary,no,1563,yes,no,cellular,2,feb,124,2,5,1,other,0,7.355001921105257
49,blue-collar,single,secondary,no,-367,yes,no,cellular,2,feb,98,1,207,1,failure,0,0.0
37,admin.,divorced,secondary,no,506,yes,no,cellular,2,feb,446,2,273,1,failure,0,6.2285110035911835
43,entrepreneur,married,primary,no,629,yes,no,cellular,2,feb,70,3,265,4,other,0,6.4457198193855785
40,blue-collar,married,secondary,no,123,yes,no,cellular,2,feb,247,1,241,3,failure,0,4.820281565605037
45,self-employed,married,tertiary,no,430,yes,no,cellular,2,feb,221,1,206,2,failure,0,6.066108090103747
48,blue-collar,married,secondary,no,578,yes,no,cellular,2,feb,70,1,250,1,failure,0,6.361302477572996
45,housemaid,divorced,primary,no,221,no,no,cellular,2,feb,93,1,235,1,failure,0,5.402677381872279
58,blue-collar,divorced,secondary,no,1103,yes,no,cellular,2,feb,226,1,202,4,failure,0,7.00669522683704
47,technician,married,secondary,no,332,yes,no,cellular,2,feb,276,1,269,1,success,0,5.808142489980444
60,technician,married,secondary,no,358,no,no,cellular,2,feb,95,1,216,2,failure,0,5.883322388488279
40,unemployed,single,tertiary,no,97,yes,yes,cellular,2,feb,73,1,252,1,failure,0,4.584967478670572
36,technician,divorced,secondary,no,-94,yes,no,cellular,2,feb,185,1,252,2,failure,0,0.0
31,unemployed,divorced,tertiary,no,256,yes,no,cellular,2,feb,264,1,201,2,success,0,5.54907608489522
54,services,married,secondary,no,514,yes,no,cellular,2,feb,109,1,186,3,failure,0,6.244166900663736
40,unemployed,divorced,secondary,no,507,yes,no,cellular,2,feb,134,1,266,7,failure,0,6.230481447578482
39,technician,single,secondary,no,614,yes,no,cellular,2,feb,166,1,258,1,failure,0,6.421622267806518
31,technician,single,secondary,no,44,no,no,cellular,2,feb,200,5,175,2,failure,0,3.8066624897703196
32,services,married,secondary,no,289,yes,no,cellular,2,feb,63,1,257,2,failure,0,5.66988092298052
47,entrepreneur,married,secondary,no,583,yes,no,cellular,2,feb,495,1,258,2,failure,0,6.369900982828227
58,admin.,divorced,secondary,no,0,yes,no,cellular,2,feb,244,1,229,5,other,0,0.0
34,blue-collar,married,secondary,no,-271,yes,yes,cellular,2,feb,90,1,252,2,failure,0,0.0
38,services,married,secondary,no,304,no,yes,cellular,2,feb,238,1,214,1,failure,0,5.720311776607412
38,technician,married,tertiary,no,447,yes,no,cellular,2,feb,224,1,269,1,failure,0,6.104793232414985
40,retired,married,primary,no,407,yes,no,cellular,2,feb,200,1,271,1,failure,0,6.0112671744041615
56,technician,married,secondary,no,778,no,no,cellular,2,feb,315,2,208,1,failure,0,6.658011045870748
36,unemployed,married,secondary,no,533,yes,no,cellular,2,feb,619,1,272,1,failure,0,6.280395838960195
60,management,married,tertiary,no,553,yes,no,cellular,2,feb,343,1,210,3,success,0,6.317164686747284
56,blue-collar,married,secondary,no,659,yes,no,cellular,2,feb,148,1,188,3,failure,0,6.492239835020471
37,services,single,secondary,no,174,yes,no,cellular,2,feb,134,1,271,2,failure,0,5.1647859739235145
38,admin.,married,secondary,no,-500,no,yes,cellular,2,feb,67,1,195,5,other,0,0.0
53,management,married,secondary,no,478,yes,no,cellular,2,feb,66,1,264,2,failure,0,6.171700597410915
38,technician,married,secondary,no,10,no,no,cellular,2,feb,86,1,161,5,other,0,2.3978952727983707
45,services,married,secondary,no,-75,yes,no,cellular,2,feb,134,1,252,1,failure,0,0.0
40,blue-collar,married,secondary,no,746,yes,yes,cellular,2,feb,241,1,262,3,other,0,6.616065185132817
48,services,married,secondary,no,51,yes,yes,cellular,2,feb,90,1,262,1,failure,0,3.9512437185814275
58,admin.,married,secondary,no,580,no,yes,telephone,2,feb,161,3,5,3,other,0,6.364750756851911
45,technician,married,secondary,no,1818,no,no,cellular,2,feb,197,1,241,2,other,0,7.506042178518122
47,admin.,single,secondary,no,15,no,no,cellular,2,feb,71,1,266,4,failure,0,2.772588722239781
53,management,married,primary,no,798,yes,no,telephone,2,feb,45,1,217,2,failure,0,6.683360945766275
54,self-employed,married,secondary,no,534,yes,no,cellular,2,feb,165,1,188,4,failure,0,6.282266746896006
38,services,single,secondary,no,-196,yes,no,cellular,2,feb,60,1,271,1,failure,0,0.0
54,technician,married,secondary,no,719,yes,no,cellular,2,feb,242,1,264,1,failure,0,6.579251212010101
31,services,married,secondary,no,442,yes,no,cellular,2,feb,69,1,270,2,failure,0,6.093569770045136
42,management,single,tertiary,no,336,yes,no,cellular,2,feb,142,6,195,3,failure,0,5.820082930352362
28,services,single,secondary,no,0,no,no,cellular,2,feb,188,1,206,2,other,0,0.0
38,services,married,secondary,no,8876,no,no,cellular,2,feb,280,1,75,1,failure,0,9.09121894106832
31,admin.,single,tertiary,no,5,no,yes,cellular,2,feb,75,1,206,1,failure,0,1.791759469228055
26,management,single,tertiary,no,0,no,yes,cellular,2,feb,145,1,199,1,failure,0,0.0
37,management,married,secondary,no,10,no,yes,cellular,2,feb,164,1,250,2,failure,0,2.3978952727983707
36,services,married,secondary,no,145,yes,no,cellular,2,feb,109,1,252,2,other,0,4.983606621708336
38,self-employed,married,secondary,no,290,yes,no,cellular,2,feb,123,1,258,1,failure,0,5.673323267171493
55,management,married,primary,no,621,no,yes,cellular,2,feb,114,1,208,1,failure,0,6.432940092739179
33,management,single,tertiary,no,474,yes,no,cellular,2,feb,62,1,179,3,failure,0,6.163314804034641
40,technician,married,secondary,no,504,yes,no,cellular,2,feb,96,1,266,1,failure,0,6.22455842927536
46,admin.,married,primary,no,469,yes,no,cellular,2,feb,75,1,264,10,other,0,6.152732694704104
55,self-employed,divorced,secondary,no,1530,no,no,cellular,2,feb,166,1,216,1,other,0,7.333676395657684
34,admin.,married,secondary,no,50,yes,no,cellular,2,feb,173,1,258,2,failure,0,3.9318256327243257
32,admin.,married,secondary,no,56,yes,no,cellular,2,feb,275,1,258,1,other,0,4.04305126783455
36,admin.,married,secondary,no,0,yes,no,cellular,2,feb,236,2,252,1,other,0,0.0
42,blue-collar,married,primary,no,1455,yes,no,cellular,2,feb,279,2,269,2,other,0,7.283448228756631
39,management,single,tertiary,no,-145,yes,no,cellular,2,feb,268,2,196,2,failure,0,0.0
45,management,married,tertiary,no,474,yes,yes,cellular,2,feb,190,4,264,4,failure,0,6.163314804034641
60,retired,married,primary,no,174,yes,yes,cellular,2,feb,157,2,252,1,failure,0,5.1647859739235145
40,management,married,tertiary,no,543,yes,no,cellular,2,feb,349,2,262,275,other,0,6.298949246855942
36,management,married,tertiary,no,82,no,no,cellular,2,feb,124,1,178,4,success,0,4.418840607796598
57,admin.,married,secondary,no,11,no,no,cellular,2,feb,261,1,265,3,failure,0,2.4849066497880004
49,admin.,married,secondary,no,359,yes,no,cellular,2,feb,231,2,271,1,failure,0,5.886104031450156
37,management,married,tertiary,no,59,yes,yes,telephone,2,feb,319,1,213,1,failure,0,4.0943445622221
40,services,divorced,secondary,no,687,yes,no,cellular,2,feb,531,1,208,1,success,1,6.5337888379333435
48,admin.,single,secondary,no,303,yes,yes,cellular,2,feb,142,1,189,4,failure,0,5.717027701406222
36,blue-collar,married,secondary,no,-42,no,yes,cellular,2,feb,521,2,193,2,other,0,0.0
34,blue-collar,married,secondary,no,7,yes,yes,cellular,2,feb,171,2,193,2,other,0,2.0794415416798357
49,self-employed,married,tertiary,no,147,no,yes,cellular,2,feb,559,1,189,4,failure,0,4.997212273764115
36,unemployed,married,secondary,no,608,yes,no,cellular,2,feb,114,1,263,3,other,0,6.411818267709897
35,services,married,secondary,no,630,yes,no,cellular,2,feb,134,1,271,2,failure,0,6.447305862541213
57,admin.,married,secondary,no,567,yes,no,cellular,2,feb,87,2,265,3,other,0,6.342121418721152
41,management,married,secondary,no,0,yes,no,cellular,2,feb,154,2,264,1,other,0,0.0
43,blue-collar,married,secondary,no,1109,yes,no,cellular,2,feb,115,3,264,2,failure,0,7.01211529430638
48,blue-collar,divorced,secondary,yes,-535,yes,no,cellular,2,feb,115,2,187,2,failure,0,0.0
43,blue-collar,married,secondary,no,597,yes,no,cellular,2,feb,87,1,263,1,failure,0,6.393590753950631
38,technician,single,secondary,no,103,yes,no,cellular,2,feb,159,1,187,3,failure,0,4.6443908991413725
31,management,single,secondary,no,783,yes,no,cellular,2,feb,221,2,272,1,failure,0,6.664409020350408
32,management,single,secondary,no,453,yes,no,cellular,2,feb,544,1,269,2,failure,0,6.118097198041348
37,technician,married,secondary,no,494,yes,no,cellular,2,feb,247,2,269,3,failure,0,6.20455776256869
60,services,married,secondary,no,292,no,yes,cellular,2,feb,260,5,195,4,failure,0,5.680172609017068
32,admin.,single,tertiary,no,2004,no,no,cellular,2,feb,141,1,75,1,failure,0,7.60339933974067
37,management,single,tertiary,no,230,yes,yes,cellular,2,feb,120,2,272,1,failure,0,5.442417710521793
45,admin.,married,secondary,no,1214,yes,no,cellular,2,feb,150,2,189,2,failure,0,7.102499355774649
35,technician,married,tertiary,no,1526,yes,no,cellular,2,feb,236,2,217,4,failure,0,7.3310603052186325
41,services,divorced,secondary,no,-376,yes,no,cellular,2,feb,421,3,238,9,other,0,0.0
31,management,married,tertiary,no,4015,yes,no,cellular,2,feb,95,2,241,3,other,0,8.298041661371565
39,admin.,divorced,secondary,no,442,yes,no,cellular,2,feb,204,2,257,2,other,0,6.093569770045136
56,entrepreneur,married,secondary,no,5838,no,no,cellular,2,feb,116,2,230,2,failure,0,8.672314828283538
31,management,single,tertiary,no,3283,no,no,cellular,2,feb,258,1,73,1,failure,1,8.096817470572319
46,management,divorced,tertiary,no,665,yes,no,cellular,2,feb,158,2,207,1,other,0,6.501289670540389
31,technician,married,secondary,no,671,no,no,cellular,2,feb,119,2,175,2,failure,0,6.51025834052315
57,technician,married,secondary,no,589,yes,no,cellular,2,feb,223,1,76,4,failure,0,6.380122536899765
29,admin.,single,secondary,no,-498,yes,no,cellular,2,feb,99,3,227,14,failure,0,0.0
37,technician,single,tertiary,no,-1,yes,no,cellular,2,feb,223,2,200,7,other,0,0.0
38,admin.,single,secondary,no,569,yes,yes,cellular,2,feb,164,2,272,2,failure,0,6.345636360828596
43,admin.,single,secondary,no,-247,yes,yes,cellular,2,feb,751,2,76,4,failure,1,0.0
34,technician,married,secondary,no,4,yes,no,cellular,2,feb,105,2,263,1,failure,0,1.6094379124341003
42,management,married,tertiary,no,477,yes,no,cellular,2,feb,413,2,242,3,failure,0,6.169610732491456
53,technician,married,secondary,no,598,no,no,cellular,2,feb,340,3,264,2,failure,0,6.395261598115449
47,technician,married,secondary,no,1167,yes,no,cellular,2,feb,139,3,73,2,success,0,7.0630481633881725
57,retired,married,secondary,no,485,no,no,cellular,2,feb,79,2,187,2,failure,0,6.186208623900494
39,blue-collar,married,primary,no,541,yes,no,cellular,2,feb,361,2,258,1,other,0,6.295266001439646
41,blue-collar,divorced,primary,no,320,yes,no,cellular,2,feb,844,2,252,1,failure,0,5.771441123130016
45,admin.,married,secondary,yes,1,no,no,telephone,2,feb,1028,2,207,1,other,0,0.6931471805599453
38,technician,married,secondary,no,581,yes,no,cellular,2,feb,223,2,272,1,failure,0,6.366470447731438
37,self-employed,divorced,secondary,no,1082,no,no,cellular,2,feb,127,3,5,5,other,0,6.9874902470009905
46,blue-collar,married,secondary,no,-221,yes,yes,cellular,2,feb,219,2,244,1,failure,0,0.0
55,blue-collar,married,primary,no,145,no,no,telephone,2,feb,59,3,5,2,other,0,4.983606621708336
53,blue-collar,divorced,primary,no,-1,yes,no,cellular,2,feb,138,3,5,1,other,0,0.0
29,technician,divorced,secondary,no,-95,yes,no,cellular,2,feb,42,7,228,1,other,0,0.0
33,services,married,secondary,no,317,yes,no,cellular,2,feb,141,4,201,1,other,0,5.762051382780177
50,technician,divorced,secondary,no,8,no,no,cellular,2,feb,171,2,5,1,other,0,2.1972245773362196
46,technician,married,secondary,no,317,yes,yes,cellular,2,feb,24,7,250,1,failure,0,5.762051382780177
35,admin.,married,secondary,no,287,yes,no,cellular,2,feb,115,3,245,8,failure,0,5.662960480135946
58,retired,divorced,secondary,no,8266,yes,no,cellular,2,feb,98,2,271,1,failure,0,9.020026965252676
46,technician,married,secondary,no,1028,yes,no,cellular,2,feb,96,2,208,1,failure,0,6.9363427358340495
28,unemployed,married,primary,no,7459,yes,no,cellular,2,feb,981,5,269,2,failure,1,8.917310693197807
49,technician,married,secondary,no,1811,yes,yes,cellular,2,feb,168,2,245,1,other,0,7.502186486602924
35,blue-collar,married,primary,no,0,yes,yes,cellular,2,feb,698,2,271,2,other,0,0.0
35,admin.,married,secondary,no,220,yes,no,cellular,2,feb,153,4,244,13,failure,0,5.3981627015177525
37,technician,married,secondary,no,318,no,no,cellular,2,feb,167,1,187,2,failure,0,5.765191102784844
31,management,single,tertiary,no,112,yes,no,cellular,2,feb,159,2,271,1,failure,0,4.727387818712341
37,management,married,tertiary,no,4089,yes,no,cellular,2,feb,289,2,174,4,other,1,8.316300249036848
37,blue-collar,married,primary,no,643,yes,yes,cellular,2,feb,81,3,269,3,other,0,6.467698726104354
45,technician,married,secondary,no,0,yes,yes,telephone,2,feb,111,2,208,1,failure,0,0.0
54,management,married,tertiary,no,67,yes,no,cellular,2,feb,161,3,73,1,other,0,4.219507705176107
35,technician,married,tertiary,no,633,yes,yes,cellular,2,feb,76,3,5,3,other,0,6.452048954437226
39,blue-collar,single,secondary,no,-480,yes,yes,cellular,2,feb,147,2,252,3,other,0,0.0
42,services,married,primary,no,124,yes,no,cellular,2,feb,164,2,262,2,failure,0,4.8283137373023015
36,management,married,tertiary,no,806,yes,no,cellular,3,feb,106,2,259,1,failure,0,6.693323668269949
54,technician,divorced,secondary,no,0,yes,yes,cellular,3,feb,62,2,203,5,failure,0,0.0
49,management,divorced,tertiary,no,4961,yes,no,cellular,3,feb,298,2,231,1,failure,0,8.509564164251746
47,services,married,secondary,no,1160,yes,no,cellular,3,feb,117,2,221,4,failure,0,7.057036981697891
35,management,single,tertiary,no,539,yes,no,cellular,3,feb,198,2,267,1,other,0,6.29156913955832
36,services,single,secondary,no,774,yes,no,cellular,3,feb,231,2,259,1,failure,0,6.652863029353347
33,management,married,tertiary,no,644,yes,yes,cellular,3,feb,124,2,271,2,failure,0,6.4692503167957724
60,services,married,secondary,no,594,yes,no,cellular,3,feb,35,7,265,5,other,0,6.38856140554563
51,services,married,secondary,no,867,yes,no,cellular,3,feb,177,2,211,3,failure,0,6.7661917146603505
43,technician,married,secondary,no,308,yes,no,cellular,3,feb,137,3,264,4,other,0,5.733341276897746
31,technician,single,secondary,no,863,yes,no,cellular,3,feb,146,1,263,5,success,0,6.761572768804055
48,technician,married,secondary,no,197,no,yes,cellular,3,feb,47,2,222,3,other,0,5.288267030694535
32,services,married,secondary,no,414,yes,no,cellular,3,feb,236,2,272,1,failure,0,6.028278520230698
50,housemaid,single,primary,no,1158,yes,no,cellular,3,feb,116,3,265,3,failure,0,7.055312843339752
37,housemaid,married,secondary,no,12939,yes,yes,cellular,3,feb,77,3,202,9,failure,0,9.468078568054892
46,blue-collar,married,secondary,no,1232,no,yes,cellular,3,feb,300,3,195,8,other,0,7.117205503164344
35,services,married,secondary,no,1659,yes,no,cellular,3,feb,149,3,215,1,failure,0,7.414572881350589
50,technician,married,tertiary,no,199,yes,yes,cellular,3,feb,116,2,253,1,failure,0,5.298317366548036
58,retired,married,primary,no,3401,yes,no,cellular,3,feb,84,3,265,2,failure,0,8.132118772955806
41,management,single,tertiary,no,572,yes,no,cellular,3,feb,419,2,271,2,failure,0,6.35088571671474
28,entrepreneur,married,tertiary,no,59,no,no,cellular,3,feb,330,3,190,6,failure,0,4.0943445622221
47,blue-collar,single,secondary,no,152,yes,no,cellular,3,feb,193,3,271,4,failure,0,5.030437921392435
31,services,married,primary,no,997,yes,no,cellular,3,feb,256,1,190,3,failure,0,6.905753276311464
35,admin.,single,secondary,no,0,yes,no,cellular,3,feb,80,1,273,1,failure,0,0.0
50,blue-collar,single,primary,no,1558,yes,no,cellular,3,feb,294,1,265,1,other,0,7.351799869057777
32,blue-collar,married,secondary,no,4471,yes,no,cellular,3,feb,197,1,270,2,failure,0,8.405591014834934
33,technician,single,tertiary,no,390,yes,no,cellular,3,feb,161,1,256,1,failure,0,5.968707559985366
29,services,married,secondary,no,222,yes,no,cellular,3,feb,197,1,250,23,failure,0,5.407171771460119
34,technician,married,secondary,no,883,no,no,telephone,3,feb,166,2,173,3,failure,0,6.784457062637643
54,technician,divorced,secondary,no,2156,yes,no,cellular,3,feb,261,1,195,4,failure,1,7.676473646389156
40,admin.,married,secondary,no,0,yes,no,cellular,3,feb,561,1,201,1,failure,0,0.0
32,management,single,tertiary,no,2360,no,no,cellular,3,feb,152,2,160,5,other,1,7.766840537085513
48,admin.,married,primary,no,3,yes,no,cellular,3,feb,69,1,252,4,failure,0,1.3862943611198906
32,housemaid,married,tertiary,no,357,yes,no,cellular,3,feb,133,3,77,2,failure,0,5.8805329864007
33,services,married,tertiary,no,546,yes,yes,cellular,3,feb,54,2,270,1,failure,0,6.304448802421981
51,blue-collar,married,primary,no,377,yes,no,telephone,3,feb,143,4,272,1,failure,0,5.934894195619588
52,entrepreneur,divorced,tertiary,no,199,yes,yes,cellular,3,feb,373,1,236,2,failure,0,5.298317366548036
35,management,single,tertiary,no,1891,yes,no,cellular,3,feb,188,3,270,5,failure,0,7.545389749611823
38,technician,single,secondary,no,325,no,no,cellular,3,feb,14,6,196,2,other,0,5.786897381366708
31,blue-collar,married,primary,no,124,yes,no,cellular,3,feb,343,1,264,4,failure,0,4.8283137373023015
49,admin.,married,secondary,no,1403,no,no,cellular,3,feb,124,2,180,2,failure,0,7.247080584585756
37,technician,married,secondary,no,1116,yes,no,cellular,3,feb,18,6,201,7,other,0,7.018401799069201
39,blue-collar,married,secondary,no,661,yes,no,cellular,3,feb,84,4,267,4,failure,0,6.495265555937008
46,management,married,tertiary,no,-319,yes,no,cellular,3,feb,80,1,256,1,failure,0,0.0
32,services,married,secondary,no,1844,yes,yes,cellular,3,feb,158,4,201,6,failure,0,7.520234556474628
30,admin.,married,secondary,no,490,yes,no,cellular,3,feb,82,6,251,4,other,0,6.19644412779452
33,student,single,secondary,no,1883,yes,no,cellular,3,feb,121,5,256,1,failure,0,7.5411524551363085
36,management,married,tertiary,no,1582,no,no,telephone,3,feb,26,2,197,1,failure,0,7.367077059881012
51,housemaid,married,primary,no,605,no,no,cellular,3,feb,91,2,159,14,failure,0,6.406879986069314
34,blue-collar,married,secondary,no,261,yes,no,cellular,3,feb,88,5,251,3,failure,0,5.568344503761097
52,management,married,tertiary,no,0,yes,no,cellular,3,feb,790,1,249,1,failure,0,0.0
31,management,married,tertiary,no,1331,no,no,cellular,3,feb,182,2,90,1,success,1,7.194436851100335
44,admin.,married,secondary,no,497,yes,no,cellular,3,feb,321,3,270,2,other,0,6.210600077024653
27,admin.,married,secondary,no,-401,yes,yes,cellular,3,feb,205,3,214,1,failure,0,0.0
54,blue-collar,married,secondary,no,175,yes,no,cellular,3,feb,94,4,271,4,failure,0,5.170483995038151
36,management,single,tertiary,no,219,no,no,cellular,3,feb,22,6,196,6,failure,0,5.393627546352362
26,blue-collar,single,secondary,no,184,no,no,cellular,3,feb,110,2,6,1,other,0,5.220355825078324
32,technician,single,tertiary,no,703,yes,no,cellular,3,feb,489,2,271,2,success,0,6.556778356158042
33,admin.,single,secondary,no,289,no,no,cellular,3,feb,515,3,6,13,other,0,5.66988092298052
43,technician,married,secondary,no,473,yes,no,cellular,3,feb,148,3,211,5,failure,0,6.161207321695077
52,retired,married,secondary,no,411,yes,no,cellular,3,feb,180,3,200,10,other,0,6.021023349349527
42,blue-collar,married,primary,no,-97,yes,no,cellular,3,feb,216,4,271,5,failure,0,0.0
47,blue-collar,married,secondary,no,-346,yes,yes,telephone,3,feb,137,2,253,2,other,0,0.0
34,technician,single,tertiary,no,586,yes,no,cellular,3,feb,43,5,263,2,failure,0,6.375024819828097
32,management,married,tertiary,no,272,yes,no,cellular,3,feb,188,4,209,1,failure,0,5.60947179518496
58,technician,married,secondary,no,629,yes,no,cellular,3,feb,193,3,265,2,failure,0,6.4457198193855785
34,technician,married,tertiary,no,823,no,no,cellular,3,feb,178,3,161,5,other,0,6.714170529909472
33,admin.,single,secondary,no,901,no,no,cellular,3,feb,18,5,6,3,other,0,6.804614520062624
48,technician,married,tertiary,no,2,no,no,cellular,3,feb,165,5,6,3,other,0,1.0986122886681098
58,self-employed,married,secondary,no,0,yes,no,telephone,3,feb,702,3,264,9,failure,0,0.0
56,management,married,tertiary,no,2366,yes,yes,cellular,3,feb,538,2,188,4,failure,0,7.769378609513984
54,management,married,tertiary,no,1460,no,yes,cellular,3,feb,341,3,202,7,other,0,7.2868764117507
29,technician,married,secondary,no,655,yes,no,cellular,3,feb,225,3,270,2,failure,0,6.486160788944089
42,admin.,single,secondary,no,400,yes,no,cellular,3,feb,198,5,244,6,failure,0,5.993961427306569
48,management,single,tertiary,no,460,yes,no,cellular,3,feb,91,3,264,2,other,0,6.133398042996649
58,management,single,tertiary,no,1387,yes,no,telephone,3,feb,140,6,6,6,other,0,7.23561914106675
32,services,divorced,secondary,no,41,yes,no,cellular,3,feb,251,4,187,11,other,0,3.7376696182833684
42,technician,married,tertiary,no,725,yes,yes,telephone,3,feb,124,3,252,3,failure,0,6.587550014824796
60,retired,single,tertiary,no,305,yes,no,cellular,3,feb,137,5,211,3,other,0,5.723585101952381
56,blue-collar,married,primary,no,284,no,yes,telephone,3,feb,124,4,204,4,failure,0,5.652489180268651
41,management,divorced,tertiary,no,-78,yes,no,cellular,3,feb,69,4,252,4,failure,0,0.0
59,technician,married,secondary,no,1866,no,no,telephone,3,feb,288,2,215,1,other,0,7.532088143541722
50,technician,married,secondary,no,103,yes,no,cellular,3,feb,109,4,267,6,failure,0,4.6443908991413725
30,technician,single,secondary,no,62,yes,no,telephone,3,feb,678,2,252,1,other,0,4.143134726391533
33,management,single,tertiary,no,191,no,yes,cellular,3,feb,678,4,209,1,failure,0,5.2574953720277815
40,management,divorced,tertiary,no,502,yes,no,cellular,3,feb,267,4,270,3,other,0,6.220590170099739
55,unemployed,divorced,primary,no,-53,no,no,telephone,3,feb,225,4,6,3,other,0,0.0
53,blue-collar,married,primary,no,-211,yes,yes,cellular,3,feb,195,6,251,2,failure,0,0.0
41,technician,single,tertiary,no,-89,yes,no,cellular,3,feb,195,4,251,4,failure,0,0.0
46,blue-collar,married,secondary,no,4007,no,no,cellular,3,feb,380,5,217,5,other,0,8.2960476427647
55,blue-collar,married,primary,no,781,yes,no,cellular,3,feb,112,3,270,2,failure,0,6.661854740545311
54,admin.,single,secondary,no,1178,yes,no,telephone,3,feb,41,6,264,2,failure,0,7.072421900537371
55,management,single,tertiary,no,-350,no,no,telephone,3,feb,87,4,6,1,other,0,0.0
45,technician,married,secondary,no,366,no,yes,cellular,3,feb,235,2,169,12,failure,0,5.905361848054571
32,technician,single,tertiary,no,47,yes,no,cellular,3,feb,693,7,204,3,failure,0,3.871201010907891
31,management,married,tertiary,no,302,yes,yes,cellular,4,feb,181,1,257,1,failure,0,5.713732805509369
59,retired,married,tertiary,no,941,no,yes,cellular,4,feb,231,1,210,1,failure,0,6.848005274576363
33,technician,single,secondary,no,647,yes,yes,cellular,4,feb,124,1,273,1,other,0,6.473890696352274
60,technician,married,primary,no,4243,yes,no,cellular,4,feb,387,1,251,1,failure,0,8.353261499733874
54,management,married,tertiary,no,195,no,yes,cellular,4,feb,47,1,265,6,other,0,5.278114659230517
36,technician,single,secondary,no,1855,yes,no,cellular,4,feb,75,1,273,1,failure,0,7.526178913346146
44,self-employed,married,primary,no,414,yes,no,cellular,4,feb,138,1,272,2,other,0,6.028278520230698
38,entrepreneur,married,secondary,no,351,yes,no,cellular,4,feb,112,1,244,3,failure,0,5.863631175598097
40,services,married,secondary,no,1674,yes,yes,cellular,4,feb,144,1,274,2,other,0,7.423568444259167
52,admin.,married,primary,no,2281,yes,yes,telephone,4,feb,82,1,244,1,failure,0,7.732807530422021
27,technician,single,secondary,no,-437,no,no,cellular,4,feb,352,1,216,2,other,0,0.0
38,admin.,divorced,secondary,no,308,yes,no,cellular,4,feb,197,1,274,1,failure,0,5.733341276897746
35,student,single,tertiary,no,7,yes,no,telephone,4,feb,72,2,247,1,other,0,2.0794415416798357
42,self-employed,married,secondary,no,240,yes,no,cellular,4,feb,183,1,189,16,other,0,5.484796933490655
39,services,married,secondary,no,105,no,no,cellular,4,feb,137,1,189,2,failure,0,4.663439094112067
47,blue-collar,married,secondary,no,243,yes,no,cellular,4,feb,220,1,246,4,failure,0,5.497168225293202
38,admin.,single,secondary,no,221,yes,no,cellular,4,feb,93,2,274,2,failure,0,5.402677381872279
36,blue-collar,married,secondary,no,0,no,no,cellular,4,feb,235,1,244,1,failure,0,0.0
41,blue-collar,married,primary,no,201,yes,no,cellular,4,feb,69,1,1,1,success,0,5.308267697401205
43,admin.,married,primary,no,392,yes,yes,cellular,4,feb,110,1,208,2,failure,0,5.973809611869261
33,technician,married,secondary,no,0,yes,no,cellular,4,feb,56,1,274,2,failure,0,0.0
28,self-employed,married,tertiary,no,0,yes,no,cellular,4,feb,546,3,196,4,failure,1,0.0
36,blue-collar,single,secondary,no,376,yes,yes,cellular,4,feb,180,1,274,3,failure,0,5.932245187448011
46,blue-collar,married,secondary,no,345,yes,yes,telephone,4,feb,86,1,259,3,other,0,5.846438775057725
45,blue-collar,married,secondary,no,28,no,yes,cellular,4,feb,215,1,222,1,other,0,3.367295829986474
37,admin.,divorced,secondary,no,496,no,no,cellular,4,feb,118,4,272,3,failure,0,6.208590026096629
38,unemployed,single,secondary,no,2470,yes,no,cellular,4,feb,131,1,230,1,other,0,7.81237820598861
37,services,married,secondary,no,895,yes,yes,cellular,4,feb,219,2,245,1,failure,0,6.79794041297493
51,technician,married,secondary,no,2,yes,yes,cellular,4,feb,71,1,205,3,failure,0,1.0986122886681098
59,unemployed,married,secondary,no,4497,yes,no,cellular,4,feb,213,1,251,1,failure,0,8.411388132519262
56,technician,married,primary,no,284,no,no,cellular,4,feb,177,1,197,9,failure,0,5.652489180268651
28,technician,single,secondary,no,34,yes,no,cellular,4,feb,16,6,268,4,failure,0,3.5553480614894135
57,retired,married,primary,no,-464,yes,no,cellular,4,feb,75,1,190,6,failure,0,0.0
32,technician,married,secondary,no,4,no,no,cellular,4,feb,145,2,260,4,failure,0,1.6094379124341003
39,management,divorced,tertiary,no,-980,yes,no,cellular,4,feb,52,2,260,1,failure,0,0.0
58,retired,single,secondary,no,1640,no,yes,cellular,4,feb,72,6,274,4,failure,0,7.403061091090091
30,technician,single,tertiary,no,405,yes,no,cellular,4,feb,128,1,274,1,failure,0,6.0063531596017325
33,blue-collar,married,secondary,no,19,yes,no,cellular,4,feb,56,1,271,1,other,0,2.995732273553991
38,entrepreneur,married,tertiary,no,227,yes,no,cellular,4,feb,89,1,209,1,failure,0,5.429345628954441
37,services,single,secondary,no,342,yes,no,cellular,4,feb,127,1,273,1,failure,0,5.8377304471659395
26,services,married,secondary,no,44,yes,yes,cellular,4,feb,193,2,237,20,other,0,3.8066624897703196
42,admin.,single,secondary,no,30,yes,no,cellular,4,feb,98,1,266,3,failure,0,3.4339872044851463
58,management,married,tertiary,no,2142,yes,no,cellular,4,feb,41,2,274,3,failure,0,7.669961995473577
53,blue-collar,married,secondary,no,1103,yes,yes,cellular,4,feb,101,2,250,4,failure,0,7.00669522683704
33,blue-collar,married,primary,no,158,yes,no,cellular,4,feb,110,1,264,4,failure,0,5.0689042022202315
52,self-employed,married,secondary,no,371,yes,no,telephone,4,feb,50,1,208,1,other,0,5.918893854273146
32,admin.,single,secondary,no,678,yes,no,cellular,4,feb,1579,1,246,4,failure,1,6.520621127558696
31,management,married,tertiary,no,141,yes,no,cellular,4,feb,572,2,238,7,other,1,4.955827057601261
47,technician,married,secondary,no,-75,yes,no,cellular,4,feb,57,1,247,1,other,0,0.0
41,blue-collar,divorced,primary,no,548,yes,yes,cellular,4,feb,149,1,250,1,failure,0,6.3080984415095305
45,entrepreneur,married,secondary,no,242,no,yes,cellular,4,feb,510,1,198,4,failure,0,5.493061443340548
32,blue-collar,single,primary,no,354,no,no,cellular,4,feb,239,1,196,8,failure,0,5.872117789475416
43,blue-collar,married,primary,no,223,yes,no,cellular,4,feb,112,2,204,2,other,0,5.4116460518550396
54,retired,divorced,secondary,yes,-200,no,yes,cellular,4,feb,71,1,243,1,failure,0,0.0
45,blue-collar,married,secondary,no,1778,yes,no,cellular,4,feb,41,1,251,5,failure,0,7.483806687665835
46,technician,married,secondary,no,388,no,no,cellular,4,feb,6,9,7,1,other,0,5.963579343618446
39,management,married,secondary,no,794,yes,no,cellular,4,feb,71,1,243,3,failure,0,6.678342114654332
45,admin.,married,secondary,no,985,yes,no,telephone,4,feb,156,1,267,1,failure,0,6.893656354602635
41,self-employed,single,tertiary,no,-94,yes,no,cellular,4,feb,1164,1,203,1,failure,1,0.0
43,services,divorced,secondary,no,372,yes,yes,cellular,4,feb,618,2,274,2,failure,0,5.921578419643816
28,admin.,married,secondary,no,568,yes,no,cellular,4,feb,11,6,252,4,other,0,6.343880434126331
54,management,married,tertiary,no,7249,yes,yes,cellular,4,feb,102,2,77,1,failure,0,8.88875674784872
37,blue-collar,married,primary,no,175,yes,yes,cellular,4,feb,430,2,272,3,other,0,5.170483995038151
33,management,single,tertiary,no,641,yes,no,cellular,4,feb,147,1,253,7,other,0,6.464588303689961
34,technician,married,secondary,no,272,yes,no,cellular,4,feb,287,1,201,2,failure,0,5.60947179518496
50,admin.,single,secondary,no,167,no,yes,cellular,4,feb,346,2,191,3,failure,0,5.123963979403259
51,blue-collar,married,primary,no,362,yes,no,cellular,4,feb,108,4,272,2,failure,0,5.8944028342648505
30,management,single,tertiary,no,222,no,yes,cellular,4,feb,111,1,204,2,other,0,5.407171771460119
43,admin.,single,secondary,no,6,no,no,cellular,4,feb,58,1,264,1,failure,0,1.9459101490553132
42,admin.,married,secondary,no,1133,yes,no,cellular,4,feb,161,4,212,3,failure,0,7.033506484287697
32,blue-collar,married,secondary,no,557,yes,yes,cellular,4,feb,210,2,253,1,failure,0,6.324358962381311
33,blue-collar,married,secondary,no,-241,yes,yes,cellular,4,feb,117,1,253,1,failure,0,0.0
28,services,single,secondary,no,458,no,no,cellular,4,feb,112,4,201,3,failure,0,6.129050210060545
40,unemployed,divorced,secondary,no,6322,no,no,cellular,4,feb,459,1,272,1,failure,0,8.751949058058614
46,blue-collar,single,secondary,no,374,no,yes,cellular,4,feb,23,5,7,2,other,0,5.926926025970411
59,blue-collar,married,primary,no,616,no,no,cellular,4,feb,253,3,215,2,other,0,6.424869023905388
32,technician,divorced,secondary,no,202,yes,no,cellular,4,feb,429,1,201,1,failure,0,5.313205979041787
37,admin.,single,primary,no,91,yes,no,cellular,4,feb,283,2,273,2,failure,0,4.5217885770490405
44,blue-collar,divorced,secondary,no,272,yes,no,cellular,4,feb,219,4,205,2,failure,0,5.60947179518496
41,blue-collar,married,secondary,no,1245,yes,no,cellular,4,feb,123,1,271,1,failure,0,7.1276936993473985
52,technician,married,secondary,no,463,yes,no,cellular,4,feb,132,6,267,5,failure,0,6.139884552226255
34,services,married,secondary,no,382,yes,yes,cellular,4,feb,494,2,198,7,failure,0,5.948034989180646
49,technician,married,tertiary,no,196,no,no,cellular,4,feb,9,7,163,24,other,0,5.2832037287379885
36,technician,married,secondary,no,627,no,yes,cellular,4,feb,146,3,244,1,other,0,6.4425401664681985
53,entrepreneur,married,secondary,no,230,yes,no,cellular,4,feb,56,2,250,1,other,0,5.442417710521793
53,blue-collar,divorced,primary,no,255,yes,no,cellular,4,feb,134,2,272,2,failure,0,5.545177444479562
34,self-employed,married,secondary,no,47,no,no,cellular,4,feb,362,2,169,2,failure,0,3.871201010907891
32,blue-collar,married,primary,no,651,yes,no,cellular,4,feb,628,2,267,2,failure,0,6.480044561926653
56,management,married,primary,no,199,yes,yes,cellular,4,feb,331,2,209,1,failure,0,5.298317366548036
33,admin.,single,secondary,no,304,no,yes,cellular,4,feb,160,2,212,2,other,0,5.720311776607412
40,technician,married,secondary,no,694,yes,no,cellular,4,feb,97,4,196,5,failure,0,6.543911845564792
29,admin.,married,secondary,no,0,yes,yes,cellular,4,feb,376,2,229,3,other,0,0.0
43,technician,married,secondary,no,0,yes,yes,cellular,4,feb,539,8,204,5,failure,0,0.0
50,management,married,tertiary,no,3284,yes,no,cellular,4,feb,195,2,271,3,failure,0,8.09712193091871
56,management,married,tertiary,no,856,yes,yes,cellular,4,feb,70,4,7,7,other,0,6.75343791859778
55,technician,married,primary,no,818,yes,no,cellular,4,feb,185,2,247,3,other,0,6.70808408385307
30,services,married,secondary,no,357,yes,no,cellular,4,feb,215,3,253,4,failure,0,5.8805329864007
31,technician,single,primary,no,449,yes,no,cellular,4,feb,140,4,252,1,failure,0,6.1092475827643655
38,self-employed,married,secondary,no,1029,yes,no,cellular,4,feb,206,3,223,1,other,0,6.937314081223682
49,blue-collar,married,secondary,no,171,no,no,cellular,4,feb,19,3,175,2,other,0,5.147494476813453
54,management,divorced,tertiary,no,427,yes,yes,cellular,4,feb,85,2,231,2,other,0,6.059123195581797
58,entrepreneur,married,tertiary,no,0,yes,yes,cellular,4,feb,304,2,229,2,failure,0,0.0
60,retired,married,secondary,no,2516,yes,yes,cellular,4,feb,279,3,266,1,failure,0,7.830822995135316
33,management,single,tertiary,no,1240,yes,no,cellular,4,feb,505,2,260,1,other,0,7.123672785204607
27,blue-collar,married,secondary,no,1600,yes,no,cellular,4,feb,603,2,259,1,failure,0,7.3783837129967145
32,entrepreneur,single,primary,no,1770,no,yes,cellular,4,feb,206,2,188,6,failure,0,7.479299637782834
29,admin.,single,secondary,no,260,yes,no,cellular,4,feb,453,2,273,2,failure,0,5.564520407322694
45,blue-collar,married,primary,no,412,yes,no,telephone,4,feb,45,5,265,13,failure,0,6.023447592961033
32,management,single,tertiary,no,156,yes,no,cellular,4,feb,82,2,246,6,failure,0,5.056245805348308
27,services,married,secondary,no,199,no,no,cellular,4,feb,108,2,195,6,failure,0,5.298317366548036
53,blue-collar,married,primary,no,805,yes,yes,telephone,4,feb,136,7,268,2,other,0,6.692083742506628
37,management,married,tertiary,no,1639,yes,no,cellular,4,feb,207,3,272,3,other,0,7.402451520818244
47,blue-collar,married,primary,no,556,yes,no,cellular,4,feb,147,2,264,4,other,0,6.322565239927284
31,services,single,secondary,no,122,yes,no,cellular,4,feb,157,4,268,2,failure,0,4.812184355372417
32,blue-collar,married,secondary,no,557,no,no,cellular,4,feb,388,3,272,1,other,0,6.324358962381311
48,admin.,divorced,secondary,no,955,yes,no,cellular,4,feb,108,2,265,3,other,0,6.862757913051401
32,self-employed,married,tertiary,no,322,yes,no,cellular,4,feb,192,2,272,1,failure,0,5.777652323222656
45,blue-collar,married,secondary,no,226,no,no,telephone,4,feb,170,2,212,2,failure,0,5.424950017481403
56,management,married,tertiary,no,-762,yes,yes,cellular,4,feb,19,10,7,5,other,0,0.0
53,management,divorced,secondary,no,1355,no,yes,cellular,4,feb,447,2,196,8,other,0,7.212294468500341
28,admin.,single,secondary,no,392,yes,yes,cellular,4,feb,214,2,259,2,failure,0,5.973809611869261
45,self-employed,divorced,secondary,no,1966,yes,no,cellular,4,feb,76,2,204,3,other,0,7.584264818389059
32,management,married,tertiary,no,1230,yes,no,cellular,4,feb,35,3,253,4,failure,0,7.115582126184454
44,management,divorced,primary,no,641,yes,no,cellular,5,feb,79,2,269,3,other,0,6.464588303689961
41,technician,married,secondary,no,-329,no,no,telephone,5,feb,13,8,238,9,other,0,0.0
36,student,single,secondary,no,904,no,no,telephone,5,feb,36,9,8,13,other,0,6.807934943699926
31,management,divorced,tertiary,no,106,yes,no,cellular,5,feb,67,2,202,1,failure,0,4.672828834461906
33,management,married,secondary,no,165,yes,no,telephone,5,feb,126,3,258,15,other,0,5.111987788356544
27,blue-collar,married,secondary,no,245,yes,no,cellular,5,feb,7,7,255,11,failure,0,5.5053315359323625
46,management,married,tertiary,no,-191,yes,no,cellular,5,feb,674,3,202,3,failure,0,0.0
58,management,married,secondary,no,-382,no,no,telephone,5,feb,398,4,189,12,success,0,0.0
41,admin.,divorced,secondary,no,4,yes,no,cellular,5,feb,232,1,211,1,failure,0,1.6094379124341003
37,management,divorced,tertiary,no,132,yes,no,cellular,5,feb,175,5,253,1,other,0,4.890349128221754
54,blue-collar,married,secondary,no,844,no,no,telephone,5,feb,8,7,189,18,other,0,6.739336627357174
50,admin.,divorced,secondary,no,381,no,no,cellular,5,feb,519,1,212,2,other,0,5.945420608606575
29,blue-collar,single,secondary,no,0,yes,no,cellular,5,feb,16,9,253,1,failure,0,0.0
31,student,single,secondary,no,334,yes,no,cellular,5,feb,195,4,233,2,other,0,5.814130531825066
35,services,divorced,secondary,no,440,yes,no,cellular,5,feb,103,1,248,1,failure,0,6.089044875446846
35,management,divorced,tertiary,no,500,yes,no,cellular,5,feb,177,1,252,1,failure,0,6.2166061010848646
33,management,married,tertiary,no,741,no,no,cellular,5,feb,283,1,260,1,failure,0,6.60934924316738
34,technician,married,secondary,no,1072,no,yes,cellular,5,feb,136,1,252,2,failure,0,6.9782137426306985
45,retired,married,secondary,no,900,yes,no,cellular,5,feb,508,4,266,4,other,0,6.803505257608338
32,services,married,secondary,no,1066,yes,no,cellular,5,feb,150,1,262,9,failure,0,6.9726062513017535
44,blue-collar,married,secondary,no,794,yes,no,cellular,5,feb,342,1,252,1,other,0,6.678342114654332
39,technician,married,secondary,no,994,no,no,cellular,5,feb,221,1,241,1,failure,0,6.902742737158593
47,blue-collar,divorced,secondary,no,1815,yes,no,cellular,5,feb,105,1,253,4,failure,0,7.504391559161238
29,admin.,married,secondary,no,503,no,yes,cellular,5,feb,433,1,199,2,failure,0,6.222576268071369
27,entrepreneur,single,tertiary,no,81,no,no,cellular,5,feb,197,1,199,3,failure,0,4.406719247264253
33,management,single,tertiary,no,1410,yes,no,cellular,5,feb,8,1,254,5,failure,0,7.252053951852814
59,blue-collar,married,primary,no,99,yes,no,cellular,5,feb,43,1,261,3,failure,0,4.605170185988092
33,entrepreneur,divorced,primary,no,596,no,yes,cellular,5,feb,308,1,213,1,other,0,6.391917113392602
30,blue-collar,single,secondary,no,144,yes,no,cellular,5,feb,259,1,260,3,failure,0,4.976733742420574
32,technician,married,secondary,no,3322,yes,no,cellular,5,feb,588,2,175,2,failure,0,8.108623268354595
29,services,married,primary,no,549,yes,no,cellular,5,feb,205,1,245,2,failure,0,6.309918278226516
31,technician,single,tertiary,no,1109,no,no,cellular,5,feb,642,1,167,2,failure,1,7.01211529430638
33,management,single,tertiary,no,7114,yes,no,cellular,5,feb,271,2,233,3,other,0,8.869960510523953
29,blue-collar,divorced,secondary,no,302,yes,no,cellular,5,feb,116,1,192,8,other,0,5.713732805509369
42,blue-collar,single,primary,no,1628,yes,no,cellular,5,feb,119,1,195,8,success,0,7.395721608602045
34,blue-collar,married,secondary,no,563,no,yes,cellular,5,feb,384,1,2,2,failure,0,6.335054251498059
26,blue-collar,married,secondary,no,624,yes,no,cellular,5,feb,188,1,247,4,other,0,6.437751649736401
30,blue-collar,single,primary,no,105,yes,no,cellular,5,feb,131,1,265,1,failure,0,4.663439094112067
32,admin.,single,secondary,no,642,yes,no,cellular,5,feb,52,1,253,2,failure,0,6.466144724237619
30,management,single,secondary,no,293,yes,no,cellular,5,feb,232,1,253,2,failure,0,5.683579767338681
54,entrepreneur,married,tertiary,no,1544,no,yes,cellular,5,feb,85,7,196,3,failure,0,7.3427791893318455
55,retired,married,secondary,no,529,yes,no,cellular,5,feb,33,4,8,3,other,0,6.272877006546167
26,entrepreneur,single,secondary,no,101,yes,no,cellular,5,feb,810,1,268,1,failure,1,4.624972813284271
41,technician,married,secondary,no,-378,yes,no,cellular,5,feb,361,1,253,2,failure,0,0.0
41,management,married,tertiary,no,13874,no,no,cellular,5,feb,255,1,234,2,other,0,9.537843938614635
26,services,single,secondary,no,598,yes,no,cellular,5,feb,401,2,272,1,other,0,6.395261598115449
35,management,married,tertiary,no,1557,yes,yes,cellular,5,feb,225,1,268,1,failure,0,7.351158226430694
42,management,married,primary,no,-417,yes,no,cellular,5,feb,81,3,273,3,failure,0,0.0
26,entrepreneur,single,tertiary,no,725,no,no,cellular,5,feb,1916,2,189,29,other,1,6.587550014824796
39,self-employed,single,tertiary,no,917,yes,no,cellular,5,feb,161,2,258,1,failure,0,6.822197390620491
26,self-employed,single,secondary,no,1242,yes,no,cellular,5,feb,205,2,253,2,success,0,7.1252830915107115
27,admin.,single,secondary,no,424,no,no,cellular,5,feb,248,4,189,13,other,0,6.052089168924417
28,services,single,secondary,no,1820,yes,no,cellular,5,feb,134,2,203,1,success,0,7.507141079727608
59,technician,married,secondary,no,201,no,no,cellular,5,feb,52,1,8,7,other,0,5.308267697401205
42,technician,married,secondary,no,2037,no,yes,cellular,5,feb,135,1,8,1,other,0,7.61972421378267
47,blue-collar,divorced,primary,no,1927,yes,no,cellular,5,feb,130,4,275,3,failure,0,7.564238475170491
57,management,married,secondary,no,287,no,yes,cellular,5,feb,75,1,8,2,other,0,5.662960480135946
46,admin.,married,secondary,no,939,no,no,cellular,5,feb,69,2,8,1,other,0,6.84587987526405
30,student,single,secondary,no,61,no,yes,cellular,5,feb,133,5,8,2,other,0,4.127134385045092
49,blue-collar,married,primary,no,217,yes,no,cellular,5,feb,537,2,196,4,other,0,5.384495062789089
30,services,single,secondary,no,405,yes,no,cellular,5,feb,103,1,265,2,other,0,6.0063531596017325
37,student,single,secondary,no,681,no,no,cellular,5,feb,187,1,8,1,other,0,6.525029657843462
41,management,married,tertiary,no,1143,yes,no,cellular,5,feb,134,1,8,2,other,0,7.042286171939743
50,management,divorced,tertiary,no,-5,yes,no,cellular,5,feb,1118,1,8,1,other,0,0.0
32,management,married,tertiary,no,-149,no,no,cellular,5,feb,93,1,8,1,other,0,0.0
29,self-employed,married,tertiary,no,476,no,yes,cellular,5,feb,148,1,8,2,other,0,6.1675164908883415
34,technician,divorced,tertiary,no,66,no,yes,cellular,5,feb,102,1,170,2,failure,0,4.204692619390966
40,management,married,secondary,no,18,yes,no,cellular,5,feb,166,1,8,2,other,0,2.9444389791664403
58,retired,single,secondary,no,-158,yes,no,cellular,5,feb,55,1,8,1,other,0,0.0
44,entrepreneur,married,secondary,no,320,yes,yes,cellular,5,feb,269,3,234,2,other,0,5.771441123130016
36,management,married,tertiary,no,0,yes,no,cellular,5,feb,245,2,8,1,other,0,0.0
29,services,single,secondary,no,612,no,no,cellular,5,feb,47,1,198,5,other,0,6.418364935936212
40,services,married,secondary,no,-212,yes,yes,cellular,5,feb,71,1,258,1,failure,0,0.0
33,services,single,secondary,no,406,yes,no,cellular,5,feb,61,1,275,1,failure,0,6.008813185442595
57,management,divorced,tertiary,no,442,no,no,cellular,5,feb,41,1,253,3,failure,0,6.093569770045136
49,blue-collar,married,primary,no,1,no,yes,cellular,5,feb,98,1,210,1,other,0,0.6931471805599453
54,housemaid,divorced,primary,no,2253,yes,no,cellular,5,feb,266,1,196,1,failure,0,7.720461694599722
32,admin.,married,secondary,no,1661,yes,no,cellular,5,feb,76,1,209,2,failure,0,7.415776975415394
32,services,married,secondary,no,182,no,no,cellular,5,feb,277,1,169,2,failure,0,5.209486152841421
57,services,married,primary,no,-319,no,yes,cellular,5,feb,620,1,196,1,other,0,0.0
31,blue-collar,single,secondary,no,573,yes,no,telephone,5,feb,58,1,269,2,failure,0,6.352629396319567
29,blue-collar,single,primary,no,365,yes,yes,cellular,5,feb,72,1,274,2,failure,0,5.902633333401366
40,admin.,married,secondary,no,367,yes,no,telephone,5,feb,89,1,274,1,failure,0,5.908082938168931
55,blue-collar,married,secondary,no,1765,yes,no,cellular,5,feb,445,1,267,1,failure,0,7.476472381163905
30,technician,single,secondary,no,728,yes,no,cellular,5,feb,393,1,261,1,other,0,6.591673732008658
42,technician,married,secondary,no,315,yes,no,cellular,5,feb,208,1,275,2,failure,0,5.755742213586912
45,services,married,secondary,no,925,yes,no,cellular,5,feb,118,2,232,4,other,0,6.8308742346461795
34,management,divorced,tertiary,no,0,no,no,cellular,5,feb,108,4,175,3,failure,0,0.0
45,technician,married,secondary,no,858,no,no,cellular,5,feb,617,4,251,2,failure,0,6.755768921984255
38,technician,divorced,tertiary,no,915,yes,no,cellular,5,feb,22,7,266,4,other,0,6.82001636467413
30,unemployed,single,secondary,no,79,no,yes,cellular,5,feb,528,2,196,1,failure,0,4.382026634673881
32,admin.,divorced,secondary,no,2294,yes,no,cellular,5,feb,342,2,260,2,failure,0,7.738488122494646
41,entrepreneur,single,tertiary,no,791,yes,no,cellular,5,feb,215,1,80,1,other,0,6.674561391814426
58,technician,married,secondary,no,0,yes,no,cellular,5,feb,1823,1,205,1,failure,0,0.0
40,blue-collar,married,primary,no,665,yes,no,cellular,5,feb,177,3,211,1,success,0,6.501289670540389
33,management,divorced,tertiary,no,1,yes,no,cellular,5,feb,26,8,267,1,other,0,0.6931471805599453
27,technician,single,secondary,no,126,yes,yes,cellular,5,feb,147,2,216,4,failure,0,4.844187086458591
36,student,single,secondary,no,624,no,no,cellular,5,feb,518,2,8,1,other,0,6.437751649736401
48,blue-collar,married,secondary,no,750,no,no,cellular,5,feb,85,2,8,2,other,0,6.621405651764134
48,blue-collar,married,secondary,no,426,yes,yes,cellular,5,feb,153,2,177,2,failure,0,6.056784013228625
31,student,single,tertiary,no,2010,yes,no,cellular,5,feb,15,5,261,1,other,0,7.606387389772652
42,housemaid,married,primary,no,4279,yes,no,cellular,5,feb,97,1,198,1,failure,0,8.361708288575842
46,technician,married,tertiary,no,157,no,no,cellular,5,feb,120,2,224,1,failure,0,5.062595033026967
37,blue-collar,married,primary,no,95,yes,no,cellular,5,feb,415,2,272,2,failure,0,4.564348191467836
31,entrepreneur,single,tertiary,no,544,no,yes,cellular,5,feb,401,2,8,3,other,0,6.300785794663244
38,housemaid,married,secondary,no,333,yes,no,cellular,5,feb,606,2,202,1,other,0,5.811140992976701
44,management,married,tertiary,no,1451,yes,no,cellular,5,feb,80,7,80,15,failure,0,7.280697195384741
44,technician,married,tertiary,no,184,yes,yes,cellular,5,feb,653,3,8,2,other,0,5.220355825078324
60,admin.,single,secondary,no,473,no,no,cellular,5,feb,175,2,8,1,other,0,6.161207321695077
41,blue-collar,married,primary,no,336,yes,no,cellular,5,feb,192,2,8,1,other,0,5.820082930352362
33,management,married,tertiary,no,377,yes,no,cellular,5,feb,213,2,276,1,failure,0,5.934894195619588
37,blue-collar,married,primary,no,655,yes,no,cellular,5,feb,127,2,258,4,failure,0,6.486160788944089
37,management,married,tertiary,no,21,yes,no,cellular,5,feb,89,2,252,2,failure,0,3.091042453358316
30,technician,married,secondary,no,436,yes,no,cellular,5,feb,138,3,206,8,other,0,6.07993319509559
40,unemployed,married,tertiary,no,2135,yes,no,cellular,5,feb,171,5,230,1,failure,0,7.666690200080086
43,admin.,single,secondary,no,1022,yes,no,cellular,5,feb,163,3,276,2,failure,0,6.930494765951626
35,blue-collar,single,secondary,no,0,yes,no,cellular,5,feb,155,3,254,1,other,0,0.0
43,admin.,single,secondary,no,375,no,yes,cellular,5,feb,193,2,199,4,failure,0,5.929589143389895
33,blue-collar,single,secondary,no,123,yes,no,cellular,5,feb,273,3,212,4,failure,0,4.820281565605037
37,blue-collar,single,secondary,no,111,yes,no,cellular,5,feb,60,2,272,2,failure,0,4.718498871295094
32,blue-collar,divorced,primary,no,158,yes,no,cellular,5,feb,728,4,253,1,failure,0,5.0689042022202315
43,unemployed,married,secondary,no,511,yes,yes,telephone,5,feb,191,5,190,5,other,0,6.238324625039508
38,admin.,divorced,secondary,no,19,yes,no,cellular,5,feb,1130,3,251,2,success,1,2.995732273553991
31,technician,single,tertiary,no,3729,yes,no,cellular,5,feb,176,2,8,10,other,0,8.224163512637862
33,blue-collar,single,secondary,no,687,yes,no,cellular,6,feb,178,2,273,1,failure,0,6.5337888379333435
39,management,single,tertiary,no,0,yes,no,cellular,6,feb,13,8,9,2,other,0,0.0
30,management,single,tertiary,no,640,no,no,cellular,6,feb,124,4,213,2,failure,0,6.46302945692067
29,blue-collar,married,secondary,no,247,no,yes,cellular,6,feb,204,2,214,1,failure,0,5.5134287461649825
38,blue-collar,married,primary,no,346,no,no,cellular,6,feb,15,3,9,3,other,0,5.849324779946859
52,management,married,secondary,no,4873,no,no,telephone,6,feb,381,6,213,9,failure,0,8.491670234185152
44,management,married,tertiary,no,445,no,yes,telephone,6,feb,135,2,9,7,other,0,6.100318952020064
43,technician,married,primary,no,321,yes,no,cellular,6,feb,12,5,268,6,other,0,5.7745515455444085
51,management,married,tertiary,no,-321,no,no,cellular,6,feb,470,2,9,2,other,0,0.0
56,admin.,married,secondary,no,1554,yes,yes,cellular,6,feb,15,6,190,27,other,0,7.349230824613334
30,unemployed,single,tertiary,no,306,no,no,cellular,6,feb,90,6,256,14,failure,0,5.726847747587197
37,services,single,primary,no,0,no,yes,cellular,6,feb,155,6,245,5,other,0,0.0
35,admin.,divorced,secondary,no,627,yes,no,cellular,6,feb,298,6,275,2,failure,0,6.4425401664681985
49,self-employed,married,tertiary,no,503,yes,no,cellular,6,feb,310,4,200,1,failure,0,6.222576268071369
55,technician,married,secondary,no,312,no,no,cellular,6,feb,13,8,9,3,other,0,5.746203190540153
32,services,single,secondary,no,124,yes,no,cellular,6,feb,202,3,9,5,other,0,4.8283137373023015
41,management,married,secondary,no,611,yes,no,cellular,6,feb,38,1,212,1,other,0,6.416732282512326
31,management,single,tertiary,no,12857,yes,no,cellular,6,feb,158,1,92,1,success,1,9.461721464701633
44,technician,married,secondary,no,310,yes,no,cellular,6,feb,200,1,253,1,failure,0,5.739792912179234
43,management,married,tertiary,no,479,yes,no,cellular,6,feb,168,1,254,2,failure,0,6.173786103901937
31,services,married,secondary,no,1801,yes,no,telephone,6,feb,136,1,274,2,failure,0,7.496652438168283
41,blue-collar,divorced,secondary,no,351,yes,no,cellular,6,feb,12,8,268,9,other,0,5.863631175598097
41,management,married,tertiary,no,326,no,no,cellular,6,feb,163,1,182,2,failure,0,5.7899601708972535
31,admin.,single,tertiary,no,383,no,yes,cellular,6,feb,119,1,214,1,failure,0,5.950642552587727
38,blue-collar,married,secondary,no,121,yes,yes,cellular,6,feb,168,1,212,2,failure,0,4.804021044733257
40,management,married,secondary,no,6695,yes,no,cellular,6,feb,297,1,252,1,failure,0,8.80926561216931
52,management,divorced,primary,no,11,no,no,cellular,6,feb,365,1,9,1,other,0,2.4849066497880004
31,management,married,tertiary,no,140,no,no,cellular,6,feb,9,8,212,4,other,0,4.948759890378168
37,technician,married,secondary,no,-254,yes,yes,cellular,6,feb,121,3,254,2,failure,0,0.0
58,services,married,primary,no,443,no,no,telephone,6,feb,41,2,204,1,failure,0,6.095824562432225
60,admin.,divorced,secondary,no,-41,yes,yes,cellular,6,feb,1658,1,262,1,failure,1,0.0
37,unemployed,divorced,secondary,no,74,yes,no,cellular,6,feb,120,1,275,1,failure,0,4.31748811353631
28,blue-collar,single,secondary,no,517,no,yes,cellular,6,feb,91,3,213,1,success,0,6.249975242259483
32,blue-collar,single,primary,no,1450,yes,no,cellular,6,feb,72,6,273,1,other,0,7.280008252884188
60,technician,married,secondary,no,1139,no,no,cellular,6,feb,67,2,207,2,failure,0,7.038783541388542
43,admin.,single,secondary,no,309,yes,no,telephone,6,feb,24,5,276,1,other,0,5.736572297479192
41,blue-collar,married,primary,no,0,yes,no,cellular,6,feb,620,4,200,4,success,0,0.0
36,services,single,secondary,no,417,yes,no,cellular,6,feb,15,10,207,3,failure,0,6.035481432524756
46,technician,married,primary,no,718,yes,no,cellular,6,feb,80,2,268,1,failure,0,6.577861357721047
47,management,married,tertiary,no,0,yes,no,telephone,6,feb,138,4,9,2,other,0,0.0
57,admin.,divorced,secondary,yes,-435,yes,yes,cellular,6,feb,89,5,273,2,failure,0,0.0
34,technician,single,secondary,no,347,yes,no,cellular,6,feb,154,2,197,6,failure,0,5.8522024797744745
45,blue-collar,married,secondary,no,776,yes,no,cellular,6,feb,232,4,253,1,failure,0,6.655440350367647
35,management,single,tertiary,no,1064,yes,no,cellular,6,feb,69,2,261,1,other,0,6.970730078143525
47,self-employed,married,tertiary,no,-80,yes,no,cellular,6,feb,150,3,270,2,failure,0,0.0
54,retired,single,secondary,no,515,yes,no,cellular,6,feb,115,2,234,1,failure,0,6.246106765481563
35,admin.,divorced,secondary,no,183,no,yes,cellular,6,feb,12,7,217,1,failure,0,5.214935757608986
47,self-employed,married,tertiary,no,917,no,no,cellular,6,feb,518,3,212,5,failure,0,6.822197390620491
38,management,married,tertiary,no,569,yes,no,cellular,6,feb,105,2,252,1,failure,0,6.345636360828596
49,retired,divorced,secondary,no,-268,yes,no,cellular,6,feb,42,2,206,5,failure,0,0.0
35,management,single,secondary,no,6809,yes,no,telephone,6,feb,139,8,273,7,failure,0,8.826147399143558
27,self-employed,divorced,secondary,no,165,yes,no,cellular,6,feb,1160,2,192,4,failure,0,5.111987788356544
42,technician,married,secondary,no,769,no,no,cellular,6,feb,187,2,246,1,failure,0,6.646390514847729
33,blue-collar,single,tertiary,no,350,yes,no,cellular,6,feb,148,7,227,5,failure,0,5.860786223465865
55,technician,married,secondary,no,517,yes,yes,cellular,6,feb,47,3,263,4,failure,0,6.249975242259483
58,services,married,secondary,no,-37,no,yes,telephone,6,feb,150,2,205,6,failure,0,0.0
56,technician,single,primary,no,145,yes,no,telephone,6,feb,124,2,9,2,other,0,4.983606621708336
33,technician,single,secondary,no,10,yes,no,cellular,6,feb,71,2,274,1,failure,0,2.3978952727983707
28,blue-collar,married,secondary,no,1137,no,no,cellular,6,feb,129,4,211,3,other,0,7.037027614686276
32,housemaid,married,primary,no,-184,yes,no,cellular,6,feb,129,2,197,1,failure,0,0.0
46,entrepreneur,married,secondary,no,122,no,no,cellular,6,feb,1047,2,1,7,failure,0,4.812184355372417
33,management,married,tertiary,no,17946,yes,no,cellular,6,feb,195,5,259,1,failure,0,9.795178249029277
52,blue-collar,married,primary,no,320,yes,no,cellular,6,feb,306,3,253,4,other,0,5.771441123130016
40,blue-collar,married,primary,no,451,yes,no,cellular,6,feb,356,3,262,1,failure,0,6.113682179832232
34,management,married,tertiary,no,0,no,no,cellular,6,feb,787,3,9,1,other,1,0.0
37,blue-collar,married,secondary,no,688,yes,no,cellular,9,feb,158,2,279,2,failure,0,6.535241271013659
50,blue-collar,married,primary,no,859,yes,yes,telephone,9,feb,56,5,196,7,failure,0,6.756932389247553
49,blue-collar,married,primary,no,474,yes,yes,telephone,9,feb,152,3,221,1,failure,0,6.163314804034641
33,admin.,married,secondary,no,347,yes,no,cellular,9,feb,7,7,193,13,failure,0,5.8522024797744745
33,management,divorced,tertiary,no,-848,yes,no,telephone,9,feb,12,12,256,2,other,0,0.0
35,management,married,tertiary,no,354,no,yes,cellular,9,feb,117,4,12,2,other,0,5.872117789475416
33,technician,single,secondary,no,0,yes,yes,cellular,9,feb,47,2,12,4,other,0,0.0
30,blue-collar,married,primary,no,243,no,yes,cellular,9,feb,133,2,213,2,failure,0,5.497168225293202
56,technician,divorced,secondary,no,0,yes,no,cellular,9,feb,139,5,265,4,failure,0,0.0
43,blue-collar,married,secondary,no,130,yes,no,cellular,9,feb,146,3,256,1,failure,0,4.875197323201151
32,blue-collar,married,primary,no,183,yes,no,cellular,9,feb,308,4,208,3,other,0,5.214935757608986
27,blue-collar,single,secondary,no,539,yes,no,cellular,9,feb,268,5,252,2,failure,0,6.29156913955832
33,technician,married,secondary,no,0,yes,no,cellular,9,feb,176,2,262,2,failure,0,0.0
34,admin.,single,secondary,no,1,yes,no,cellular,9,feb,185,7,280,1,other,0,0.6931471805599453
32,technician,married,secondary,no,106,no,no,cellular,9,feb,12,8,174,9,other,0,4.672828834461906
27,admin.,single,secondary,no,-550,yes,no,cellular,9,feb,176,3,195,15,other,0,0.0
30,management,single,tertiary,no,3773,yes,no,cellular,9,feb,75,4,258,1,failure,0,8.235890725928495
32,self-employed,single,secondary,no,360,yes,no,cellular,9,feb,175,3,259,4,failure,0,5.8888779583328805
33,blue-collar,single,tertiary,no,700,no,no,cellular,9,feb,126,1,88,1,success,1,6.55250788703459
36,self-employed,married,secondary,no,1245,yes,no,cellular,9,feb,8,7,248,9,success,0,7.1276936993473985
56,management,divorced,tertiary,no,505,no,no,cellular,9,feb,108,2,199,3,other,0,6.226536669287466
39,blue-collar,married,secondary,no,20,yes,no,cellular,9,feb,686,5,279,1,failure,0,3.044522437723423
46,services,married,secondary,no,561,yes,no,cellular,9,feb,84,4,256,7,failure,0,6.331501849893691
29,unemployed,single,tertiary,no,0,yes,no,cellular,9,feb,102,3,12,3,other,0,0.0
40,technician,married,tertiary,no,516,yes,no,cellular,9,feb,175,5,12,1,other,0,6.248042874508429
48,technician,married,tertiary,no,150,yes,no,cellular,9,feb,168,2,203,7,failure,0,5.017279836814924
54,blue-collar,married,secondary,no,2047,no,no,telephone,9,feb,150,7,194,6,failure,0,7.6246189861593985
35,blue-collar,single,secondary,no,0,yes,no,cellular,9,feb,226,3,280,1,other,0,0.0
35,blue-collar,married,secondary,no,-100,yes,no,telephone,9,feb,13,7,272,9,failure,0,0.0
58,blue-collar,married,primary,no,42,yes,no,cellular,9,feb,96,6,264,3,failure,0,3.7612001156935624
48,blue-collar,married,primary,no,683,yes,no,cellular,9,feb,144,5,209,12,failure,0,6.52795791762255
46,services,married,secondary,no,692,yes,no,cellular,9,feb,388,3,257,2,failure,0,6.541029999189903
49,unemployed,single,tertiary,no,631,no,no,cellular,9,feb,140,6,12,1,other,0,6.448889394146858
31,blue-collar,single,secondary,no,42,no,no,cellular,9,feb,473,3,12,2,other,0,3.7612001156935624
54,management,married,secondary,no,2895,yes,no,cellular,9,feb,20,2,256,1,failure,0,7.971085753505607
47,blue-collar,married,secondary,no,0,yes,no,cellular,9,feb,168,4,180,2,other,0,0.0
40,blue-collar,married,primary,no,3462,yes,no,cellular,9,feb,171,3,277,4,other,0,8.149890544402423
28,management,single,tertiary,no,385,no,yes,cellular,9,feb,79,4,193,7,failure,0,5.955837369464831
37,unemployed,married,secondary,no,356,no,no,cellular,9,feb,33,2,216,1,failure,0,5.877735781779639
33,technician,single,secondary,no,0,yes,no,cellular,9,feb,91,3,236,4,other,0,0.0
42,management,single,tertiary,no,1285,yes,no,cellular,9,feb,21,3,252,4,other,0,7.1592919047975645
51,admin.,married,secondary,no,-229,no,no,cellular,9,feb,18,3,12,1,other,0,0.0
34,admin.,married,secondary,no,0,yes,no,cellular,10,feb,97,1,85,1,failure,1,0.0
36,technician,married,tertiary,no,99,yes,yes,cellular,10,feb,86,1,85,1,failure,0,4.605170185988092
37,services,single,secondary,no,248,yes,no,cellular,10,feb,77,1,279,2,failure,0,5.517452896464707
38,management,married,tertiary,no,184,no,no,cellular,10,feb,64,2,188,2,failure,0,5.220355825078324
51,technician,married,tertiary,no,1347,yes,yes,cellular,10,feb,160,1,243,1,failure,1,7.206377291472252
40,blue-collar,married,secondary,no,5060,no,no,cellular,10,feb,154,2,93,1,success,1,8.529319371214077
39,management,married,secondary,no,363,yes,yes,cellular,11,feb,67,1,209,1,failure,0,5.8971538676367405
31,admin.,single,secondary,no,554,yes,no,cellular,11,feb,80,1,6,1,failure,0,6.318968113746434
28,admin.,married,tertiary,no,174,yes,yes,cellular,11,feb,56,1,184,2,failure,0,5.1647859739235145
54,management,divorced,tertiary,no,26306,yes,no,cellular,11,feb,27,1,84,3,failure,0,10.177590342447465
31,management,single,secondary,yes,0,no,no,cellular,11,feb,112,4,85,2,failure,0,0.0
37,admin.,married,secondary,no,1314,yes,no,cellular,12,feb,118,4,210,3,failure,1,7.181591944611865
43,management,divorced,tertiary,no,36,no,no,cellular,13,feb,61,1,193,1,failure,0,3.6109179126442243
45,technician,married,secondary,no,2403,no,no,cellular,13,feb,147,2,84,1,failure,0,7.784889295655098
33,management,single,tertiary,no,3552,no,no,cellular,13,feb,158,2,85,3,failure,1,8.175547596021026
54,management,married,tertiary,no,2960,yes,no,cellular,13,feb,94,9,85,1,failure,0,7.993282328101591
35,student,single,secondary,no,188,yes,no,cellular,16,feb,75,3,200,5,failure,1,5.241747015059643
44,admin.,divorced,secondary,no,397,yes,yes,cellular,16,feb,127,1,257,1,other,1,5.986452005284438
51,technician,married,secondary,no,195,yes,no,cellular,17,feb,105,1,92,1,failure,0,5.278114659230517
59,management,married,tertiary,no,1831,no,no,cellular,17,feb,122,1,92,1,failure,0,7.513163545234075
39,technician,married,secondary,no,4101,yes,no,cellular,18,feb,146,2,264,1,other,1,8.319229938632326
56,management,divorced,tertiary,no,722,no,no,cellular,19,feb,134,3,94,2,failure,0,6.583409222158765
25,student,married,tertiary,no,4923,yes,yes,cellular,19,feb,266,2,219,12,other,0,8.501876487304344
56,services,divorced,secondary,no,935,no,no,cellular,26,feb,112,1,227,2,failure,0,6.841615476477592
35,technician,divorced,secondary,no,2823,yes,no,cellular,26,feb,74,1,24,1,failure,0,7.945909598613133
49,self-employed,married,tertiary,no,503,yes,no,cellular,27,feb,118,5,21,5,failure,0,6.222576268071369
36,admin.,married,secondary,no,725,yes,no,cellular,27,feb,123,3,99,8,failure,0,6.587550014824796
36,technician,married,secondary,no,6384,yes,yes,cellular,27,feb,59,1,101,1,failure,0,8.76170676846664
30,management,single,tertiary,no,5561,yes,no,cellular,27,feb,195,1,100,1,success,1,8.62371303479391
37,management,married,tertiary,no,708,yes,no,cellular,27,feb,32,4,225,3,failure,0,6.5638555265321274
38,technician,married,secondary,no,5115,yes,no,cellular,27,feb,99,1,102,6,success,1,8.540128162698734
39,blue-collar,single,primary,no,581,yes,no,cellular,27,feb,233,1,270,1,other,1,6.366470447731438
34,management,married,tertiary,no,1036,yes,no,cellular,2,mar,78,4,103,7,failure,0,6.9440872082295275
54,management,married,tertiary,no,446,no,no,cellular,3,mar,133,4,102,4,other,0,6.102558594613569
60,retired,married,secondary,no,404,no,no,cellular,5,mar,308,2,196,2,failure,1,6.003887067106539
53,management,married,secondary,no,2693,no,no,cellular,5,mar,90,1,104,1,failure,1,7.898782356970309
45,admin.,divorced,secondary,no,2353,yes,no,cellular,5,mar,182,1,107,2,other,1,7.763871287820222
31,management,divorced,tertiary,no,883,yes,no,cellular,5,mar,112,2,106,1,failure,1,6.784457062637643
44,management,single,tertiary,no,483,no,no,cellular,6,mar,207,2,199,6,success,1,6.182084906716632
38,management,married,tertiary,no,1101,yes,no,cellular,9,mar,78,2,120,1,failure,0,7.004881989712859
29,technician,married,tertiary,no,676,no,no,cellular,9,mar,93,2,224,4,failure,0,6.517671272912275
37,unemployed,single,tertiary,no,1316,yes,no,cellular,10,mar,350,2,112,3,failure,1,7.183111701743281
34,management,married,tertiary,no,1674,yes,no,cellular,10,mar,113,1,210,7,failure,0,7.423568444259167
28,blue-collar,single,secondary,no,387,yes,no,cellular,13,mar,61,11,282,1,other,0,5.961005339623274
56,management,married,secondary,no,1928,no,no,cellular,16,mar,61,6,115,4,failure,0,7.564757012905729
48,technician,married,secondary,no,1981,yes,no,cellular,16,mar,291,3,238,2,success,0,7.591861714889934
37,services,single,secondary,no,1045,no,no,cellular,17,mar,406,2,41,1,failure,1,6.952728644624869
30,management,married,tertiary,no,8089,yes,no,cellular,18,mar,232,2,294,2,failure,1,8.998384010052538
59,admin.,married,secondary,no,3735,no,no,cellular,18,mar,203,4,121,2,failure,1,8.225770799348734
41,management,single,tertiary,no,120,no,yes,cellular,24,mar,81,1,49,3,other,0,4.795790545596741
34,technician,married,secondary,no,390,yes,no,cellular,27,mar,95,2,231,2,failure,1,5.968707559985366
38,admin.,married,tertiary,no,1988,no,no,cellular,27,mar,164,2,130,2,failure,1,7.5953872788539725
46,admin.,married,secondary,no,-522,yes,no,cellular,27,mar,243,3,239,13,other,1,0.0
32,management,single,tertiary,no,1613,no,no,cellular,30,mar,253,2,129,5,failure,0,7.3864708488298945
34,technician,single,tertiary,no,2658,yes,no,cellular,31,mar,265,1,230,2,failure,0,7.88570539124302
29,management,married,tertiary,no,250,yes,no,cellular,31,mar,371,2,257,1,other,0,5.5254529391317835
32,technician,single,tertiary,no,392,yes,no,cellular,1,apr,957,2,131,2,failure,0,5.973809611869261
39,technician,divorced,secondary,no,688,yes,yes,cellular,1,apr,233,2,133,1,failure,0,6.535241271013659
59,retired,married,secondary,no,1035,yes,yes,cellular,1,apr,126,2,239,1,failure,0,6.943122422819428
33,admin.,single,secondary,no,285,yes,no,cellular,1,apr,427,1,329,1,other,0,5.655991810819852
47,blue-collar,married,secondary,no,398,yes,yes,cellular,1,apr,274,1,238,2,failure,0,5.988961416889864
37,management,married,secondary,no,1180,yes,yes,cellular,1,apr,786,1,135,1,other,0,7.074116816197362
32,services,single,tertiary,no,1743,yes,no,cellular,1,apr,1156,1,261,3,other,0,7.463936604468925
54,retired,married,secondary,no,1004,yes,no,cellular,1,apr,479,1,307,1,failure,0,6.912742820493176
35,technician,married,secondary,no,0,no,no,cellular,1,apr,295,1,303,1,other,0,0.0
46,self-employed,divorced,tertiary,no,926,yes,no,cellular,1,apr,463,1,133,3,failure,0,6.831953565565855
49,admin.,married,primary,no,686,yes,yes,cellular,1,apr,286,2,225,4,other,0,6.532334292222349
34,blue-collar,married,secondary,no,1924,yes,yes,cellular,1,apr,161,2,253,1,failure,0,7.562681246721884
45,services,divorced,secondary,no,396,yes,yes,cellular,1,apr,251,4,329,4,failure,0,5.983936280687191
58,management,divorced,tertiary,no,315,yes,no,cellular,1,apr,121,2,135,2,failure,0,5.755742213586912
49,management,divorced,tertiary,no,20727,no,no,cellular,1,apr,285,3,132,2,failure,0,9.939240722241946
49,admin.,married,secondary,no,182,yes,no,cellular,2,apr,303,1,331,2,failure,0,5.209486152841421
33,blue-collar,married,secondary,no,3576,yes,no,cellular,2,apr,124,1,308,2,other,0,8.182279739259018
36,technician,married,secondary,no,4613,no,no,cellular,2,apr,320,1,134,2,failure,0,8.4368504387337
39,technician,married,secondary,no,508,yes,no,cellular,2,apr,598,2,135,5,failure,0,6.2324480165505225
48,services,married,secondary,no,0,yes,no,cellular,2,apr,146,1,267,1,failure,0,0.0
46,self-employed,married,secondary,no,-30,yes,yes,cellular,2,apr,164,1,300,2,failure,0,0.0
35,self-employed,married,tertiary,no,560,yes,no,cellular,2,apr,58,1,136,1,failure,0,6.329720905522696
35,self-employed,married,tertiary,no,1250,yes,no,cellular,2,apr,361,1,136,1,other,0,7.1316985104669115
58,technician,married,secondary,no,1,no,no,cellular,2,apr,333,1,64,2,failure,0,0.6931471805599453
35,management,single,tertiary,no,4348,yes,no,cellular,2,apr,1074,3,217,8,failure,0,8.37770121259764
32,admin.,married,tertiary,no,233,yes,no,cellular,2,apr,77,2,133,4,failure,0,5.455321115357702
30,management,single,tertiary,no,0,yes,no,cellular,2,apr,293,2,314,2,failure,0,0.0
53,blue-collar,married,primary,no,1409,yes,no,cellular,2,apr,464,1,287,1,failure,0,7.251344983372214
40,management,married,primary,no,738,yes,yes,cellular,2,apr,399,2,258,3,failure,0,6.6052979209482015
35,blue-collar,married,secondary,no,2643,yes,no,cellular,2,apr,96,3,330,1,other,0,7.880048200971577
57,management,married,tertiary,no,1631,yes,no,cellular,2,apr,254,2,261,3,failure,0,7.397561535524052
37,management,married,tertiary,no,489,yes,no,cellular,3,apr,246,2,133,6,failure,0,6.194405391104672
38,technician,married,secondary,no,-421,yes,no,cellular,3,apr,187,1,332,5,failure,0,0.0
54,retired,married,primary,no,136,yes,no,cellular,3,apr,352,1,332,2,failure,0,4.919980925828125
56,admin.,married,primary,no,0,yes,no,cellular,3,apr,353,2,227,4,failure,0,0.0
50,management,married,tertiary,no,414,yes,no,cellular,3,apr,707,1,302,3,failure,1,6.028278520230698
24,services,single,secondary,no,496,yes,no,cellular,3,apr,297,1,323,2,failure,0,6.208590026096629
35,admin.,married,secondary,no,3187,yes,no,cellular,3,apr,445,1,135,3,failure,0,8.067149039910106
31,services,single,secondary,no,695,yes,no,cellular,3,apr,314,1,318,1,failure,0,6.54534966033442
34,blue-collar,single,secondary,yes,-60,no,no,cellular,3,apr,84,1,332,1,failure,0,0.0
38,technician,married,secondary,no,275,yes,no,cellular,3,apr,277,2,333,1,failure,0,5.62040086571715
56,retired,married,secondary,no,3948,no,no,cellular,3,apr,484,1,135,3,failure,0,8.28121766128665
39,management,married,secondary,no,517,yes,no,cellular,3,apr,240,1,136,5,failure,0,6.249975242259483
43,unemployed,married,secondary,no,1943,yes,no,cellular,3,apr,273,2,136,2,failure,0,7.572502985020384
28,technician,single,tertiary,no,172,yes,yes,cellular,3,apr,100,14,60,2,failure,0,5.153291594497779
42,entrepreneur,married,tertiary,no,2249,yes,no,telephone,3,apr,362,2,136,6,failure,0,7.718685495198466
33,admin.,married,tertiary,no,1636,yes,yes,cellular,3,apr,105,1,136,1,failure,0,7.400620577371135
36,technician,divorced,secondary,no,666,yes,yes,cellular,3,apr,190,1,133,1,other,0,6.502790045915623
55,blue-collar,divorced,secondary,no,1613,yes,no,cellular,3,apr,296,1,270,3,failure,1,7.3864708488298945
44,entrepreneur,single,tertiary,no,1136,yes,yes,cellular,3,apr,345,2,249,7,other,0,7.036148493750536
49,technician,married,tertiary,no,523,yes,no,cellular,3,apr,203,1,31,2,success,0,6.261491684321042
48,admin.,married,primary,no,4459,yes,no,cellular,3,apr,439,2,240,1,failure,0,8.40290404501411
40,entrepreneur,married,tertiary,no,2644,yes,no,cellular,3,apr,235,1,133,3,failure,0,7.8804263442924
44,blue-collar,married,primary,no,612,yes,yes,cellular,3,apr,1091,1,135,1,failure,0,6.418364935936212
39,technician,single,tertiary,no,54,yes,no,cellular,3,apr,204,2,248,12,failure,0,4.007333185232471
41,self-employed,married,secondary,no,3123,yes,no,cellular,3,apr,1203,2,135,2,failure,1,8.046869510959576
37,admin.,married,secondary,no,1335,yes,no,telephone,3,apr,309,4,262,4,other,0,7.197435354096591
50,management,married,tertiary,no,101,yes,no,cellular,6,apr,43,2,326,1,failure,0,4.624972813284271
37,management,married,primary,no,3953,yes,no,cellular,6,apr,610,2,138,1,failure,0,8.282483003730562
43,management,divorced,tertiary,no,20,no,no,cellular,6,apr,590,2,255,2,failure,0,3.044522437723423
40,management,married,tertiary,no,285,yes,no,cellular,6,apr,322,1,265,3,success,0,5.655991810819852
34,technician,single,secondary,no,2729,yes,no,cellular,6,apr,945,1,139,1,success,0,7.912056888179006
35,blue-collar,married,secondary,no,270,yes,yes,cellular,6,apr,332,2,335,1,failure,0,5.602118820879701
45,blue-collar,married,secondary,no,-73,yes,no,cellular,6,apr,551,3,313,9,failure,0,0.0
33,technician,single,tertiary,no,127,yes,no,cellular,6,apr,583,2,222,17,failure,1,4.852030263919617
38,technician,single,secondary,no,12926,yes,no,cellular,6,apr,271,2,307,1,failure,0,9.467073426283948
32,services,married,secondary,no,393,no,no,cellular,6,apr,211,2,266,2,failure,0,5.976350909297934
47,admin.,single,secondary,no,1544,yes,no,cellular,6,apr,104,1,312,1,failure,0,7.3427791893318455
45,blue-collar,married,secondary,no,146,yes,yes,cellular,6,apr,294,1,305,15,failure,0,4.990432586778736
39,management,single,tertiary,no,2651,no,no,cellular,6,apr,139,2,136,5,other,0,7.883069351305753
44,management,married,secondary,no,8262,yes,no,cellular,6,apr,150,1,257,16,failure,0,9.019542996701185
30,technician,single,secondary,no,10152,yes,no,cellular,6,apr,1108,2,270,1,failure,0,9.225524507301223
44,blue-collar,married,secondary,no,545,yes,no,cellular,6,apr,122,3,136,1,failure,0,6.302618975744905
35,technician,married,secondary,no,5553,yes,no,cellular,6,apr,371,3,136,7,failure,0,8.622273667866745
40,admin.,single,secondary,no,462,yes,yes,cellular,6,apr,272,1,335,4,other,0,6.137727054086234
40,blue-collar,married,primary,no,2133,yes,yes,cellular,6,apr,377,3,325,1,failure,0,7.665753431861699
37,admin.,married,secondary,no,1207,yes,no,telephone,6,apr,1353,2,138,2,success,1,7.0967213784947605
37,technician,single,tertiary,no,3943,no,no,cellular,6,apr,1138,2,138,1,failure,1,8.279950715722526
59,services,married,primary,no,1562,yes,no,telephone,6,apr,471,2,270,1,other,0,7.354362330421477
42,blue-collar,married,primary,no,574,yes,no,cellular,6,apr,357,2,327,2,failure,0,6.354370040797351
46,admin.,single,secondary,no,757,yes,yes,cellular,6,apr,342,3,256,3,failure,0,6.630683385642372
33,admin.,single,secondary,no,2554,yes,no,telephone,6,apr,125,3,249,15,failure,0,7.845807502637805
41,admin.,divorced,secondary,no,270,yes,no,cellular,6,apr,143,1,336,1,failure,0,5.602118820879701
36,technician,married,secondary,no,0,yes,no,cellular,6,apr,583,3,335,2,other,0,0.0
46,admin.,divorced,secondary,no,1198,yes,yes,cellular,7,apr,837,1,307,1,other,0,7.089243155027514
41,technician,married,secondary,no,2185,yes,no,cellular,7,apr,157,4,309,4,other,0,7.689828668736484
33,services,married,secondary,no,387,yes,no,cellular,7,apr,327,2,138,2,failure,0,5.961005339623274
43,blue-collar,married,secondary,no,902,yes,no,cellular,7,apr,91,1,328,1,failure,0,6.805722553416985
33,management,married,tertiary,no,663,yes,no,cellular,7,apr,381,1,243,4,failure,0,6.498282149476434
36,blue-collar,single,secondary,no,3508,yes,no,cellular,7,apr,183,1,266,3,failure,0,8.163086375583216
31,management,married,secondary,no,625,yes,no,cellular,7,apr,424,1,138,1,failure,0,6.439350371100098
33,blue-collar,single,secondary,no,706,yes,no,cellular,7,apr,329,1,322,1,failure,0,6.561030665896573
53,blue-collar,divorced,secondary,no,1912,yes,yes,cellular,7,apr,210,1,253,2,failure,0,7.556427969440253
40,admin.,married,secondary,no,2591,yes,yes,cellular,7,apr,389,1,266,2,other,0,7.860185057472165
32,blue-collar,married,secondary,no,897,yes,no,cellular,7,apr,293,3,322,2,failure,0,6.8001700683022
53,blue-collar,married,primary,no,53,yes,no,cellular,7,apr,208,1,140,1,failure,0,3.9889840465642745
29,self-employed,single,tertiary,no,1457,yes,no,cellular,7,apr,89,1,314,1,other,0,7.284820912568604
35,entrepreneur,married,tertiary,no,1859,yes,no,cellular,7,apr,157,1,267,2,failure,0,7.528331766707247
31,blue-collar,married,primary,no,1601,no,no,cellular,7,apr,615,1,137,3,failure,0,7.379008127628304
37,technician,divorced,tertiary,no,1174,yes,no,cellular,7,apr,436,1,140,2,failure,0,7.069023426578259
41,services,married,secondary,no,446,yes,no,cellular,7,apr,93,3,140,2,failure,0,6.102558594613569
39,blue-collar,single,primary,no,581,yes,no,cellular,7,apr,620,1,39,2,success,0,6.366470447731438
48,services,married,secondary,no,665,yes,no,cellular,7,apr,271,2,230,3,failure,0,6.501289670540389
42,technician,divorced,primary,no,5076,yes,no,cellular,7,apr,99,1,251,2,other,0,8.532475814947395
35,management,married,tertiary,no,0,yes,no,cellular,7,apr,139,1,243,2,other,0,0.0
33,blue-collar,married,primary,no,1064,yes,no,cellular,7,apr,311,1,330,1,failure,0,6.970730078143525
35,management,single,tertiary,no,714,yes,no,cellular,7,apr,263,2,224,22,failure,0,6.5722825426940075
43,technician,single,secondary,no,4990,yes,no,cellular,7,apr,58,1,228,10,failure,0,8.515391569469609
24,admin.,single,secondary,no,5,no,no,cellular,7,apr,66,1,330,1,failure,0,1.791759469228055
49,entrepreneur,divorced,tertiary,no,1342,yes,yes,cellular,7,apr,253,1,140,1,failure,0,7.202661196523238
36,services,married,secondary,no,1746,yes,no,cellular,7,apr,15,1,316,1,failure,0,7.465655310134056
36,admin.,divorced,secondary,no,356,yes,no,cellular,7,apr,244,3,313,1,failure,0,5.877735781779639
31,student,single,secondary,no,735,no,no,cellular,7,apr,88,3,322,1,other,0,6.601230118728877
44,unemployed,married,secondary,no,728,yes,no,cellular,7,apr,185,1,328,11,failure,0,6.591673732008658
41,management,married,tertiary,no,5,yes,no,cellular,7,apr,542,3,140,3,failure,0,1.791759469228055
34,unemployed,married,secondary,no,428,yes,no,cellular,7,apr,221,2,267,3,other,0,6.061456918928017
40,blue-collar,single,primary,no,446,yes,no,cellular,8,apr,594,4,331,1,failure,0,6.102558594613569
38,blue-collar,married,secondary,no,6994,yes,no,telephone,8,apr,169,1,139,2,failure,0,8.852950887099581
42,technician,married,secondary,no,233,no,no,cellular,8,apr,98,1,231,4,failure,0,5.455321115357702
36,blue-collar,single,secondary,no,1822,yes,no,cellular,8,apr,952,1,323,1,other,1,7.508238774678663
35,blue-collar,married,secondary,no,2926,yes,no,cellular,8,apr,182,1,292,25,failure,0,7.9817332866918855
37,admin.,single,secondary,no,810,yes,no,cellular,8,apr,376,1,295,1,failure,0,6.698268054115413
35,technician,single,tertiary,no,458,yes,no,cellular,8,apr,2129,1,322,3,failure,0,6.129050210060545
55,self-employed,married,secondary,no,12159,yes,no,cellular,8,apr,179,5,139,4,failure,0,9.405907155520158
39,admin.,married,secondary,no,217,yes,no,cellular,8,apr,284,1,308,4,failure,0,5.384495062789089
48,management,married,secondary,no,4415,yes,no,cellular,8,apr,1032,3,141,7,failure,1,8.392989587956931
34,student,single,tertiary,no,3404,yes,no,cellular,8,apr,420,1,139,5,failure,0,8.133000218583613
36,self-employed,married,primary,no,1094,yes,no,cellular,8,apr,291,1,335,1,failure,0,6.9985096422506015
45,blue-collar,married,primary,no,31,no,no,cellular,8,apr,393,2,310,1,other,0,3.4657359027997265
32,technician,married,secondary,no,303,yes,no,cellular,8,apr,150,1,267,4,failure,1,5.717027701406222
38,technician,married,tertiary,no,3234,no,no,cellular,8,apr,281,1,141,2,success,0,8.081784206935001
40,entrepreneur,married,tertiary,no,2310,yes,yes,cellular,8,apr,120,1,294,1,failure,0,7.745435610274381
50,technician,single,secondary,no,-97,yes,no,cellular,8,apr,425,1,306,2,failure,0,0.0
32,technician,married,secondary,no,1951,yes,no,cellular,8,apr,518,2,261,2,failure,0,7.5766097669730375
33,management,single,tertiary,no,318,yes,no,cellular,8,apr,1190,1,141,3,other,1,5.765191102784844
44,admin.,married,secondary,no,1807,yes,yes,cellular,8,apr,229,1,313,1,failure,0,7.4999765409521215
35,management,married,tertiary,no,1725,yes,yes,cellular,8,apr,180,2,254,7,failure,0,7.453561871643373
35,management,married,tertiary,no,24,yes,no,cellular,8,apr,169,1,231,2,failure,0,3.2188758248682006
39,services,married,secondary,no,702,yes,no,cellular,8,apr,303,1,300,1,failure,0,6.555356891810665
30,services,single,secondary,no,1268,yes,no,cellular,8,apr,105,4,320,8,other,1,7.1459844677143876
26,blue-collar,married,secondary,no,352,yes,no,cellular,8,apr,213,3,317,4,other,0,5.8664680569332965
37,technician,married,secondary,no,523,yes,no,cellular,8,apr,171,2,139,4,failure,0,6.261491684321042
38,blue-collar,single,secondary,no,2580,yes,no,cellular,8,apr,1691,2,264,3,failure,1,7.855932199718614
30,management,married,tertiary,no,357,yes,no,cellular,8,apr,78,2,289,2,other,0,5.8805329864007
37,services,single,secondary,no,248,yes,no,cellular,8,apr,417,2,57,3,failure,0,5.517452896464707
58,retired,divorced,tertiary,no,5253,no,no,cellular,9,apr,162,4,295,3,failure,0,8.566744970245486
38,blue-collar,married,secondary,no,13849,yes,no,cellular,9,apr,286,4,321,5,failure,0,9.536040511615484
32,technician,married,secondary,no,344,yes,no,cellular,9,apr,68,3,140,2,failure,0,5.84354441703136
33,blue-collar,married,primary,no,331,yes,no,cellular,9,apr,435,2,314,3,failure,0,5.805134968916488
36,blue-collar,married,primary,no,2730,yes,no,cellular,9,apr,105,1,323,1,failure,0,7.912423121473705
57,blue-collar,married,secondary,no,1412,yes,no,cellular,9,apr,89,1,330,1,failure,0,7.253470382684528
41,services,married,secondary,no,803,yes,no,cellular,9,apr,592,4,316,3,failure,1,6.6895992691789665
34,management,married,tertiary,no,159,yes,yes,cellular,9,apr,150,1,275,2,other,0,5.075173815233827
39,management,married,tertiary,no,272,yes,no,cellular,9,apr,85,1,325,1,other,0,5.60947179518496
33,technician,single,secondary,no,719,yes,no,cellular,9,apr,448,2,316,6,failure,1,6.579251212010101
51,blue-collar,divorced,primary,no,155,yes,yes,cellular,9,apr,220,1,142,1,failure,0,5.049856007249537
39,technician,married,secondary,no,958,yes,no,cellular,9,apr,141,5,142,4,failure,0,6.8658910748834385
42,management,married,tertiary,no,1773,no,no,cellular,9,apr,311,1,336,1,failure,0,7.480992162869525
29,blue-collar,single,secondary,no,314,yes,no,cellular,9,apr,161,1,316,2,other,0,5.752572638825633
32,admin.,married,secondary,no,393,yes,no,cellular,9,apr,236,1,330,1,failure,0,5.976350909297934
34,unemployed,married,secondary,no,438,yes,yes,cellular,9,apr,272,1,323,1,failure,0,6.0844994130751715
35,admin.,married,secondary,no,159,yes,no,cellular,9,apr,259,2,262,1,failure,0,5.075173815233827
42,technician,married,secondary,no,488,no,no,cellular,9,apr,230,1,325,1,other,0,6.192362489474872
51,blue-collar,married,primary,no,5131,yes,no,cellular,9,apr,348,1,329,2,failure,0,8.543250725735527
34,services,single,primary,no,25,yes,yes,cellular,9,apr,96,4,314,8,other,0,3.258096538021482
42,entrepreneur,married,secondary,no,0,yes,no,cellular,9,apr,331,1,140,4,failure,1,0.0
34,technician,married,secondary,no,1012,yes,yes,cellular,9,apr,353,2,163,1,success,0,6.920671504248683
30,blue-collar,married,secondary,no,177,yes,no,cellular,9,apr,62,2,332,3,failure,0,5.181783550292085
40,management,divorced,tertiary,no,1315,yes,no,cellular,9,apr,466,2,141,5,failure,0,7.182352111885263
43,blue-collar,married,secondary,no,664,yes,no,cellular,9,apr,290,2,301,1,failure,0,6.499787040655854
55,self-employed,married,secondary,no,2408,no,no,telephone,9,apr,327,2,140,1,failure,0,7.786967002614872
31,services,single,secondary,no,900,yes,no,cellular,9,apr,221,2,140,6,failure,0,6.803505257608338
41,blue-collar,married,primary,no,3658,yes,no,cellular,9,apr,268,1,330,1,failure,0,8.204945165019208
37,technician,single,secondary,no,1590,yes,no,cellular,9,apr,121,5,315,3,other,0,7.372118028337787
40,blue-collar,married,secondary,no,1554,yes,no,cellular,9,apr,385,2,331,1,failure,0,7.349230824613334
34,entrepreneur,married,secondary,no,1847,yes,no,cellular,9,apr,543,3,321,6,failure,0,7.521859252201629
38,admin.,single,tertiary,no,-898,yes,no,cellular,9,apr,345,2,323,1,failure,0,0.0
34,services,married,secondary,no,404,yes,no,cellular,9,apr,208,12,337,1,failure,0,6.003887067106539
34,admin.,married,tertiary,no,899,yes,no,cellular,9,apr,627,2,141,7,failure,0,6.802394763324311
28,management,divorced,tertiary,no,229,yes,no,cellular,9,apr,1042,2,315,2,other,1,5.438079308923196
35,entrepreneur,married,tertiary,no,7962,yes,no,cellular,9,apr,275,2,140,2,failure,0,8.982561092257445
36,technician,married,secondary,no,569,yes,no,cellular,9,apr,265,1,323,5,failure,0,6.345636360828596
39,technician,married,tertiary,no,1161,yes,no,cellular,9,apr,236,1,336,1,failure,0,7.057897937411856
41,blue-collar,married,secondary,no,-56,yes,no,cellular,13,apr,137,1,333,2,other,0,0.0
42,entrepreneur,married,tertiary,no,1068,yes,no,cellular,13,apr,444,1,300,8,failure,0,6.974478911025045
45,blue-collar,married,secondary,no,96,yes,no,cellular,13,apr,348,3,256,2,failure,1,4.574710978503383
34,admin.,married,secondary,no,1499,yes,no,cellular,13,apr,186,1,327,2,failure,0,7.313220387090301
52,blue-collar,married,secondary,no,8180,yes,no,cellular,13,apr,81,1,144,1,failure,0,9.009569671513699
45,admin.,single,secondary,no,946,yes,no,cellular,13,apr,754,3,143,6,failure,0,6.853299093186078
60,management,married,primary,no,252,yes,yes,cellular,13,apr,123,2,147,3,failure,0,5.53338948872752
49,blue-collar,single,secondary,no,8982,yes,no,cellular,13,apr,470,2,334,1,failure,0,9.103089181229207
31,management,married,tertiary,no,357,yes,no,cellular,13,apr,201,2,228,5,failure,0,5.8805329864007
31,blue-collar,married,secondary,no,1716,yes,no,cellular,13,apr,542,2,340,2,other,0,7.448333860897476
38,admin.,divorced,secondary,no,3834,yes,no,cellular,13,apr,363,2,327,1,failure,0,8.251924713801357
43,blue-collar,married,primary,no,1288,yes,no,cellular,13,apr,136,1,334,1,failure,0,7.161622002939187
38,blue-collar,married,secondary,no,1663,yes,no,cellular,13,apr,217,3,327,1,failure,0,7.416979621381154
42,blue-collar,married,primary,no,7735,yes,no,cellular,13,apr,166,1,144,2,failure,0,8.95364003713313
41,technician,married,tertiary,no,816,yes,yes,cellular,13,apr,520,2,319,1,failure,0,6.705639094860003
34,management,married,tertiary,no,1116,yes,no,cellular,13,apr,120,1,262,5,failure,0,7.018401799069201
43,blue-collar,divorced,primary,no,515,yes,no,cellular,13,apr,199,2,146,1,failure,0,6.246106765481563
33,management,single,tertiary,no,215,yes,no,cellular,13,apr,1058,1,17,1,failure,0,5.375278407684165
44,self-employed,single,tertiary,no,1367,yes,no,cellular,13,apr,1232,3,146,1,other,1,7.221105098182496
35,blue-collar,married,secondary,no,120,yes,no,cellular,14,apr,269,3,328,1,failure,0,4.795790545596741
44,services,married,secondary,no,1450,yes,no,cellular,14,apr,356,1,314,2,failure,0,7.280008252884188
41,management,married,tertiary,no,-456,no,no,cellular,14,apr,427,4,144,1,failure,0,0.0
45,technician,single,primary,no,237,yes,no,cellular,14,apr,110,1,263,1,failure,0,5.472270673671475
33,management,married,tertiary,no,0,yes,no,cellular,14,apr,535,3,328,1,failure,1,0.0
25,student,single,secondary,no,1765,yes,no,telephone,14,apr,111,3,326,2,failure,0,7.476472381163905
31,blue-collar,single,secondary,no,609,yes,no,cellular,14,apr,1126,1,335,1,failure,0,6.413458957167357
33,admin.,single,secondary,no,572,yes,no,cellular,14,apr,344,1,74,2,failure,1,6.35088571671474
37,technician,married,secondary,no,474,yes,no,cellular,14,apr,85,1,322,1,failure,0,6.163314804034641
54,admin.,married,secondary,no,3136,yes,no,telephone,14,apr,104,1,146,1,failure,0,8.051022208190679
32,blue-collar,married,secondary,no,180,yes,no,cellular,14,apr,179,1,334,1,other,0,5.198497031265826
29,services,married,secondary,no,690,yes,no,cellular,14,apr,553,2,316,1,other,0,6.53813982376767
44,admin.,divorced,secondary,no,0,no,no,cellular,14,apr,1594,1,148,1,failure,1,0.0
38,admin.,married,secondary,no,766,yes,no,cellular,14,apr,461,2,335,1,failure,0,6.642486801367256
27,self-employed,married,tertiary,no,10005,yes,no,cellular,14,apr,163,3,271,2,failure,0,9.21094019204815
34,blue-collar,single,secondary,no,47,yes,no,cellular,14,apr,232,1,147,2,failure,0,3.871201010907891
43,blue-collar,married,primary,no,2273,yes,no,cellular,14,apr,424,2,147,3,failure,0,7.729295674310482
32,management,single,tertiary,no,574,yes,no,cellular,14,apr,259,2,145,3,failure,0,6.354370040797351
36,blue-collar,married,secondary,no,325,no,no,cellular,14,apr,119,2,337,2,failure,0,5.786897381366708
52,services,married,secondary,no,2904,yes,no,cellular,15,apr,201,6,272,3,failure,0,7.974188669286011
52,management,married,tertiary,no,1944,yes,no,cellular,15,apr,238,3,323,2,failure,0,7.573017256052546
35,admin.,married,secondary,no,5250,yes,no,cellular,15,apr,343,2,146,1,failure,0,8.566173813637858
43,services,married,primary,no,2557,yes,no,telephone,15,apr,165,2,327,3,failure,1,7.846980982138788
32,services,married,secondary,no,1129,yes,no,cellular,15,apr,903,2,341,2,failure,1,7.029972911706386
40,services,divorced,secondary,no,1062,yes,no,cellular,15,apr,389,2,299,4,failure,0,6.968850378341948
33,management,single,tertiary,no,1271,yes,no,cellular,15,apr,636,3,330,1,failure,1,7.148345743900068
46,management,married,secondary,no,4105,yes,no,cellular,15,apr,115,3,258,2,failure,0,8.32020459757888
32,technician,single,secondary,no,674,yes,yes,cellular,15,apr,169,1,316,3,failure,0,6.51471269087253
53,self-employed,divorced,secondary,no,8112,yes,yes,cellular,15,apr,75,1,146,1,failure,0,9.001222992395064
32,technician,married,secondary,no,-292,yes,yes,cellular,15,apr,301,1,316,1,failure,0,0.0
31,blue-collar,married,secondary,no,1131,yes,yes,cellular,15,apr,126,1,148,6,failure,0,7.0317412587631285
36,management,married,secondary,no,1160,yes,no,cellular,15,apr,56,1,323,3,failure,0,7.057036981697891
34,services,single,secondary,no,194,yes,yes,cellular,15,apr,149,1,268,2,other,0,5.272999558563747
50,self-employed,married,tertiary,no,202,yes,no,cellular,15,apr,107,1,148,4,failure,0,5.313205979041787
41,blue-collar,married,secondary,no,217,yes,no,cellular,15,apr,375,2,344,1,failure,0,5.384495062789089
29,management,married,tertiary,no,5698,no,no,cellular,15,apr,437,1,264,1,failure,0,8.648045999835
38,technician,single,secondary,no,8381,no,no,cellular,15,apr,82,1,145,1,failure,0,9.033841828485016
54,blue-collar,divorced,primary,no,2656,yes,no,cellular,15,apr,1187,2,320,2,success,0,7.884952945759814
32,management,single,tertiary,no,3981,yes,no,cellular,15,apr,362,1,271,1,failure,0,8.289539484624141
42,admin.,divorced,secondary,no,2397,yes,no,cellular,15,apr,239,2,320,2,failure,0,7.7823903355874595
50,services,married,secondary,no,254,yes,no,cellular,15,apr,397,2,337,1,failure,0,5.541263545158426
44,blue-collar,married,primary,no,4581,yes,no,cellular,15,apr,520,3,146,2,failure,0,8.42989086301344
38,management,single,tertiary,no,6158,yes,no,cellular,15,apr,139,5,145,9,failure,1,8.725669705687043
37,blue-collar,single,tertiary,no,3649,yes,no,cellular,15,apr,623,2,146,4,failure,0,8.202482446576537
34,technician,single,secondary,no,2660,yes,no,cellular,15,apr,158,2,329,1,failure,0,7.886457270977689
40,admin.,single,secondary,no,985,yes,no,cellular,15,apr,313,3,145,5,other,0,6.893656354602635
34,technician,single,tertiary,no,1393,yes,no,cellular,15,apr,540,3,271,3,success,0,7.2399325913204695
37,management,single,tertiary,no,876,yes,no,cellular,15,apr,140,4,327,2,failure,0,6.776506992372183
52,blue-collar,married,primary,no,281,yes,no,cellular,16,apr,55,4,335,3,other,0,5.641907070938114
32,blue-collar,married,secondary,yes,-53,yes,no,cellular,16,apr,648,1,272,1,other,1,0.0
33,services,married,secondary,no,1397,yes,no,cellular,16,apr,370,1,146,3,failure,0,7.242797922793756
39,technician,married,secondary,no,0,yes,no,cellular,16,apr,137,1,300,1,failure,0,0.0
32,blue-collar,single,secondary,no,760,yes,no,cellular,16,apr,445,1,148,2,other,0,6.634633357861686
36,blue-collar,married,primary,no,453,yes,no,cellular,16,apr,176,1,330,2,failure,0,6.118097198041348
32,self-employed,single,secondary,no,202,yes,no,cellular,16,apr,827,1,149,1,failure,0,5.313205979041787
29,blue-collar,single,secondary,no,1232,yes,no,cellular,16,apr,258,1,316,2,failure,0,7.117205503164344
42,technician,divorced,secondary,no,2189,no,no,cellular,16,apr,67,5,149,2,other,0,7.691656822810547
33,housemaid,single,tertiary,no,23663,yes,no,cellular,16,apr,199,2,146,2,failure,0,10.07171018495058
35,management,single,tertiary,no,1350,yes,no,cellular,16,apr,185,1,330,1,failure,0,7.208600337960199
43,blue-collar,single,secondary,no,1306,yes,no,cellular,16,apr,243,1,336,1,failure,0,7.175489713624222
32,technician,single,secondary,no,309,yes,yes,cellular,16,apr,346,1,234,3,failure,0,5.736572297479192
29,admin.,divorced,secondary,no,589,yes,no,telephone,16,apr,262,6,316,1,other,0,6.380122536899765
41,admin.,married,secondary,no,1597,yes,no,cellular,16,apr,461,2,321,1,failure,0,7.37650812632622
57,blue-collar,divorced,primary,no,5041,yes,no,cellular,16,apr,284,1,336,1,failure,0,8.525558107747866
34,technician,single,secondary,no,486,yes,no,cellular,16,apr,204,1,328,2,failure,0,6.18826412308259
39,blue-collar,married,primary,no,467,yes,no,cellular,16,apr,232,1,335,1,failure,0,6.148468295917647
39,management,married,tertiary,no,63,yes,no,cellular,16,apr,479,1,330,1,failure,0,4.1588830833596715
33,management,single,secondary,no,-665,yes,yes,cellular,16,apr,324,1,342,1,failure,0,0.0
34,technician,married,tertiary,no,352,yes,no,cellular,16,apr,288,3,324,1,other,0,5.8664680569332965
52,admin.,married,secondary,no,979,yes,no,cellular,16,apr,156,1,336,1,other,0,6.887552571664617
31,technician,single,tertiary,no,2530,yes,no,cellular,16,apr,60,1,342,1,failure,0,7.836369760545124
37,services,married,secondary,no,345,yes,yes,cellular,16,apr,114,1,148,1,failure,0,5.846438775057725
36,blue-collar,divorced,secondary,no,3102,yes,no,cellular,16,apr,188,1,147,1,failure,0,8.04012466444838
58,blue-collar,married,secondary,no,8195,yes,no,cellular,16,apr,104,1,332,2,failure,0,9.011401509358791
33,blue-collar,married,primary,no,359,yes,yes,cellular,16,apr,130,1,148,1,failure,0,5.886104031450156
52,entrepreneur,single,tertiary,no,3469,yes,no,cellular,16,apr,583,1,147,1,success,1,8.151909872940905
50,blue-collar,married,secondary,no,825,yes,no,cellular,16,apr,18,3,273,1,failure,0,6.716594773520978
30,management,single,tertiary,no,726,yes,no,cellular,16,apr,39,1,342,3,failure,0,6.588926477533519
31,blue-collar,married,secondary,no,1981,yes,no,cellular,16,apr,198,1,268,2,failure,0,7.591861714889934
35,admin.,single,secondary,no,-101,yes,no,cellular,16,apr,275,1,318,1,other,0,0.0
38,services,divorced,secondary,no,904,yes,no,cellular,16,apr,361,1,339,1,failure,0,6.807934943699926
24,blue-collar,single,secondary,no,525,yes,no,cellular,16,apr,253,1,332,1,failure,0,6.26530121273771
37,technician,divorced,tertiary,no,1762,yes,no,cellular,16,apr,309,1,317,1,failure,0,7.47477218239787
39,services,divorced,secondary,no,1957,yes,yes,cellular,16,apr,350,1,147,1,failure,0,7.579678823090456
35,technician,married,secondary,no,545,yes,no,cellular,16,apr,1579,1,234,4,failure,1,6.302618975744905
39,management,divorced,secondary,no,-17,no,no,cellular,16,apr,316,1,146,4,failure,0,0.0
29,blue-collar,married,primary,no,10045,yes,no,cellular,16,apr,617,1,322,4,failure,0,9.21492982430999
46,blue-collar,single,primary,no,96,yes,no,cellular,16,apr,99,1,148,1,failure,0,4.574710978503383
54,housemaid,married,secondary,no,736,yes,no,cellular,16,apr,268,1,331,1,failure,0,6.602587892189336
33,self-employed,single,tertiary,no,1354,yes,no,cellular,16,apr,270,1,147,2,failure,0,7.2115567333138015
54,blue-collar,married,secondary,no,0,no,no,telephone,16,apr,1366,1,150,1,failure,0,0.0
39,management,married,tertiary,no,691,yes,yes,cellular,16,apr,517,1,255,1,failure,0,6.539585955617669
51,entrepreneur,married,secondary,no,0,yes,yes,cellular,16,apr,432,1,150,1,failure,0,0.0
35,blue-collar,single,secondary,no,0,yes,no,cellular,16,apr,1174,1,345,4,other,1,0.0
57,admin.,divorced,primary,no,207,yes,no,cellular,16,apr,284,1,317,4,failure,0,5.337538079701318
47,entrepreneur,married,secondary,no,1375,yes,no,telephone,16,apr,272,2,321,7,failure,0,7.226936018493289
48,services,married,secondary,no,543,yes,no,cellular,16,apr,152,1,336,1,failure,0,6.298949246855942
46,services,married,secondary,no,1550,yes,no,cellular,16,apr,126,2,149,8,failure,0,7.346655163176539
38,blue-collar,married,primary,no,1576,yes,no,cellular,16,apr,144,1,328,2,other,0,7.3632795869630385
33,management,married,tertiary,no,2441,yes,yes,cellular,16,apr,257,2,148,1,failure,0,7.80057265467065
30,blue-collar,single,secondary,no,445,yes,no,cellular,16,apr,218,1,330,2,failure,0,6.100318952020064
40,self-employed,married,secondary,no,31,yes,no,cellular,16,apr,174,2,147,6,failure,0,3.4657359027997265
32,blue-collar,single,primary,no,528,yes,no,cellular,16,apr,219,1,273,1,failure,0,6.270988431858299
31,blue-collar,single,secondary,no,1205,yes,no,cellular,16,apr,462,1,328,2,other,0,7.095064377287131
29,admin.,married,secondary,no,2121,no,no,cellular,16,apr,281,1,342,2,other,0,7.660114319173928
27,blue-collar,married,secondary,no,2171,yes,no,cellular,16,apr,130,1,323,1,other,0,7.683403681053826
30,admin.,married,tertiary,no,26,yes,no,cellular,16,apr,62,1,323,1,failure,0,3.295836866004329
42,admin.,married,secondary,no,8238,yes,yes,cellular,16,apr,102,2,149,5,other,0,9.01663425631559
31,blue-collar,single,secondary,no,855,yes,no,cellular,16,apr,94,1,317,2,failure,0,6.752270376141742
40,technician,married,primary,no,644,yes,no,cellular,16,apr,118,2,336,1,failure,0,6.4692503167957724
38,blue-collar,divorced,secondary,no,614,yes,no,cellular,16,apr,314,2,331,1,failure,0,6.421622267806518
30,admin.,single,secondary,no,818,yes,yes,cellular,16,apr,66,1,346,1,failure,0,6.70808408385307
54,blue-collar,married,primary,no,3170,yes,no,telephone,16,apr,140,2,324,4,failure,0,8.061802274538348
32,self-employed,single,tertiary,no,519,yes,no,cellular,16,apr,317,2,149,1,failure,0,6.253828811575473
43,blue-collar,married,primary,no,2519,yes,no,cellular,16,apr,257,2,146,9,other,0,7.832014180505469
38,admin.,married,secondary,no,281,yes,no,cellular,16,apr,235,2,335,2,failure,0,5.641907070938114
36,management,single,tertiary,no,4788,yes,no,cellular,16,apr,241,2,317,1,failure,0,8.47407690034261
36,blue-collar,single,primary,no,736,yes,no,cellular,16,apr,114,2,304,2,failure,0,6.602587892189336
37,technician,married,secondary,no,0,yes,no,cellular,16,apr,657,4,149,1,other,0,0.0
36,technician,single,tertiary,no,470,yes,no,cellular,16,apr,123,3,265,13,success,0,6.154858094016418
48,blue-collar,married,secondary,no,113,yes,no,cellular,16,apr,255,2,318,5,other,0,4.736198448394496
37,blue-collar,married,secondary,no,2848,yes,no,cellular,16,apr,280,2,147,3,failure,0,7.954723334497908
31,management,single,tertiary,no,319,yes,no,cellular,16,apr,302,2,248,2,failure,0,5.768320995793772
44,management,divorced,tertiary,no,2422,yes,no,cellular,16,apr,399,2,269,2,failure,0,7.792761720816526
47,management,married,tertiary,no,109,yes,no,cellular,16,apr,91,2,268,1,failure,0,4.700480365792417
42,blue-collar,married,primary,no,560,yes,yes,cellular,16,apr,122,4,149,2,failure,0,6.329720905522696
32,services,married,secondary,no,1273,yes,no,cellular,16,apr,1365,2,328,1,failure,1,7.149916836132109
38,self-employed,married,tertiary,no,2084,yes,no,cellular,16,apr,71,2,330,2,failure,0,7.642524134232902
42,services,married,secondary,no,1027,yes,no,telephone,16,apr,63,2,150,4,failure,0,6.93537044601511
33,blue-collar,single,secondary,no,1036,yes,yes,cellular,16,apr,323,2,321,2,failure,0,6.9440872082295275
39,blue-collar,married,primary,no,2366,yes,no,cellular,16,apr,1007,3,325,4,failure,0,7.769378609513984
32,management,single,secondary,no,301,yes,no,cellular,16,apr,383,3,345,1,failure,0,5.71042701737487
38,technician,married,secondary,no,183,yes,no,cellular,16,apr,256,3,339,2,failure,0,5.214935757608986
32,services,married,secondary,no,1167,yes,yes,telephone,16,apr,668,3,147,1,failure,0,7.0630481633881725
29,technician,single,tertiary,no,828,yes,no,cellular,16,apr,215,3,321,3,other,0,6.720220155135295
40,blue-collar,married,primary,no,-214,yes,no,cellular,16,apr,348,2,266,1,other,0,0.0
33,technician,single,tertiary,no,617,yes,no,cellular,16,apr,282,2,259,4,other,0,6.42648845745769
36,technician,married,primary,no,3350,yes,no,cellular,16,apr,86,1,269,3,other,0,8.11701408773731
53,admin.,married,secondary,no,3703,yes,no,cellular,16,apr,104,1,267,1,failure,0,8.21716859576607
32,blue-collar,married,primary,no,5511,no,no,cellular,16,apr,408,2,231,16,other,0,8.614682812693495
41,blue-collar,married,primary,no,-692,yes,no,cellular,16,apr,370,3,282,2,failure,0,0.0
35,management,divorced,secondary,no,124,yes,no,cellular,16,apr,48,4,146,5,failure,0,4.8283137373023015
47,entrepreneur,divorced,secondary,no,392,yes,yes,cellular,16,apr,279,3,148,1,failure,0,5.973809611869261
31,admin.,married,secondary,no,4457,yes,no,cellular,16,apr,225,1,146,4,success,0,8.402455513945814
38,services,married,secondary,no,4582,yes,no,telephone,16,apr,193,1,314,4,other,0,8.430109084509125
42,technician,divorced,secondary,no,611,yes,no,cellular,16,apr,804,2,262,5,failure,0,6.416732282512326
45,blue-collar,married,primary,no,2958,yes,no,cellular,16,apr,580,1,317,2,failure,0,7.99260665240021
27,technician,single,secondary,no,639,yes,no,cellular,16,apr,119,1,314,5,success,0,6.461468176353717
34,blue-collar,married,primary,no,2720,yes,no,cellular,16,apr,115,2,146,5,failure,0,7.908754738783246
42,admin.,single,secondary,no,734,yes,no,cellular,16,apr,332,2,317,3,failure,0,6.5998704992128365
44,blue-collar,divorced,primary,no,75,yes,no,cellular,16,apr,614,1,281,1,failure,0,4.330733340286331
35,management,married,tertiary,no,1906,yes,no,cellular,16,apr,102,1,148,5,other,0,7.553286605600419
53,blue-collar,married,primary,no,241,yes,no,cellular,16,apr,1410,1,325,2,failure,0,5.488937726156687
33,management,single,tertiary,no,1423,yes,no,cellular,16,apr,633,3,248,2,other,0,7.261225091971921
32,technician,single,tertiary,no,932,yes,no,cellular,16,apr,944,1,318,1,failure,1,6.838405200847344
40,blue-collar,married,secondary,no,750,yes,yes,cellular,16,apr,340,1,281,1,failure,0,6.621405651764134
44,management,married,tertiary,no,38,yes,no,telephone,16,apr,201,2,330,8,other,0,3.6635616461296463
53,management,married,tertiary,no,1319,yes,no,cellular,16,apr,427,1,150,1,failure,0,7.1853870155804165
40,services,divorced,primary,no,471,yes,no,cellular,16,apr,1156,1,345,2,failure,1,6.156978985585555
37,management,married,tertiary,no,1594,yes,no,cellular,17,apr,110,1,260,5,failure,0,7.374629015218945
34,management,single,tertiary,no,872,yes,no,cellular,17,apr,81,1,345,2,failure,0,6.771935555839602
32,management,single,tertiary,no,8436,yes,no,cellular,17,apr,245,1,149,2,failure,0,9.040382074165628
34,admin.,married,secondary,no,79,yes,no,cellular,17,apr,193,1,329,1,failure,0,4.382026634673881
33,services,single,secondary,no,148,yes,no,cellular,17,apr,271,1,150,1,failure,0,5.003946305945459
37,blue-collar,married,secondary,no,346,yes,no,cellular,17,apr,390,1,316,1,failure,0,5.849324779946859
54,blue-collar,single,secondary,no,105,yes,no,cellular,17,apr,226,1,326,3,failure,0,4.663439094112067
33,management,divorced,tertiary,no,525,yes,yes,cellular,17,apr,260,1,281,1,other,0,6.26530121273771
31,admin.,married,secondary,no,-170,yes,yes,cellular,17,apr,252,1,326,1,failure,0,0.0
41,services,married,secondary,no,121,yes,no,cellular,17,apr,41,1,324,1,other,0,4.804021044733257
33,services,single,secondary,no,1940,yes,no,cellular,17,apr,239,3,329,2,failure,0,7.57095858316901
41,technician,married,secondary,no,442,yes,yes,cellular,17,apr,261,3,322,1,other,0,6.093569770045136
48,management,single,tertiary,no,191,yes,no,cellular,17,apr,222,1,326,1,failure,0,5.2574953720277815
37,blue-collar,married,secondary,no,590,yes,no,cellular,17,apr,37,1,343,2,failure,0,6.3818160174060985
42,services,married,secondary,no,798,no,no,cellular,17,apr,80,1,338,1,other,0,6.683360945766275
56,retired,married,secondary,no,3738,yes,no,cellular,17,apr,156,1,305,6,other,1,8.226573474977114
44,blue-collar,married,primary,no,279,yes,no,cellular,17,apr,85,1,339,6,other,0,5.634789603169249
34,services,single,secondary,no,0,yes,no,cellular,17,apr,112,1,332,3,failure,0,0.0
52,management,married,primary,no,98,yes,no,cellular,17,apr,402,1,345,2,failure,0,4.59511985013459
34,blue-collar,married,secondary,no,1134,yes,no,cellular,17,apr,408,1,329,2,failure,0,7.034387929915503
55,admin.,married,secondary,no,865,yes,no,cellular,17,apr,85,1,151,1,failure,0,6.763884908562435
25,student,single,secondary,no,1790,no,no,cellular,17,apr,224,1,322,3,failure,0,7.490529402060711
36,services,married,secondary,no,456,yes,yes,cellular,17,apr,294,1,319,4,failure,0,6.124683390894205
34,services,married,secondary,no,210,yes,yes,cellular,17,apr,175,1,332,1,failure,0,5.351858133476067
33,entrepreneur,married,secondary,no,135,yes,no,cellular,17,apr,114,1,345,2,failure,0,4.912654885736052
33,blue-collar,married,secondary,no,489,yes,no,cellular,17,apr,552,1,332,1,failure,0,6.194405391104672
36,blue-collar,married,primary,no,442,yes,no,cellular,17,apr,238,1,326,3,failure,0,6.093569770045136
37,blue-collar,single,secondary,no,90,yes,no,cellular,17,apr,416,1,340,5,failure,0,4.51085950651685
38,admin.,single,secondary,no,245,yes,yes,cellular,17,apr,71,2,345,2,success,0,5.5053315359323625
47,blue-collar,married,secondary,no,1536,yes,no,cellular,17,apr,41,1,301,4,other,0,7.337587743538596
30,services,married,secondary,no,249,yes,no,cellular,17,apr,294,1,275,2,failure,0,5.521460917862246
34,services,married,secondary,no,703,no,no,cellular,17,apr,282,2,150,2,failure,0,6.556778356158042
33,admin.,married,secondary,no,7,yes,no,cellular,17,apr,612,1,148,1,failure,0,2.0794415416798357
36,blue-collar,single,primary,no,263,yes,no,cellular,17,apr,199,2,337,2,failure,0,5.575949103146316
38,blue-collar,married,primary,no,3242,yes,no,cellular,17,apr,198,5,331,1,failure,0,8.084254106307318
38,management,single,tertiary,no,35,yes,no,cellular,17,apr,156,1,273,3,failure,0,3.58351893845611
50,admin.,married,secondary,no,512,yes,yes,cellular,17,apr,77,3,338,3,failure,0,6.240275845170769
52,blue-collar,married,secondary,no,1374,yes,no,cellular,17,apr,267,2,322,1,failure,0,7.226209010100671
52,blue-collar,married,secondary,no,568,yes,no,telephone,17,apr,246,1,317,1,failure,0,6.343880434126331
35,blue-collar,married,secondary,no,293,yes,no,cellular,17,apr,1017,1,325,1,other,1,5.683579767338681
43,services,married,primary,no,-88,yes,yes,cellular,17,apr,313,1,147,2,failure,0,0.0
31,services,married,secondary,no,-163,yes,no,cellular,17,apr,135,1,270,2,failure,0,0.0
43,blue-collar,married,primary,no,-181,yes,no,cellular,17,apr,351,1,337,3,failure,0,0.0
34,blue-collar,married,secondary,no,2595,yes,yes,cellular,17,apr,126,1,336,2,other,0,7.86172707782398
32,blue-collar,married,secondary,no,435,yes,no,cellular,17,apr,456,1,331,1,failure,0,6.077642243349034
54,management,married,secondary,no,-133,yes,no,cellular,17,apr,76,1,343,2,failure,0,0.0
38,blue-collar,married,secondary,no,8444,yes,no,cellular,17,apr,39,2,324,1,other,0,9.041329829241901
38,services,married,tertiary,no,0,yes,no,cellular,17,apr,239,1,147,4,failure,0,0.0
28,blue-collar,single,secondary,no,1065,yes,yes,cellular,17,apr,406,1,317,1,failure,0,6.97166860472579
32,management,divorced,tertiary,no,294,yes,no,cellular,17,apr,1095,1,274,5,success,1,5.68697535633982
36,technician,single,tertiary,no,670,yes,no,cellular,17,apr,122,1,343,1,failure,0,6.508769136971682
43,blue-collar,married,secondary,no,948,yes,no,cellular,17,apr,185,1,336,2,other,0,6.855408798609928
43,admin.,single,secondary,no,243,yes,no,cellular,17,apr,31,3,338,5,failure,0,5.497168225293202
31,blue-collar,married,secondary,no,658,yes,yes,cellular,17,apr,268,1,270,1,failure,0,6.490723534502507
28,entrepreneur,married,secondary,no,490,yes,no,cellular,17,apr,728,1,316,3,other,0,6.19644412779452
30,blue-collar,single,secondary,no,971,yes,no,cellular,17,apr,283,1,317,2,other,0,6.879355804460439
46,blue-collar,married,primary,no,-175,yes,yes,cellular,17,apr,250,1,324,2,failure,0,0.0
54,management,married,tertiary,no,6525,yes,no,cellular,17,apr,231,1,149,4,failure,0,8.783549477153265
34,blue-collar,married,primary,no,329,yes,no,cellular,17,apr,952,1,343,1,failure,1,5.799092654460526
34,admin.,single,secondary,no,598,yes,no,cellular,17,apr,365,1,324,1,failure,0,6.395261598115449
31,self-employed,single,tertiary,no,578,yes,no,cellular,17,apr,664,1,319,4,failure,0,6.361302477572996
31,admin.,single,secondary,no,223,yes,no,cellular,17,apr,508,1,315,11,success,0,5.4116460518550396
43,admin.,married,secondary,no,214,yes,no,telephone,17,apr,421,2,324,24,failure,0,5.3706380281276624
54,blue-collar,married,primary,no,551,yes,no,cellular,17,apr,251,1,263,2,failure,0,6.313548046277095
36,services,divorced,secondary,no,543,yes,no,cellular,17,apr,101,1,269,2,failure,0,6.298949246855942
30,services,married,secondary,no,-43,yes,yes,cellular,17,apr,79,1,325,2,other,0,0.0
55,blue-collar,single,primary,no,1187,yes,no,cellular,17,apr,113,1,319,2,failure,0,7.080026499922591
28,technician,single,secondary,no,16,no,no,cellular,17,apr,268,1,333,1,failure,0,2.833213344056216
22,blue-collar,single,secondary,no,104,yes,no,cellular,17,apr,531,1,339,1,other,0,4.653960350157523
55,management,married,tertiary,no,505,yes,no,cellular,17,apr,58,1,316,1,other,0,6.226536669287466
35,services,married,secondary,no,457,yes,no,cellular,17,apr,69,1,322,2,failure,0,6.126869184114185
38,management,married,tertiary,no,-113,yes,no,cellular,17,apr,141,1,323,3,failure,0,0.0
36,management,single,tertiary,no,953,yes,no,cellular,17,apr,72,1,346,1,other,0,6.860663671448287
34,management,married,tertiary,no,436,yes,no,cellular,17,apr,28,1,345,1,failure,0,6.07993319509559
41,admin.,married,secondary,no,1010,yes,no,cellular,17,apr,47,1,338,1,failure,0,6.918695219020472
48,blue-collar,married,secondary,no,1143,yes,no,cellular,17,apr,264,1,317,1,failure,0,7.042286171939743
45,technician,divorced,secondary,no,976,yes,no,cellular,17,apr,183,1,338,2,failure,0,6.884486652042782
40,blue-collar,divorced,primary,no,190,yes,yes,cellular,17,apr,139,1,346,2,failure,0,5.25227342804663
34,services,married,secondary,no,334,yes,no,cellular,17,apr,139,2,318,1,failure,0,5.814130531825066
30,technician,married,secondary,no,398,yes,no,cellular,17,apr,132,2,238,2,failure,0,5.988961416889864
33,blue-collar,single,secondary,no,3975,yes,yes,cellular,17,apr,515,1,150,1,other,0,8.288031567776464
32,self-employed,married,primary,no,1074,yes,no,cellular,17,apr,38,1,329,2,failure,0,6.980075940561763
30,blue-collar,married,secondary,no,2,yes,yes,cellular,17,apr,291,2,326,1,failure,0,1.0986122886681098
37,technician,married,secondary,no,-90,yes,no,cellular,17,apr,921,2,263,3,failure,0,0.0
44,entrepreneur,married,secondary,no,887,yes,no,cellular,17,apr,519,1,14,2,failure,0,6.78897174299217
22,blue-collar,single,secondary,no,-7,yes,no,cellular,17,apr,84,1,343,1,other,0,0.0
28,services,single,secondary,no,437,yes,yes,cellular,17,apr,219,1,322,2,failure,0,6.082218910376446
44,blue-collar,married,primary,no,228,yes,no,cellular,17,apr,273,1,343,1,other,0,5.43372200355424
31,blue-collar,married,primary,no,99,yes,no,cellular,17,apr,193,2,322,1,other,0,4.605170185988092
34,admin.,married,secondary,no,21,no,no,cellular,17,apr,332,1,346,3,failure,0,3.091042453358316
37,management,married,tertiary,no,9269,yes,yes,cellular,17,apr,71,1,149,2,failure,0,9.1345386585599
33,technician,divorced,secondary,no,273,yes,no,cellular,17,apr,181,1,317,1,failure,0,5.6131281063880705
36,blue-collar,single,secondary,no,275,yes,no,cellular,17,apr,89,1,332,2,failure,0,5.62040086571715
31,technician,single,tertiary,no,985,yes,no,cellular,17,apr,997,1,57,2,failure,1,6.893656354602635
34,management,married,tertiary,no,91,no,no,cellular,17,apr,144,1,281,1,failure,0,4.5217885770490405
54,admin.,married,secondary,no,426,yes,no,cellular,17,apr,74,2,323,1,failure,0,6.056784013228625
40,technician,single,secondary,no,556,yes,no,cellular,17,apr,234,1,323,1,failure,0,6.322565239927284
45,blue-collar,married,primary,no,271,yes,yes,cellular,17,apr,245,1,343,1,failure,0,5.605802066295998
29,technician,single,secondary,no,205,yes,no,cellular,17,apr,218,1,340,3,failure,0,5.327876168789581
32,blue-collar,married,secondary,no,225,yes,no,cellular,17,apr,574,1,150,1,failure,1,5.420534999272286
49,admin.,married,secondary,no,1096,yes,no,cellular,17,apr,609,1,303,5,failure,0,7.00033446027523
39,admin.,married,secondary,no,260,yes,no,cellular,17,apr,146,1,281,1,failure,0,5.564520407322694
34,blue-collar,single,secondary,no,-317,yes,no,cellular,17,apr,518,3,346,1,other,0,0.0
38,blue-collar,married,primary,no,398,yes,yes,cellular,17,apr,239,1,332,1,failure,0,5.988961416889864
31,admin.,married,secondary,no,8295,yes,no,cellular,17,apr,218,1,149,1,failure,0,9.023528749909364
38,management,married,tertiary,no,5432,yes,yes,cellular,17,apr,707,1,149,2,failure,0,8.600246746551523
60,retired,married,primary,no,0,yes,no,cellular,17,apr,68,3,343,1,other,0,0.0
34,services,married,secondary,no,2021,yes,yes,cellular,17,apr,51,6,148,8,other,0,7.611842399580417
30,blue-collar,married,secondary,no,578,yes,yes,cellular,17,apr,71,2,317,1,failure,0,6.361302477572996
32,blue-collar,single,secondary,no,1415,yes,no,cellular,17,apr,645,1,345,1,failure,0,7.255591274253665
42,blue-collar,married,secondary,no,-256,yes,no,cellular,17,apr,576,1,318,2,failure,0,0.0
42,services,married,secondary,no,115,yes,yes,cellular,17,apr,161,1,149,2,failure,0,4.7535901911063645
34,admin.,married,secondary,no,1467,yes,no,cellular,17,apr,113,1,332,2,failure,0,7.291656209174461
29,blue-collar,married,secondary,no,137,yes,no,cellular,17,apr,343,2,316,3,other,0,4.927253685157205
38,management,married,tertiary,no,165,yes,no,cellular,17,apr,526,1,260,2,other,1,5.111987788356544
30,blue-collar,married,secondary,no,1171,yes,no,cellular,17,apr,45,7,324,2,failure,0,7.066466970136958
30,admin.,single,secondary,no,390,yes,no,cellular,17,apr,175,1,347,1,failure,0,5.968707559985366
34,services,married,secondary,no,4963,yes,no,cellular,17,apr,208,1,332,2,failure,0,8.509967146324497
33,blue-collar,married,secondary,no,26,yes,no,cellular,17,apr,342,3,332,1,other,0,3.295836866004329
47,admin.,single,primary,no,683,no,no,cellular,17,apr,73,1,148,1,failure,0,6.52795791762255
47,management,married,tertiary,no,385,yes,no,cellular,17,apr,145,1,323,4,failure,0,5.955837369464831
40,blue-collar,married,primary,no,572,yes,yes,cellular,17,apr,171,1,318,1,failure,0,6.35088571671474
41,technician,single,tertiary,no,445,yes,no,cellular,17,apr,138,1,267,1,failure,0,6.100318952020064
43,blue-collar,married,secondary,no,1127,yes,no,cellular,17,apr,126,3,345,2,other,0,7.028201432058005
37,blue-collar,married,primary,no,3154,yes,no,cellular,17,apr,404,1,305,3,failure,1,8.056743774975313
37,blue-collar,married,primary,no,0,yes,no,cellular,17,apr,362,2,315,4,failure,0,0.0
49,blue-collar,married,primary,no,816,yes,no,cellular,17,apr,76,1,260,7,failure,0,6.705639094860003
31,technician,married,tertiary,no,1990,yes,yes,cellular,17,apr,316,2,339,1,other,0,7.596392304064196
30,blue-collar,married,secondary,no,246,yes,no,cellular,17,apr,191,1,150,7,failure,0,5.5093883366279774
29,technician,married,secondary,no,1180,yes,no,cellular,17,apr,367,3,323,3,failure,1,7.074116816197362
41,services,married,primary,no,450,yes,no,cellular,17,apr,122,1,338,2,failure,0,6.111467339502679
44,management,single,tertiary,no,1277,yes,no,cellular,17,apr,77,1,268,4,other,0,7.15305163493748
38,services,married,secondary,no,507,yes,no,cellular,17,apr,55,1,344,1,failure,0,6.230481447578482
32,unemployed,single,secondary,no,199,yes,no,cellular,17,apr,70,1,336,1,failure,0,5.298317366548036
38,technician,single,secondary,no,884,yes,yes,cellular,17,apr,113,2,149,3,failure,0,6.785587645007929
36,self-employed,married,secondary,no,351,yes,no,cellular,17,apr,1554,3,343,2,failure,0,5.863631175598097
46,blue-collar,married,primary,no,85,yes,no,cellular,17,apr,70,1,344,1,failure,0,4.454347296253507
45,blue-collar,married,primary,no,2348,yes,no,cellular,17,apr,492,1,148,1,other,0,7.761744984658913
34,management,married,tertiary,no,520,yes,no,cellular,17,apr,401,1,248,4,success,0,6.255750041753367
37,admin.,single,tertiary,no,3954,yes,no,cellular,17,apr,238,1,331,1,failure,0,8.282735880201754
35,admin.,married,secondary,no,430,yes,no,cellular,17,apr,611,1,270,4,failure,0,6.066108090103747
39,services,divorced,secondary,no,5873,no,no,cellular,17,apr,280,1,344,2,failure,0,8.678291111758565
40,blue-collar,married,secondary,no,668,yes,no,cellular,17,apr,156,2,318,1,other,0,6.505784060128229
35,blue-collar,married,secondary,no,199,yes,no,cellular,17,apr,203,1,344,3,failure,0,5.298317366548036
24,blue-collar,married,secondary,no,-220,yes,no,cellular,17,apr,401,1,15,1,failure,0,0.0
32,services,single,secondary,no,671,yes,no,cellular,17,apr,237,2,345,3,failure,0,6.51025834052315
48,management,divorced,tertiary,no,266,yes,no,cellular,17,apr,198,2,343,1,failure,0,5.58724865840025
35,services,married,secondary,no,372,yes,no,cellular,17,apr,202,2,280,1,failure,0,5.921578419643816
42,services,married,secondary,no,1545,yes,no,cellular,17,apr,426,3,323,3,failure,0,7.343426229147367
58,blue-collar,married,secondary,no,221,yes,no,cellular,17,apr,115,2,343,2,failure,0,5.402677381872279
52,admin.,divorced,secondary,no,340,yes,no,cellular,17,apr,463,1,344,1,failure,0,5.831882477283517
27,blue-collar,single,secondary,no,-116,yes,yes,cellular,17,apr,432,2,343,1,failure,0,0.0
35,blue-collar,married,secondary,no,528,yes,no,cellular,17,apr,61,1,331,1,failure,0,6.270988431858299
54,self-employed,married,secondary,no,641,yes,no,cellular,17,apr,472,1,148,2,failure,0,6.464588303689961
33,blue-collar,married,secondary,no,2254,yes,no,cellular,17,apr,130,1,148,1,failure,0,7.720905251936779
38,technician,married,secondary,no,710,yes,no,cellular,17,apr,196,1,346,3,failure,0,6.566672429803241
37,management,single,tertiary,no,146,yes,no,cellular,17,apr,135,1,336,3,failure,0,4.990432586778736
34,management,married,tertiary,no,11,yes,no,cellular,17,apr,22,1,150,2,failure,0,2.4849066497880004
37,blue-collar,married,secondary,no,982,yes,no,cellular,17,apr,127,1,282,2,failure,0,6.890609120147166
26,self-employed,single,tertiary,no,3044,yes,yes,cellular,17,apr,550,1,325,1,other,0,8.021256180143997
40,blue-collar,married,primary,no,1802,yes,no,cellular,17,apr,326,1,319,1,failure,0,7.497207223203318
34,management,married,secondary,yes,879,yes,no,cellular,17,apr,712,1,344,1,failure,1,6.779921907472252
30,blue-collar,married,secondary,no,658,yes,no,cellular,17,apr,99,3,267,1,failure,0,6.490723534502507
32,admin.,single,secondary,no,103,yes,no,cellular,17,apr,158,1,337,1,other,0,4.6443908991413725
32,services,divorced,secondary,no,453,yes,no,cellular,17,apr,329,1,150,2,failure,0,6.118097198041348
35,services,married,secondary,no,586,yes,yes,cellular,17,apr,96,2,344,2,failure,0,6.375024819828097
29,management,married,tertiary,no,103,yes,no,cellular,17,apr,368,1,336,2,failure,0,4.6443908991413725
33,blue-collar,single,primary,no,557,yes,no,cellular,17,apr,91,2,331,2,failure,0,6.324358962381311
41,admin.,married,secondary,no,1380,yes,no,cellular,17,apr,65,1,333,1,failure,0,7.2305631534092925
34,entrepreneur,married,primary,no,165,yes,no,cellular,17,apr,182,2,329,1,failure,0,5.111987788356544
60,retired,divorced,tertiary,no,381,yes,no,cellular,17,apr,208,2,344,4,failure,0,5.945420608606575
39,technician,married,secondary,no,625,yes,no,cellular,17,apr,185,1,317,2,failure,0,6.439350371100098
38,blue-collar,married,secondary,no,194,yes,no,cellular,17,apr,576,4,340,7,failure,0,5.272999558563747
37,blue-collar,married,secondary,no,539,yes,yes,cellular,17,apr,147,3,347,2,failure,0,6.29156913955832
31,management,single,tertiary,no,1130,yes,no,cellular,17,apr,224,3,74,4,failure,0,7.030857476116121
33,services,married,secondary,no,-124,no,no,cellular,17,apr,150,2,325,1,failure,0,0.0
30,technician,married,secondary,no,-280,yes,no,cellular,17,apr,609,2,266,2,failure,0,0.0
31,technician,single,secondary,no,102,yes,no,telephone,17,apr,460,2,345,2,failure,0,4.634728988229636
41,blue-collar,divorced,secondary,no,927,yes,no,cellular,17,apr,239,2,148,2,failure,0,6.833031732786201
43,management,married,tertiary,no,175,yes,no,cellular,17,apr,129,4,337,1,other,0,5.170483995038151
47,services,divorced,primary,no,91,yes,no,cellular,17,apr,473,2,339,1,failure,0,4.5217885770490405
32,blue-collar,married,primary,no,-56,yes,yes,cellular,17,apr,405,2,305,20,other,0,0.0
40,blue-collar,married,secondary,no,679,yes,no,cellular,17,apr,642,2,304,1,failure,0,6.522092798170152
36,services,married,secondary,no,526,yes,no,cellular,17,apr,333,2,324,1,other,0,6.267200548541362
31,services,single,secondary,no,603,yes,yes,cellular,17,apr,185,2,319,2,failure,0,6.403574197934815
37,management,married,tertiary,no,860,yes,no,cellular,17,apr,818,2,332,15,failure,0,6.7580945044277305
34,blue-collar,married,primary,no,170,yes,yes,telephone,17,apr,599,4,275,7,other,0,5.14166355650266
34,blue-collar,married,tertiary,no,551,yes,no,cellular,17,apr,115,2,315,11,other,0,6.313548046277095
32,technician,single,secondary,no,28,yes,no,cellular,17,apr,598,1,150,1,failure,0,3.367295829986474
53,management,married,tertiary,no,2124,yes,no,cellular,17,apr,121,2,344,2,failure,0,7.661527081358517
35,admin.,married,secondary,no,3487,yes,no,cellular,17,apr,323,2,319,1,failure,0,8.15708378502887
43,management,married,tertiary,no,9261,yes,no,cellular,17,apr,273,2,254,2,failure,0,9.133675287040697
46,services,divorced,primary,no,3854,yes,no,cellular,17,apr,541,2,150,4,other,0,8.25712628599743
53,admin.,divorced,secondary,no,-163,yes,no,cellular,17,apr,344,2,343,2,other,0,0.0
26,blue-collar,married,secondary,no,647,yes,no,cellular,17,apr,357,2,331,1,other,0,6.473890696352274
34,technician,married,secondary,no,260,yes,no,cellular,17,apr,20,2,238,2,failure,0,5.564520407322694
49,blue-collar,married,secondary,no,1127,yes,yes,cellular,17,apr,162,2,281,1,failure,0,7.028201432058005
40,technician,married,secondary,no,96,yes,yes,cellular,17,apr,276,2,326,2,failure,0,4.574710978503383
41,self-employed,married,secondary,no,323,yes,no,cellular,17,apr,949,2,254,6,other,1,5.780743515792329
34,management,single,tertiary,no,-444,yes,yes,cellular,17,apr,129,2,148,4,other,0,0.0
35,blue-collar,married,primary,no,443,yes,no,cellular,17,apr,185,2,316,3,other,0,6.095824562432225
29,services,single,secondary,no,229,yes,no,cellular,17,apr,273,2,343,1,failure,0,5.438079308923196
53,technician,divorced,secondary,no,281,yes,no,cellular,17,apr,171,2,337,9,other,0,5.641907070938114
39,blue-collar,married,secondary,no,284,yes,yes,cellular,17,apr,1426,2,318,6,failure,0,5.652489180268651
40,blue-collar,married,primary,no,119,yes,no,cellular,17,apr,795,3,147,2,failure,0,4.787491742782046
31,blue-collar,married,secondary,no,505,yes,no,cellular,17,apr,218,4,329,2,other,0,6.226536669287466
33,services,married,secondary,no,90,yes,no,cellular,17,apr,170,2,263,2,failure,0,4.51085950651685
51,blue-collar,married,primary,no,216,yes,no,cellular,17,apr,666,3,274,3,failure,0,5.37989735354046
50,blue-collar,married,primary,no,12519,yes,no,cellular,17,apr,146,2,147,4,success,0,9.43508264465409
38,blue-collar,married,secondary,no,566,yes,yes,telephone,17,apr,318,2,332,6,other,0,6.340359303727752
33,admin.,single,secondary,no,745,yes,no,cellular,17,apr,278,2,333,1,other,0,6.61472560020376
42,blue-collar,married,primary,no,875,yes,no,cellular,17,apr,426,5,148,1,failure,0,6.775366090936392
40,management,married,secondary,no,643,yes,no,cellular,17,apr,74,2,256,1,failure,0,6.467698726104354
31,technician,married,secondary,no,310,yes,no,cellular,17,apr,334,2,240,2,failure,0,5.739792912179234
30,blue-collar,single,secondary,no,103,yes,no,cellular,17,apr,2053,2,317,1,other,0,4.6443908991413725
30,services,single,secondary,no,-172,yes,yes,cellular,17,apr,282,4,329,2,other,0,0.0
48,blue-collar,married,primary,no,551,yes,yes,cellular,17,apr,1064,3,303,5,failure,0,6.313548046277095
32,blue-collar,married,secondary,no,298,yes,no,cellular,17,apr,163,2,323,7,failure,0,5.700443573390687
29,blue-collar,married,secondary,no,577,yes,no,telephone,17,apr,501,3,331,10,other,0,6.359573868672378
31,blue-collar,married,secondary,no,604,yes,no,cellular,17,apr,99,2,150,2,failure,0,6.405228458030842
36,blue-collar,married,secondary,no,0,yes,no,cellular,17,apr,87,2,322,4,failure,0,0.0
38,self-employed,married,secondary,no,-17,yes,no,cellular,17,apr,110,3,326,1,other,0,0.0
36,management,married,tertiary,no,549,yes,no,cellular,17,apr,151,4,150,2,failure,0,6.309918278226516
31,technician,single,secondary,no,579,yes,yes,cellular,17,apr,469,3,322,15,other,0,6.363028103540465
36,blue-collar,married,secondary,no,1949,yes,no,cellular,17,apr,48,2,319,3,failure,0,7.575584651557793
23,technician,single,secondary,no,28,yes,no,cellular,17,apr,183,3,325,2,failure,0,3.367295829986474
51,blue-collar,married,secondary,no,1329,yes,yes,telephone,17,apr,150,2,287,2,failure,0,7.1929342212158
35,blue-collar,married,secondary,no,1207,yes,no,cellular,17,apr,694,2,331,1,success,0,7.0967213784947605
30,blue-collar,single,secondary,no,1012,yes,no,cellular,17,apr,22,3,329,1,failure,0,6.920671504248683
50,blue-collar,married,primary,no,104,yes,no,cellular,17,apr,317,3,324,2,other,0,4.653960350157523
53,technician,married,secondary,no,5303,yes,no,telephone,17,apr,320,3,180,1,success,1,8.576216531865699
29,blue-collar,married,primary,no,459,yes,yes,cellular,17,apr,202,3,318,1,failure,0,6.131226489483141
33,technician,single,tertiary,no,1190,yes,no,cellular,17,apr,50,2,252,4,failure,0,7.0825485693553
32,admin.,single,secondary,no,620,no,no,cellular,17,apr,211,2,343,3,failure,0,6.431331081933479
37,technician,single,tertiary,no,6889,yes,no,cellular,17,apr,108,2,147,1,failure,0,8.837826364007704
46,services,divorced,secondary,no,864,yes,no,cellular,17,apr,225,3,150,7,failure,0,6.762729506931879
35,entrepreneur,single,tertiary,no,1295,yes,no,cellular,17,apr,952,2,73,1,failure,0,7.16703787691222
44,blue-collar,married,primary,no,-93,yes,no,cellular,17,apr,829,3,326,2,failure,0,0.0
33,blue-collar,single,secondary,no,476,yes,yes,cellular,17,apr,544,3,333,2,failure,0,6.1675164908883415
46,technician,married,secondary,no,6993,yes,no,cellular,17,apr,326,3,148,1,success,0,8.852807917623322
37,self-employed,single,primary,no,235,yes,no,cellular,17,apr,191,4,323,9,failure,0,5.4638318050256105
34,services,married,secondary,no,241,yes,no,cellular,17,apr,1364,2,147,1,other,0,5.488937726156687
46,services,married,secondary,no,9077,yes,no,cellular,17,apr,427,2,337,1,failure,0,9.113609183016411
30,admin.,single,secondary,no,613,yes,no,cellular,17,apr,180,2,302,1,failure,0,6.419994928147142
38,blue-collar,single,secondary,no,13156,yes,no,cellular,17,apr,291,4,331,1,failure,0,9.484709215365838
37,blue-collar,single,secondary,no,1127,yes,no,cellular,17,apr,72,2,281,1,failure,0,7.028201432058005
38,admin.,married,primary,no,3913,yes,no,cellular,20,apr,196,2,315,2,failure,0,8.272315147956022
36,blue-collar,married,secondary,no,1589,yes,no,cellular,20,apr,345,2,341,6,other,0,7.371489295214277
32,admin.,married,secondary,no,413,yes,no,cellular,20,apr,95,3,341,2,failure,0,6.025865973825314
30,management,single,tertiary,no,638,yes,no,cellular,20,apr,483,2,291,6,other,0,6.459904454377535
50,blue-collar,married,primary,no,4121,yes,yes,cellular,20,apr,184,2,151,1,failure,0,8.324093761450404
28,blue-collar,married,secondary,no,1021,yes,no,cellular,20,apr,774,2,326,1,other,0,6.92951677076365
32,blue-collar,married,secondary,no,112,yes,no,cellular,20,apr,311,1,321,1,other,0,4.727387818712341
36,admin.,single,secondary,no,733,yes,no,cellular,20,apr,176,1,322,2,other,0,6.598509028614515
31,blue-collar,married,secondary,no,2289,yes,yes,cellular,20,apr,79,1,151,1,failure,0,7.736307096548285
29,blue-collar,married,secondary,no,1238,yes,no,cellular,20,apr,478,1,341,1,failure,0,7.122059881629142
41,blue-collar,married,secondary,no,563,yes,no,cellular,20,apr,142,12,348,1,failure,0,6.335054251498059
34,admin.,married,secondary,no,-314,yes,yes,cellular,20,apr,374,3,307,3,other,0,0.0
33,technician,married,secondary,no,359,yes,no,cellular,20,apr,210,1,242,1,other,0,5.886104031450156
37,blue-collar,married,primary,no,287,yes,no,telephone,20,apr,73,3,325,3,failure,0,5.662960480135946
32,technician,married,secondary,no,286,no,no,cellular,20,apr,60,1,343,4,failure,0,5.659482215759621
45,blue-collar,married,primary,no,658,yes,no,telephone,20,apr,406,3,270,2,failure,0,6.490723534502507
57,admin.,married,primary,no,202,yes,no,cellular,20,apr,207,1,346,2,failure,0,5.313205979041787
33,blue-collar,married,primary,no,217,yes,no,cellular,20,apr,198,1,339,3,failure,0,5.384495062789089
32,admin.,single,secondary,no,-45,yes,no,cellular,20,apr,68,1,325,2,other,0,0.0
35,management,married,tertiary,no,1473,yes,no,cellular,20,apr,17,6,322,4,other,0,7.295735072749282
56,unemployed,divorced,secondary,no,283,yes,yes,cellular,20,apr,89,3,341,2,failure,0,5.648974238161206
57,technician,married,tertiary,no,3082,yes,yes,cellular,20,apr,267,2,294,3,failure,0,8.03365842788615
46,blue-collar,married,primary,no,292,yes,no,cellular,20,apr,386,2,234,4,failure,0,5.680172609017068
46,blue-collar,divorced,secondary,no,168,yes,no,cellular,20,apr,255,1,336,4,other,0,5.1298987149230735
40,blue-collar,single,secondary,no,169,yes,no,cellular,20,apr,214,1,346,1,failure,0,5.135798437050262
34,management,single,tertiary,no,8038,yes,no,cellular,20,apr,29,3,152,1,failure,0,8.99205997632796
31,blue-collar,single,primary,no,71,yes,no,cellular,20,apr,185,3,336,6,failure,0,4.276666119016055
34,management,single,tertiary,no,5452,no,no,cellular,20,apr,96,1,245,5,other,0,8.60392119492606
43,admin.,married,secondary,no,101,yes,no,cellular,20,apr,131,2,349,3,failure,0,4.624972813284271
30,services,married,secondary,no,4867,yes,yes,telephone,20,apr,8,6,306,3,other,0,8.490438454107418
33,admin.,married,secondary,no,6,yes,no,cellular,20,apr,386,1,349,3,other,0,1.9459101490553132
43,admin.,married,secondary,no,1220,yes,no,cellular,20,apr,349,2,339,1,other,0,7.107425474110705
27,student,single,secondary,no,2784,yes,no,telephone,20,apr,153,1,328,1,failure,0,7.932003152361385
53,admin.,married,secondary,no,225,yes,no,cellular,20,apr,304,1,340,1,failure,0,5.420534999272286
34,blue-collar,single,secondary,no,550,yes,no,cellular,20,apr,90,3,346,1,failure,0,6.311734809152915
33,blue-collar,married,secondary,no,2502,yes,no,cellular,20,apr,285,1,270,1,failure,0,7.8252452914317745
31,blue-collar,married,secondary,no,1664,yes,no,cellular,20,apr,158,1,182,1,success,0,7.417580402414544
51,blue-collar,married,primary,no,14,yes,yes,cellular,20,apr,233,2,329,1,failure,0,2.70805020110221
50,entrepreneur,married,tertiary,no,221,yes,no,cellular,20,apr,319,2,340,1,failure,0,5.402677381872279
34,blue-collar,married,primary,no,1217,yes,no,cellular,20,apr,142,2,328,3,failure,0,7.1049654482698426
35,management,single,tertiary,no,1422,yes,yes,cellular,20,apr,28,7,272,3,other,0,7.260522598089852
43,services,divorced,secondary,no,266,yes,yes,cellular,20,apr,79,1,152,1,failure,0,5.58724865840025
35,technician,single,tertiary,no,122,no,no,cellular,20,apr,49,5,328,5,failure,0,4.812184355372417
36,blue-collar,married,secondary,no,-53,yes,no,cellular,20,apr,9,5,322,8,other,0,0.0
42,management,married,tertiary,no,72,yes,no,cellular,20,apr,124,2,348,3,failure,0,4.290459441148391
45,technician,married,secondary,no,497,yes,no,cellular,20,apr,72,1,321,2,failure,0,6.210600077024653
31,management,single,tertiary,no,635,yes,no,cellular,20,apr,37,1,320,2,failure,0,6.455198563340122
35,blue-collar,married,secondary,no,360,yes,no,telephone,20,apr,24,1,152,3,failure,0,5.8888779583328805
30,management,single,tertiary,no,63,yes,no,cellular,20,apr,260,1,320,1,other,0,4.1588830833596715
35,admin.,married,secondary,no,1345,yes,no,cellular,20,apr,163,1,271,1,failure,0,7.204892510204673
39,blue-collar,married,secondary,no,2299,yes,no,cellular,20,apr,450,1,271,1,failure,0,7.7406644019172415
48,services,married,primary,no,0,yes,no,cellular,20,apr,90,2,259,1,failure,0,0.0
35,admin.,divorced,tertiary,no,262,yes,no,cellular,20,apr,690,2,335,4,other,0,5.572154032177765
33,blue-collar,single,secondary,no,15341,no,no,cellular,20,apr,335,1,334,3,failure,0,9.63834944451924
42,admin.,married,secondary,no,0,yes,no,cellular,20,apr,72,1,154,2,failure,0,0.0
41,admin.,married,secondary,no,67,no,no,cellular,20,apr,185,2,150,2,failure,0,4.219507705176107
38,blue-collar,married,secondary,no,730,yes,no,cellular,20,apr,19,5,328,8,other,0,6.594413459749778
34,technician,married,secondary,no,-228,yes,no,cellular,20,apr,187,3,332,3,other,0,0.0
25,blue-collar,single,primary,no,147,yes,no,cellular,20,apr,59,2,322,2,failure,0,4.997212273764115
48,services,married,secondary,no,440,yes,no,cellular,20,apr,611,1,312,1,failure,0,6.089044875446846
46,management,married,tertiary,no,189,yes,no,cellular,20,apr,45,1,154,1,failure,0,5.247024072160486
45,management,married,tertiary,no,126,yes,no,cellular,20,apr,92,1,342,1,failure,0,4.844187086458591
32,blue-collar,married,primary,no,0,yes,no,cellular,20,apr,295,3,335,1,other,0,0.0
40,blue-collar,married,secondary,no,1386,yes,yes,cellular,20,apr,396,3,151,4,other,0,7.234898420314831
31,blue-collar,married,primary,no,2929,yes,no,cellular,20,apr,237,3,150,3,failure,0,7.982757702011113
34,housemaid,married,tertiary,no,4958,yes,no,cellular,20,apr,11,5,152,2,failure,0,8.508959386489133
39,services,married,secondary,no,18,yes,yes,cellular,20,apr,155,1,154,2,failure,0,2.9444389791664403
34,blue-collar,single,secondary,no,13683,yes,no,cellular,20,apr,92,3,321,3,failure,0,9.523982546097495
27,admin.,single,secondary,no,619,yes,no,cellular,20,apr,16,5,322,4,other,0,6.429719478039138
41,technician,married,tertiary,no,532,yes,no,cellular,20,apr,414,2,285,1,failure,0,6.278521424165844
41,blue-collar,married,secondary,no,1522,yes,yes,cellular,20,apr,377,1,341,2,failure,0,7.328437352895162
31,management,single,tertiary,no,775,yes,no,cellular,20,apr,207,1,308,2,failure,0,6.654152520183219
34,blue-collar,married,secondary,no,856,yes,no,cellular,20,apr,470,1,150,5,other,0,6.75343791859778
32,technician,single,secondary,no,1819,yes,no,cellular,20,apr,62,1,340,2,failure,0,7.506591780070841
59,management,divorced,tertiary,no,258,yes,no,cellular,20,apr,33,1,173,1,success,0,5.556828061699537
32,management,single,tertiary,no,4262,yes,no,cellular,20,apr,246,1,152,1,failure,0,8.35772841676521
24,blue-collar,married,secondary,no,0,yes,no,cellular,20,apr,83,3,306,4,failure,0,0.0
59,housemaid,divorced,tertiary,no,0,no,no,cellular,20,apr,379,1,332,2,other,0,0.0
34,entrepreneur,single,secondary,no,318,yes,no,cellular,20,apr,40,1,150,2,failure,0,5.765191102784844
54,retired,married,secondary,no,303,yes,no,cellular,20,apr,240,1,349,2,failure,0,5.717027701406222
26,blue-collar,single,primary,no,52,yes,no,cellular,20,apr,271,1,300,2,success,0,3.970291913552122
32,technician,single,tertiary,no,1454,yes,no,cellular,20,apr,190,1,335,1,other,0,7.282761179605593
38,services,married,secondary,no,-349,yes,no,cellular,20,apr,111,2,328,5,failure,0,0.0
34,technician,single,secondary,no,1161,yes,no,cellular,20,apr,17,5,334,1,failure,0,7.057897937411856
43,blue-collar,married,secondary,no,1927,yes,no,cellular,20,apr,149,1,152,1,failure,0,7.564238475170491
34,blue-collar,married,secondary,no,965,yes,no,cellular,20,apr,372,2,332,2,other,0,6.873163834212518
36,blue-collar,married,secondary,no,0,yes,yes,cellular,20,apr,240,1,326,1,success,0,0.0
39,blue-collar,married,primary,no,8637,yes,no,telephone,20,apr,78,1,313,1,failure,0,9.063926353520646
36,entrepreneur,married,secondary,no,24,yes,no,cellular,20,apr,88,1,154,2,failure,0,3.2188758248682006
44,blue-collar,married,secondary,no,508,yes,no,cellular,20,apr,222,1,154,1,failure,0,6.2324480165505225
55,management,divorced,tertiary,no,5253,yes,yes,cellular,20,apr,378,1,287,19,failure,0,8.566744970245486
31,management,married,tertiary,no,491,yes,no,cellular,20,apr,15,1,326,1,other,0,6.198478716492308
33,technician,single,secondary,no,151,yes,no,cellular,20,apr,104,3,236,6,failure,0,5.0238805208462765
41,admin.,married,primary,no,1314,yes,no,cellular,20,apr,159,1,326,1,failure,0,7.181591944611865
60,admin.,married,secondary,no,1914,yes,no,cellular,20,apr,65,1,287,3,failure,0,7.557472901614746
37,services,married,secondary,no,184,yes,no,cellular,20,apr,53,1,348,3,failure,0,5.220355825078324
41,blue-collar,married,primary,no,241,yes,no,cellular,20,apr,170,1,150,1,failure,0,5.488937726156687
59,management,married,tertiary,no,287,yes,no,cellular,20,apr,818,2,242,8,failure,0,5.662960480135946
34,admin.,single,secondary,no,1352,yes,no,cellular,20,apr,126,1,334,3,other,0,7.210079628170788
29,blue-collar,married,secondary,no,2378,yes,yes,cellular,20,apr,239,1,276,6,failure,0,7.774435510302958
36,blue-collar,married,primary,no,4693,yes,no,cellular,20,apr,15,6,152,21,other,0,8.454040376410969
32,management,married,tertiary,no,3154,no,no,cellular,20,apr,96,2,150,2,failure,0,8.056743774975313
43,blue-collar,married,primary,no,517,yes,no,cellular,20,apr,138,2,263,7,failure,0,6.249975242259483
35,management,married,tertiary,no,2123,yes,no,cellular,20,apr,54,1,273,3,failure,0,7.66105638236183
55,blue-collar,divorced,secondary,no,462,yes,no,cellular,20,apr,157,1,332,3,failure,0,6.137727054086234
50,services,divorced,secondary,no,2015,yes,no,cellular,20,apr,715,1,152,1,failure,0,7.60887062919126
44,blue-collar,married,secondary,no,3060,yes,no,cellular,20,apr,87,2,151,3,failure,0,8.026496938945412
40,technician,single,tertiary,no,825,yes,no,cellular,20,apr,38,1,335,1,other,0,6.716594773520978
37,admin.,married,secondary,no,2320,yes,no,cellular,20,apr,59,3,342,1,other,0,7.749753406274437
40,admin.,single,tertiary,no,283,yes,no,cellular,20,apr,222,1,153,4,failure,0,5.648974238161206
42,blue-collar,married,secondary,no,2717,yes,yes,cellular,20,apr,181,2,270,2,failure,0,7.907651594711089
43,blue-collar,married,secondary,no,314,yes,yes,cellular,20,apr,247,3,339,2,failure,0,5.752572638825633
37,admin.,divorced,tertiary,no,43,yes,no,cellular,20,apr,328,2,264,2,failure,0,3.784189633918261
30,blue-collar,married,secondary,no,322,yes,no,cellular,20,apr,190,2,326,1,other,0,5.777652323222656
32,blue-collar,married,primary,no,2,yes,yes,cellular,20,apr,180,3,284,1,failure,0,1.0986122886681098
32,admin.,married,secondary,no,3052,yes,yes,cellular,20,apr,253,3,151,4,failure,0,8.023879992734878
31,blue-collar,married,secondary,no,631,yes,no,cellular,20,apr,211,2,152,2,failure,0,6.448889394146858
33,blue-collar,married,secondary,no,35,yes,no,telephone,20,apr,87,1,322,1,failure,0,3.58351893845611
33,management,married,tertiary,no,864,yes,no,cellular,20,apr,170,1,235,19,failure,0,6.762729506931879
28,technician,single,tertiary,no,387,yes,no,cellular,20,apr,205,1,82,1,failure,1,5.961005339623274
43,blue-collar,married,secondary,no,85,yes,no,cellular,20,apr,42,3,279,5,other,0,4.454347296253507
51,blue-collar,married,secondary,no,-237,yes,yes,cellular,20,apr,379,3,320,2,other,0,0.0
33,housemaid,married,tertiary,no,10,yes,no,cellular,20,apr,129,1,322,2,failure,0,2.3978952727983707
39,management,married,tertiary,no,894,yes,no,cellular,20,apr,491,1,326,1,other,0,6.796823718274855
33,management,single,tertiary,no,437,yes,no,cellular,20,apr,199,2,150,5,failure,0,6.082218910376446
39,services,married,secondary,no,104,yes,no,cellular,20,apr,116,2,332,6,failure,0,4.653960350157523
31,blue-collar,single,secondary,no,648,yes,yes,cellular,20,apr,153,1,347,1,failure,0,6.47543271670409
31,services,single,primary,no,181,yes,no,cellular,20,apr,93,3,340,2,other,0,5.204006687076795
28,management,single,secondary,no,967,yes,no,cellular,20,apr,174,1,334,1,failure,0,6.875232087276577
34,management,divorced,tertiary,no,471,no,no,cellular,20,apr,247,1,332,4,failure,0,6.156978985585555
37,admin.,single,tertiary,no,2317,yes,no,cellular,20,apr,114,1,152,2,failure,0,7.748460023899697
54,technician,divorced,secondary,no,1663,yes,no,telephone,20,apr,41,1,150,9,other,0,7.416979621381154
29,technician,single,tertiary,no,2269,yes,no,cellular,20,apr,53,1,346,1,failure,0,7.727535110475448
43,services,married,secondary,no,3689,yes,no,cellular,20,apr,165,1,321,1,failure,0,8.213381737034572
30,blue-collar,married,primary,no,262,yes,no,cellular,20,apr,15,4,343,3,other,0,5.572154032177765
46,management,divorced,secondary,no,145,yes,no,cellular,20,apr,113,2,270,5,failure,0,4.983606621708336
32,technician,married,secondary,no,3322,yes,no,cellular,20,apr,380,1,74,4,failure,0,8.108623268354595
32,admin.,single,secondary,no,299,yes,no,cellular,20,apr,177,2,348,2,failure,0,5.703782474656201
48,admin.,married,secondary,no,1060,yes,no,cellular,20,apr,87,2,318,3,failure,0,6.966967138613983
38,entrepreneur,married,secondary,no,0,yes,yes,cellular,20,apr,305,2,154,1,failure,0,0.0
40,services,married,secondary,no,2843,yes,no,cellular,20,apr,223,1,305,1,success,0,7.952966790923131
34,technician,divorced,secondary,no,0,yes,yes,cellular,20,apr,110,3,269,2,other,0,0.0
37,blue-collar,single,secondary,no,2235,yes,no,cellular,20,apr,419,2,151,2,failure,0,7.71244383427499
36,management,single,tertiary,no,20,yes,no,cellular,20,apr,766,2,150,3,other,0,3.044522437723423
30,technician,married,secondary,no,239,yes,no,cellular,20,apr,58,3,150,10,failure,0,5.480638923341991
45,unemployed,divorced,primary,no,757,no,no,cellular,20,apr,103,1,325,4,failure,0,6.630683385642372
58,services,single,secondary,no,1430,yes,no,cellular,20,apr,861,6,321,5,failure,0,7.266128779556451
37,technician,married,secondary,no,264,yes,yes,cellular,20,apr,414,2,285,1,failure,0,5.579729825986222
37,blue-collar,married,primary,no,250,yes,no,cellular,20,apr,239,3,347,1,failure,0,5.5254529391317835
33,services,single,secondary,no,187,yes,no,cellular,20,apr,168,3,326,1,failure,0,5.236441962829949
28,unemployed,married,secondary,no,293,yes,no,cellular,20,apr,230,1,329,3,failure,0,5.683579767338681
43,self-employed,married,secondary,no,5564,no,no,cellular,20,apr,45,5,154,2,failure,0,8.624252263709645
42,technician,married,secondary,no,334,yes,no,cellular,20,apr,18,5,335,9,other,0,5.814130531825066
46,admin.,married,secondary,no,0,yes,yes,cellular,20,apr,239,2,259,2,failure,0,0.0
38,blue-collar,married,secondary,no,1205,yes,no,cellular,20,apr,45,4,153,1,failure,0,7.095064377287131
33,blue-collar,married,secondary,no,328,yes,no,cellular,20,apr,72,1,264,9,failure,0,5.796057750765372
40,blue-collar,married,primary,no,481,yes,no,cellular,20,apr,228,3,347,1,failure,0,6.1779441140506
30,technician,single,secondary,no,8826,yes,no,cellular,20,apr,90,3,151,3,other,0,9.085570485020233
48,services,married,secondary,no,-110,yes,no,cellular,20,apr,97,2,321,2,other,0,0.0
34,blue-collar,married,secondary,no,745,yes,no,cellular,20,apr,400,5,332,4,failure,0,6.61472560020376
39,management,single,tertiary,no,2357,yes,no,cellular,20,apr,64,3,273,1,failure,0,7.765569081097317
45,services,single,secondary,no,1757,yes,no,cellular,20,apr,1010,3,326,1,other,0,7.471932078245122
33,technician,married,secondary,no,4790,yes,no,cellular,20,apr,137,1,272,2,failure,0,8.474494436883122
34,management,married,tertiary,no,1782,yes,no,cellular,20,apr,17,6,25,7,other,0,7.48605261786314
37,management,single,tertiary,no,72,yes,yes,cellular,20,apr,885,5,150,7,failure,1,4.290459441148391
35,blue-collar,single,tertiary,no,1011,yes,no,cellular,20,apr,36,2,349,1,failure,0,6.919683849847411
32,blue-collar,married,secondary,no,472,yes,no,cellular,20,apr,58,2,342,2,failure,0,6.159095388491933
40,blue-collar,single,primary,no,1530,yes,no,cellular,20,apr,8,3,315,1,failure,0,7.333676395657684
58,services,divorced,secondary,no,739,yes,no,cellular,20,apr,304,7,335,5,failure,0,6.606650186198215
27,services,single,secondary,no,343,yes,no,cellular,20,apr,282,2,320,1,other,0,5.840641657373398
48,admin.,single,secondary,no,3531,yes,no,cellular,20,apr,81,2,287,6,failure,0,8.16961956172385
36,admin.,married,secondary,no,421,yes,no,cellular,20,apr,246,2,334,3,other,0,6.045005314036012
33,blue-collar,married,primary,no,1002,yes,no,cellular,20,apr,92,2,325,4,failure,0,6.910750787961936
52,blue-collar,married,secondary,no,1440,yes,no,cellular,20,apr,270,2,325,1,failure,0,7.273092595999522
60,retired,married,tertiary,no,2194,yes,no,telephone,20,apr,31,3,263,9,failure,0,7.693937325509272
38,management,married,tertiary,no,76,yes,no,cellular,20,apr,167,2,287,3,failure,0,4.343805421853684
39,self-employed,single,tertiary,no,2298,yes,yes,cellular,20,apr,13,2,319,18,other,0,7.740229524763182
29,blue-collar,married,secondary,no,313,yes,no,cellular,20,apr,172,2,343,3,other,0,5.749392985908253
46,blue-collar,married,primary,no,588,yes,no,cellular,20,apr,249,3,237,4,failure,0,6.3784261836515865
30,technician,single,secondary,no,3313,yes,no,telephone,20,apr,534,3,319,3,failure,0,8.105911197986508
48,unemployed,married,secondary,no,3287,yes,yes,cellular,20,apr,242,2,307,1,failure,0,8.098034756176071
37,technician,single,secondary,no,442,yes,no,cellular,20,apr,51,4,349,1,other,0,6.093569770045136
40,management,married,tertiary,no,384,no,no,cellular,20,apr,200,3,327,2,failure,0,5.953243334287785
37,blue-collar,married,secondary,no,56,yes,no,cellular,20,apr,46,2,285,1,failure,0,4.04305126783455
40,management,single,tertiary,no,759,yes,no,telephone,20,apr,32,2,266,5,failure,0,6.633318433280377
35,self-employed,married,secondary,no,2762,yes,no,cellular,20,apr,682,3,154,1,other,0,7.924072324923417
53,blue-collar,married,primary,no,4793,yes,no,telephone,20,apr,26,4,150,5,failure,0,8.475120414994329
34,management,divorced,tertiary,no,2279,yes,yes,cellular,20,apr,138,2,150,4,other,0,7.731930721948486
55,admin.,married,secondary,no,499,yes,yes,cellular,20,apr,124,4,150,1,other,0,6.214608098422191
32,entrepreneur,married,tertiary,no,281,yes,no,telephone,20,apr,18,5,349,2,failure,0,5.641907070938114
36,management,married,tertiary,no,0,yes,no,cellular,20,apr,142,3,150,3,failure,0,0.0
35,services,single,secondary,no,414,yes,no,cellular,20,apr,11,5,319,2,other,0,6.028278520230698
57,admin.,married,secondary,no,2087,yes,no,cellular,20,apr,140,4,343,1,failure,0,7.643961949002529
37,blue-collar,married,secondary,no,504,yes,no,cellular,20,apr,87,2,347,2,failure,0,6.22455842927536
41,management,married,tertiary,no,8902,yes,no,cellular,20,apr,16,3,249,5,failure,0,9.094143577573671
43,blue-collar,married,secondary,no,2374,no,no,cellular,20,apr,316,2,264,2,failure,0,7.772752716468742
27,blue-collar,single,secondary,no,153,yes,no,cellular,20,apr,198,3,346,1,failure,0,5.0369526024136295
50,services,married,secondary,no,2420,yes,no,cellular,20,apr,102,6,235,13,failure,0,7.791935956938058
28,technician,married,secondary,no,7102,yes,no,cellular,20,apr,156,3,325,9,failure,0,8.86827250899781
38,technician,married,secondary,no,511,yes,no,cellular,20,apr,190,2,342,4,failure,0,6.238324625039508
54,blue-collar,married,primary,no,489,yes,yes,cellular,20,apr,280,4,287,3,other,0,6.194405391104672
45,services,married,primary,no,-79,yes,no,cellular,20,apr,59,4,348,2,failure,0,0.0
29,services,single,secondary,no,3331,yes,no,cellular,20,apr,13,4,327,2,failure,0,8.111328003286733
30,services,single,secondary,no,20,yes,no,cellular,20,apr,404,6,340,1,failure,0,3.044522437723423
35,blue-collar,married,secondary,no,1257,yes,no,cellular,20,apr,93,3,329,7,failure,0,7.1372784372603855
34,management,single,tertiary,no,6707,yes,no,cellular,20,apr,16,3,154,4,other,0,8.8110561229431
51,blue-collar,married,primary,no,2832,yes,no,cellular,20,apr,122,4,238,12,other,0,7.949091499830517
37,blue-collar,single,secondary,no,2390,yes,no,cellular,20,apr,20,2,335,12,failure,0,7.779466967458324
48,admin.,divorced,secondary,no,4,yes,no,cellular,20,apr,7,5,318,10,other,0,1.6094379124341003
44,management,single,secondary,no,109,yes,no,cellular,20,apr,101,4,328,3,failure,0,4.700480365792417
34,services,married,secondary,no,790,yes,no,cellular,20,apr,579,2,350,1,failure,0,6.673297967767654
35,entrepreneur,married,tertiary,no,129,yes,no,cellular,20,apr,231,3,151,5,other,0,4.867534450455582
34,management,married,tertiary,no,577,yes,no,cellular,20,apr,243,2,153,1,failure,0,6.359573868672378
48,admin.,single,secondary,no,-874,yes,no,cellular,20,apr,243,2,151,7,other,0,0.0
38,services,divorced,primary,no,0,yes,no,cellular,20,apr,355,3,151,3,failure,0,0.0
41,blue-collar,married,secondary,no,1384,yes,no,cellular,20,apr,106,4,340,4,success,0,7.233455418621439
29,blue-collar,married,secondary,no,457,yes,no,cellular,20,apr,72,3,341,1,other,0,6.126869184114185
33,admin.,single,secondary,no,1590,yes,no,cellular,20,apr,18,4,334,1,other,0,7.372118028337787
52,admin.,divorced,secondary,no,725,yes,no,cellular,20,apr,57,3,325,1,other,0,6.587550014824796
37,management,divorced,secondary,no,1448,yes,no,cellular,20,apr,196,2,283,2,failure,0,7.278628942320682
37,blue-collar,married,secondary,no,-129,yes,no,cellular,20,apr,123,4,328,1,other,0,0.0
34,services,married,secondary,no,1553,yes,no,cellular,20,apr,6,6,328,8,failure,0,7.348587530927593
27,blue-collar,single,primary,no,497,yes,no,cellular,20,apr,255,2,272,1,other,0,6.210600077024653
38,technician,married,tertiary,no,472,yes,no,cellular,20,apr,178,5,326,3,failure,0,6.159095388491933
32,blue-collar,married,secondary,no,419,yes,no,cellular,20,apr,122,3,325,2,failure,0,6.040254711277414
39,blue-collar,married,primary,no,143,yes,no,cellular,20,apr,6,2,348,1,other,0,4.969813299576001
38,management,single,tertiary,no,8669,yes,no,telephone,20,apr,5,3,150,6,failure,0,9.067624069774588
29,self-employed,married,secondary,no,123,no,yes,cellular,21,apr,158,2,181,1,success,1,4.820281565605037
39,admin.,single,secondary,no,720,yes,no,telephone,22,apr,154,8,14,5,other,0,6.580639137284949
41,management,divorced,tertiary,no,1757,no,no,cellular,22,apr,314,1,239,13,failure,1,7.471932078245122
32,technician,single,tertiary,no,5514,no,no,cellular,22,apr,319,1,182,1,success,1,8.615226931687603
33,admin.,married,tertiary,no,882,no,no,cellular,22,apr,104,1,183,4,failure,1,6.78332520060396
45,admin.,divorced,primary,no,429,yes,no,cellular,22,apr,147,1,181,1,success,1,6.063785208687608
53,management,married,tertiary,no,3754,no,no,cellular,22,apr,307,1,278,2,failure,1,8.230843564198235
52,admin.,married,secondary,no,0,no,no,cellular,22,apr,91,2,275,1,failure,0,0.0
31,admin.,single,tertiary,no,676,yes,no,cellular,22,apr,124,2,343,2,other,1,6.517671272912275
37,management,married,tertiary,no,0,yes,no,cellular,23,apr,242,5,153,7,failure,1,0.0
32,admin.,single,secondary,no,314,no,yes,cellular,23,apr,91,4,156,1,other,0,5.752572638825633
29,management,single,tertiary,no,224,yes,no,cellular,24,apr,65,2,81,3,failure,1,5.41610040220442
32,management,single,tertiary,no,2974,yes,no,cellular,24,apr,227,1,4,1,failure,1,7.99799931797973
31,technician,single,tertiary,no,1081,no,no,cellular,24,apr,202,5,261,2,failure,1,6.9865664594064265
35,blue-collar,married,secondary,no,149,yes,no,cellular,29,apr,507,3,349,1,other,1,5.0106352940962555
29,admin.,married,secondary,no,7707,yes,no,cellular,29,apr,961,2,334,2,failure,1,8.950014029534257
31,management,single,tertiary,no,4319,yes,no,cellular,29,apr,153,4,161,1,failure,0,8.371010681238156
47,housemaid,married,secondary,no,3940,yes,no,cellular,30,apr,211,1,87,1,other,0,8.279189777195004
46,self-employed,single,secondary,no,526,no,no,cellular,30,apr,523,1,87,2,other,1,6.267200548541362
29,management,married,tertiary,no,1441,yes,no,cellular,30,apr,185,1,85,2,success,0,7.273786317844895
38,services,married,secondary,no,1970,yes,no,cellular,30,apr,701,1,176,1,success,1,7.58629630715272
47,technician,married,secondary,no,1167,yes,no,cellular,30,apr,968,1,87,5,failure,1,7.0630481633881725
52,management,married,tertiary,no,193,no,no,cellular,30,apr,381,1,269,1,failure,1,5.267858159063328
36,unemployed,single,tertiary,no,1291,no,no,cellular,30,apr,195,1,86,1,success,1,7.163946684342547
51,housemaid,married,primary,no,618,yes,yes,cellular,30,apr,277,1,85,1,failure,0,6.428105272684596
48,admin.,married,secondary,no,344,no,no,cellular,30,apr,364,1,86,2,other,0,5.84354441703136
47,blue-collar,married,secondary,no,1230,yes,no,cellular,30,apr,412,1,169,1,success,1,7.115582126184454
36,admin.,married,secondary,no,96,no,no,cellular,30,apr,208,1,87,1,success,1,4.574710978503383
33,management,married,tertiary,no,158,no,no,cellular,30,apr,169,2,83,2,success,0,5.0689042022202315
43,admin.,married,tertiary,no,279,yes,no,cellular,30,apr,155,1,164,1,failure,0,5.634789603169249
23,student,single,secondary,no,0,no,no,cellular,30,apr,297,1,83,6,success,1,0.0
29,management,single,tertiary,no,697,no,no,cellular,30,apr,365,1,85,1,success,1,6.548219102762372
49,admin.,married,secondary,no,3608,yes,no,cellular,30,apr,252,1,168,1,success,1,8.19118600464279
59,technician,married,secondary,no,2308,no,no,cellular,30,apr,815,1,87,1,other,1,7.744569809354496
58,management,divorced,tertiary,no,5701,no,no,cellular,30,apr,354,1,87,1,success,1,8.648572269472618
48,blue-collar,married,secondary,no,292,no,no,cellular,30,apr,271,1,79,1,success,1,5.680172609017068
48,unemployed,married,secondary,no,11371,yes,no,cellular,30,apr,249,1,86,3,failure,0,9.33890947277089
54,admin.,divorced,secondary,no,1693,no,no,cellular,30,apr,1277,1,87,2,other,1,7.434847875211999
42,technician,married,tertiary,no,757,no,no,cellular,30,apr,354,1,79,1,success,1,6.630683385642372
36,management,married,tertiary,no,-547,yes,no,cellular,30,apr,267,1,259,2,failure,0,0.0
42,blue-collar,married,primary,no,201,yes,no,cellular,30,apr,841,1,85,2,failure,1,5.308267697401205
44,self-employed,divorced,tertiary,no,1070,yes,no,cellular,30,apr,381,1,160,2,other,1,6.976348070447749
37,management,divorced,tertiary,no,153,yes,no,cellular,30,apr,221,1,70,2,other,0,5.0369526024136295
35,admin.,married,secondary,no,-312,no,no,cellular,30,apr,116,1,21,1,failure,0,0.0
52,management,single,tertiary,no,2290,no,no,cellular,30,apr,195,2,268,2,other,0,7.736743682453495
30,management,single,tertiary,no,398,no,no,cellular,30,apr,554,1,6,2,success,1,5.988961416889864
45,self-employed,married,secondary,no,706,no,no,cellular,30,apr,78,2,176,1,success,0,6.561030665896573
36,technician,married,secondary,no,24,yes,no,cellular,30,apr,58,1,163,1,failure,0,3.2188758248682006
46,technician,married,secondary,no,0,no,no,cellular,30,apr,200,1,259,2,other,1,0.0
31,management,married,tertiary,no,1331,no,no,cellular,30,apr,297,1,86,3,success,1,7.194436851100335
51,technician,married,tertiary,no,1347,yes,yes,cellular,30,apr,116,1,79,2,success,0,7.206377291472252
35,management,single,tertiary,no,1750,yes,no,cellular,30,apr,687,1,9,3,success,1,7.467942332285852
25,management,single,tertiary,no,2305,no,no,cellular,30,apr,193,1,86,1,failure,0,7.743269700829004
35,management,married,tertiary,no,193,yes,no,cellular,30,apr,565,1,13,1,failure,1,5.267858159063328
39,blue-collar,married,secondary,no,0,yes,no,cellular,30,apr,53,1,325,1,failure,0,0.0
56,management,married,tertiary,no,616,no,no,cellular,30,apr,225,1,83,1,success,1,6.424869023905388
58,management,married,tertiary,no,1907,no,no,cellular,30,apr,258,2,160,7,other,0,7.553810852008231
26,admin.,single,secondary,no,1327,no,no,cellular,30,apr,104,1,31,4,failure,0,7.191429330036379
57,retired,married,tertiary,no,478,no,no,cellular,30,apr,70,1,84,1,failure,0,6.171700597410915
55,management,divorced,tertiary,no,5399,no,yes,cellular,30,apr,124,1,28,3,failure,0,8.594154232552366
35,admin.,single,tertiary,no,994,no,no,cellular,30,apr,400,1,87,2,failure,1,6.902742737158593
30,technician,single,tertiary,no,1185,yes,no,cellular,30,apr,284,1,339,1,failure,0,7.078341579557671
57,admin.,married,secondary,no,169,no,no,cellular,30,apr,319,1,86,1,success,0,5.135798437050262
29,management,single,tertiary,no,91,no,no,cellular,30,apr,99,1,274,4,other,0,4.5217885770490405
29,technician,single,tertiary,no,1669,no,no,cellular,30,apr,196,1,86,1,success,0,7.4205789054108005
46,services,married,secondary,no,4,no,no,cellular,30,apr,268,1,261,5,other,1,1.6094379124341003
42,management,married,tertiary,no,6060,yes,no,cellular,30,apr,316,1,350,2,failure,1,8.709630081951286
32,technician,single,tertiary,no,696,no,yes,cellular,30,apr,270,2,293,2,failure,0,6.546785410760524
34,management,married,tertiary,no,4859,no,no,cellular,30,apr,113,1,37,1,other,0,8.48879371689454
33,management,married,tertiary,no,55,no,no,cellular,30,apr,526,2,87,3,failure,1,4.02535169073515
37,management,married,tertiary,no,630,no,no,cellular,30,apr,315,1,87,1,success,1,6.447305862541213
53,management,married,tertiary,no,1624,no,no,cellular,30,apr,284,3,84,3,success,1,7.393263094763838
26,admin.,single,secondary,no,255,no,no,cellular,30,apr,457,1,80,1,success,1,5.545177444479562
33,management,single,tertiary,no,1431,no,no,cellular,30,apr,94,1,85,2,failure,0,7.266827347520591
32,management,single,tertiary,no,796,no,yes,cellular,30,apr,198,1,160,1,failure,0,6.680854678790215
58,retired,married,secondary,no,801,no,no,cellular,30,apr,249,1,85,1,other,0,6.687108607866515
30,admin.,single,secondary,no,270,no,no,cellular,30,apr,437,1,80,1,success,1,5.602118820879701
25,admin.,single,secondary,no,483,no,yes,cellular,30,apr,68,1,86,1,success,0,6.182084906716632
36,self-employed,single,tertiary,no,351,no,no,cellular,30,apr,78,1,84,1,failure,0,5.863631175598097
31,management,single,tertiary,no,0,yes,no,cellular,30,apr,97,2,87,2,other,0,0.0
31,services,single,secondary,no,1599,no,no,cellular,30,apr,226,1,78,2,success,0,7.3777589082278725
38,management,married,tertiary,no,613,no,no,cellular,30,apr,242,1,86,1,success,1,6.419994928147142
31,management,single,tertiary,no,2915,no,no,cellular,30,apr,228,1,86,1,failure,0,7.977968093128549
29,technician,single,secondary,no,674,no,no,cellular,30,apr,483,1,13,5,success,1,6.51471269087253
37,management,married,tertiary,no,57,no,no,cellular,30,apr,96,2,84,1,success,0,4.060443010546419
47,management,single,tertiary,no,86,no,no,cellular,30,apr,387,3,87,1,success,1,4.465908118654584
34,self-employed,married,tertiary,no,442,yes,no,cellular,30,apr,69,1,164,2,other,0,6.093569770045136
47,technician,married,secondary,no,0,yes,no,cellular,30,apr,81,1,164,1,failure,0,0.0
31,self-employed,single,tertiary,no,1815,no,no,telephone,30,apr,107,1,80,1,success,0,7.504391559161238
34,management,single,tertiary,no,1228,no,no,cellular,30,apr,580,2,84,8,success,1,7.113956109566034
31,services,single,tertiary,no,620,no,no,cellular,30,apr,214,1,87,1,failure,0,6.431331081933479
54,technician,divorced,secondary,no,2156,yes,no,cellular,30,apr,258,1,86,5,success,1,7.676473646389156
53,blue-collar,married,secondary,no,6112,no,no,cellular,30,apr,211,1,86,1,success,0,8.718172930028725
25,student,single,secondary,no,2354,no,no,cellular,30,apr,149,1,84,7,success,0,7.764296006450518
28,student,single,tertiary,no,3054,no,no,cellular,30,apr,384,1,80,6,other,1,8.024534871605695
46,management,married,tertiary,no,699,no,no,cellular,30,apr,970,1,87,1,failure,1,6.551080335043404
27,blue-collar,single,primary,no,3342,yes,no,cellular,30,apr,761,2,330,4,failure,0,8.114623886420098
35,management,married,tertiary,no,495,no,no,cellular,30,apr,266,1,87,1,failure,1,6.206575926724928
47,blue-collar,married,primary,no,2749,yes,no,cellular,30,apr,774,2,164,1,failure,1,7.919356190660617
34,management,married,tertiary,no,0,yes,no,cellular,30,apr,300,1,86,1,success,1,0.0
54,management,married,tertiary,no,1014,no,yes,cellular,30,apr,240,1,162,2,failure,1,6.922643891475888
58,retired,married,secondary,no,919,yes,yes,cellular,30,apr,329,2,346,2,failure,0,6.824373670043086
49,blue-collar,married,secondary,no,298,yes,no,cellular,30,apr,264,2,86,3,failure,0,5.700443573390687
47,blue-collar,married,secondary,no,2173,yes,no,cellular,30,apr,189,3,344,5,failure,0,7.684324067681155
25,technician,single,secondary,no,1105,yes,no,cellular,30,apr,195,1,13,1,failure,0,7.00850518208228
59,housemaid,married,primary,no,182,no,no,cellular,30,apr,92,1,86,1,failure,0,5.209486152841421
36,management,married,tertiary,no,2957,yes,yes,cellular,30,apr,193,2,265,3,success,0,7.992268643270745
39,management,married,tertiary,no,0,no,no,cellular,30,apr,342,3,22,3,other,1,0.0
45,technician,married,secondary,no,89,yes,no,cellular,30,apr,73,2,350,2,failure,0,4.499809670330265
33,blue-collar,single,tertiary,no,700,no,no,cellular,30,apr,169,1,80,2,success,1,6.55250788703459
58,management,married,tertiary,no,4152,yes,no,cellular,30,apr,750,2,164,4,other,1,8.331586243630754
54,technician,married,secondary,no,0,no,no,telephone,30,apr,766,3,84,3,success,1,0.0
31,management,single,tertiary,no,354,no,no,cellular,30,apr,502,1,9,2,success,1,5.872117789475416
32,technician,single,tertiary,no,1246,yes,no,cellular,30,apr,509,1,85,2,success,1,7.1284959456800365
34,management,married,tertiary,no,3047,no,no,cellular,30,apr,317,1,160,5,other,1,8.022240916806537
27,admin.,married,tertiary,no,73,no,no,cellular,30,apr,374,1,79,1,success,0,4.30406509320417
29,blue-collar,single,secondary,no,734,yes,yes,cellular,30,apr,259,1,296,1,other,1,6.5998704992128365
30,admin.,single,tertiary,no,305,no,no,cellular,30,apr,633,1,85,2,success,1,5.723585101952381
37,technician,single,tertiary,no,6101,no,no,cellular,4,may,60,5,87,1,success,0,8.716371865276615
60,blue-collar,married,primary,no,1723,no,no,cellular,4,may,160,4,83,3,failure,0,7.452402451223638
40,management,married,tertiary,no,7780,no,no,telephone,4,may,364,1,355,1,other,0,8.95944014361693
40,technician,single,tertiary,no,1646,yes,no,cellular,4,may,392,2,91,3,success,1,7.4067107301776405
28,unemployed,single,primary,no,236,no,no,cellular,4,may,193,1,87,3,failure,1,5.4680601411351315
33,management,single,tertiary,no,5437,no,no,cellular,4,may,267,1,91,1,failure,1,8.601166625192416
31,services,single,secondary,no,125,no,no,cellular,4,may,200,1,91,1,failure,0,4.836281906951478
34,technician,single,tertiary,no,992,yes,no,cellular,4,may,301,1,88,2,success,0,6.900730664045173
33,management,single,tertiary,no,417,yes,no,cellular,4,may,170,2,87,1,failure,0,6.035481432524756
41,blue-collar,married,secondary,no,5060,no,no,cellular,4,may,963,1,83,3,success,1,8.529319371214077
38,technician,divorced,secondary,no,902,yes,no,cellular,4,may,301,3,90,1,success,1,6.805722553416985
47,technician,married,secondary,no,335,no,no,cellular,4,may,417,1,76,1,success,1,5.817111159963204
60,admin.,divorced,secondary,no,4519,no,no,cellular,4,may,136,1,91,1,failure,0,8.416267272826277
49,management,married,tertiary,no,1,no,no,telephone,4,may,1076,3,175,1,success,1,0.6931471805599453
33,technician,single,tertiary,no,1636,yes,no,cellular,4,may,592,1,66,1,success,1,7.400620577371135
40,blue-collar,married,primary,no,-388,yes,no,cellular,4,may,195,3,340,1,failure,0,0.0
28,blue-collar,single,tertiary,no,1984,yes,no,cellular,4,may,32,2,14,1,failure,0,7.59337419312129
31,management,single,tertiary,no,630,no,no,cellular,4,may,95,2,91,2,failure,0,6.447305862541213
44,blue-collar,single,secondary,no,0,yes,no,cellular,4,may,64,2,19,1,failure,0,0.0
52,unemployed,married,secondary,no,94,no,no,cellular,4,may,223,9,4,1,success,0,4.553876891600541
22,admin.,single,tertiary,no,897,yes,no,cellular,4,may,98,4,89,4,success,0,6.8001700683022
60,technician,married,secondary,no,316,no,no,cellular,4,may,545,2,263,4,failure,1,5.75890177387728
39,services,married,secondary,no,8876,no,no,cellular,4,may,106,1,91,2,failure,0,9.09121894106832
35,unemployed,married,secondary,no,977,yes,no,cellular,4,may,52,4,91,1,other,0,6.885509670034818
33,services,single,secondary,no,489,yes,no,cellular,4,may,297,4,334,1,other,1,6.194405391104672
57,admin.,single,secondary,no,738,no,no,cellular,4,may,490,3,168,1,failure,0,6.6052979209482015
32,student,single,tertiary,no,1138,no,no,cellular,4,may,214,3,83,3,success,1,7.037905963447182
48,blue-collar,married,secondary,no,863,yes,no,telephone,4,may,412,5,350,2,success,1,6.761572768804055
48,management,divorced,tertiary,no,428,yes,no,cellular,4,may,347,2,167,2,failure,0,6.061456918928017
35,technician,single,secondary,no,5731,yes,no,cellular,4,may,164,2,167,4,other,0,8.653819788948063
31,management,single,tertiary,no,6495,no,no,cellular,4,may,383,2,35,3,failure,0,8.778941881841513
29,management,married,tertiary,no,451,no,no,cellular,4,may,54,1,96,1,failure,0,6.113682179832232
26,management,single,tertiary,no,4683,yes,no,cellular,4,may,334,2,180,1,failure,0,8.451907724717607
50,management,married,tertiary,no,346,no,no,cellular,4,may,76,2,87,1,success,0,5.849324779946859
41,management,married,tertiary,no,298,no,no,cellular,4,may,63,3,272,1,other,0,5.700443573390687
31,services,married,secondary,no,2083,yes,no,cellular,4,may,190,3,355,2,other,0,7.642044402873258
33,blue-collar,married,secondary,no,-208,yes,yes,cellular,4,may,306,3,360,1,failure,0,0.0
41,blue-collar,married,secondary,no,72,yes,no,cellular,4,may,130,3,312,3,failure,0,4.290459441148391
36,self-employed,married,secondary,no,188,yes,yes,cellular,4,may,1046,3,333,2,success,1,5.241747015059643
33,admin.,divorced,secondary,no,661,yes,no,cellular,4,may,90,4,167,3,failure,0,6.495265555937008
40,unemployed,single,secondary,no,356,yes,no,cellular,4,may,225,2,339,2,failure,0,5.877735781779639
35,management,married,tertiary,no,520,yes,no,cellular,4,may,458,3,17,5,failure,1,6.255750041753367
33,blue-collar,married,primary,no,5151,yes,yes,cellular,4,may,124,3,165,5,failure,0,8.54714026778419
31,management,married,tertiary,no,0,yes,no,cellular,4,may,108,2,167,1,failure,0,0.0
33,management,married,tertiary,no,415,no,no,cellular,4,may,75,5,167,1,other,0,6.030685260261263
35,management,married,tertiary,no,93,no,no,cellular,4,may,198,2,88,1,other,0,4.543294782270004
30,self-employed,married,tertiary,no,2666,no,no,cellular,4,may,781,3,89,1,success,1,7.888709524182015
32,management,married,tertiary,no,141,yes,no,cellular,4,may,78,3,89,9,success,0,4.955827057601261
45,technician,married,secondary,no,280,yes,no,cellular,4,may,562,3,168,2,other,0,5.638354669333745
34,management,single,tertiary,no,308,yes,no,cellular,4,may,79,4,269,4,failure,0,5.733341276897746
31,management,single,tertiary,no,775,yes,no,cellular,4,may,99,2,14,3,failure,0,6.654152520183219
39,management,single,tertiary,no,1515,yes,no,cellular,4,may,815,6,167,6,failure,1,7.323830566202317
24,admin.,single,secondary,no,99,no,no,cellular,4,may,65,3,89,3,failure,0,4.605170185988092
36,admin.,single,secondary,no,115,no,no,cellular,4,may,134,3,91,1,failure,0,4.7535901911063645
32,blue-collar,married,primary,yes,-148,yes,no,cellular,4,may,326,3,357,15,other,0,0.0
34,entrepreneur,married,tertiary,no,1076,yes,no,cellular,4,may,1121,3,88,10,success,0,6.981934677156389
26,blue-collar,married,primary,no,104,yes,no,cellular,4,may,230,6,360,2,other,0,4.653960350157523
39,management,single,tertiary,no,2454,yes,no,cellular,4,may,716,3,263,2,failure,1,7.805882040228621
43,technician,married,secondary,no,4056,no,no,cellular,4,may,13,6,89,2,failure,0,8.308199063206446
29,blue-collar,single,secondary,no,369,yes,no,cellular,4,may,174,5,346,3,failure,0,5.91350300563827
31,management,single,tertiary,no,12857,yes,no,telephone,4,may,483,4,87,2,success,1,9.461721464701633
46,management,single,tertiary,no,334,yes,no,telephone,4,may,36,6,90,2,other,0,5.814130531825066
36,management,married,tertiary,no,953,yes,yes,telephone,4,may,354,2,335,3,other,0,6.860663671448287
53,management,divorced,tertiary,no,2152,no,no,cellular,4,may,520,2,80,3,success,0,7.674617497364363
34,blue-collar,married,secondary,no,315,no,no,cellular,4,may,76,4,89,3,success,0,5.755742213586912
39,technician,married,tertiary,no,11766,yes,no,cellular,4,may,15,4,166,1,failure,0,9.37305428246393
35,entrepreneur,married,secondary,no,2971,no,no,cellular,4,may,429,4,164,2,failure,1,7.99699040583765
31,admin.,single,secondary,no,690,no,no,cellular,4,may,10,4,87,12,failure,0,6.53813982376767
32,management,single,tertiary,no,2360,no,no,cellular,4,may,11,4,90,7,success,0,7.766840537085513
36,services,single,secondary,no,1227,yes,yes,cellular,4,may,775,5,341,3,failure,1,7.113142108707088
41,management,married,secondary,no,1956,no,no,cellular,4,may,114,6,168,11,other,0,7.579167967396076
25,student,married,tertiary,no,4923,yes,yes,cellular,4,may,78,4,74,14,failure,0,8.501876487304344
41,technician,divorced,secondary,no,4047,yes,no,cellular,4,may,14,5,75,1,success,0,8.305978210967302
47,blue-collar,married,secondary,no,668,yes,no,cellular,4,may,230,6,354,2,success,0,6.505784060128229
33,management,married,tertiary,no,17946,yes,no,cellular,4,may,15,4,87,6,failure,0,9.795178249029277
59,retired,divorced,secondary,no,514,no,no,cellular,4,may,673,6,90,1,success,1,6.244166900663736
60,management,married,tertiary,no,5041,no,no,cellular,4,may,8,7,181,1,success,0,8.525558107747866
28,blue-collar,married,secondary,no,61,yes,no,cellular,4,may,226,2,319,1,success,1,4.127134385045092
35,management,single,tertiary,no,62,yes,no,cellular,5,may,214,4,15,3,success,0,4.143134726391533
55,blue-collar,married,secondary,no,233,yes,no,cellular,5,may,813,2,351,3,failure,0,5.455321115357702
30,admin.,divorced,secondary,no,1320,yes,yes,cellular,5,may,122,3,362,1,failure,0,7.186144304522325
37,management,single,tertiary,no,808,no,no,cellular,5,may,29,4,349,1,failure,0,6.695798917058491
28,unemployed,married,secondary,no,431,yes,no,cellular,5,may,29,6,358,3,other,0,6.068425588244111
33,management,single,tertiary,no,1373,yes,no,cellular,5,may,17,5,349,2,failure,0,7.2254814727822945
35,blue-collar,single,secondary,yes,-947,yes,no,cellular,5,may,148,4,362,3,failure,0,0.0
40,blue-collar,married,secondary,no,195,yes,no,cellular,5,may,99,5,333,5,other,0,5.278114659230517
29,blue-collar,married,primary,no,6,yes,no,cellular,5,may,39,5,349,2,other,0,1.9459101490553132
46,technician,married,tertiary,no,-582,yes,no,cellular,5,may,245,4,354,9,other,0,0.0
33,blue-collar,married,secondary,no,931,yes,no,cellular,5,may,272,2,336,1,failure,0,6.837332814685591
34,management,single,tertiary,no,26575,no,no,cellular,5,may,245,6,168,1,failure,0,10.187763831853076
33,admin.,single,secondary,no,346,yes,no,cellular,5,may,24,7,354,2,other,0,5.849324779946859
47,management,single,secondary,no,-246,yes,no,cellular,5,may,145,1,365,2,failure,0,0.0
34,entrepreneur,married,secondary,no,2,yes,yes,cellular,5,may,184,1,167,6,failure,0,1.0986122886681098
45,management,married,primary,no,4758,yes,no,cellular,5,may,632,5,287,6,success,0,8.46779284112111
29,management,single,tertiary,no,1514,yes,no,telephone,5,may,363,1,333,7,other,0,7.323170717943469
28,services,married,secondary,no,0,yes,no,cellular,5,may,334,1,355,6,failure,0,0.0
45,blue-collar,married,secondary,no,640,yes,no,cellular,5,may,214,1,1,1,success,0,6.46302945692067
27,services,single,secondary,no,-72,yes,no,cellular,5,may,276,1,309,9,failure,0,0.0
31,management,single,tertiary,no,170,yes,yes,cellular,5,may,168,1,265,2,failure,0,5.14166355650266
41,services,divorced,secondary,no,5766,yes,yes,cellular,5,may,243,1,169,3,failure,0,8.659907293615413
30,self-employed,single,tertiary,no,0,yes,no,cellular,5,may,57,1,301,1,failure,0,0.0
36,blue-collar,married,secondary,no,80,yes,yes,cellular,5,may,234,1,165,4,failure,0,4.394449154672439
40,management,married,tertiary,no,710,yes,no,cellular,5,may,266,1,298,2,failure,0,6.566672429803241
30,blue-collar,single,secondary,no,80,yes,yes,cellular,5,may,145,1,337,4,failure,0,4.394449154672439
33,management,married,tertiary,no,0,yes,no,cellular,5,may,301,1,365,1,failure,0,0.0
53,technician,married,tertiary,no,431,yes,no,cellular,5,may,55,1,328,1,failure,0,6.068425588244111
32,admin.,single,secondary,no,12,yes,no,cellular,5,may,242,1,365,2,failure,0,2.5649493574615367
55,management,divorced,tertiary,no,2625,yes,no,cellular,5,may,286,1,252,3,failure,0,7.873217054862741
42,management,married,tertiary,no,1272,yes,no,cellular,5,may,117,1,169,1,failure,0,7.149131598557407
35,student,single,secondary,no,188,yes,no,cellular,5,may,863,1,78,8,success,1,5.241747015059643
52,admin.,married,primary,no,576,yes,no,cellular,5,may,139,1,286,1,failure,0,6.3578422665081
43,blue-collar,married,secondary,no,130,no,no,cellular,5,may,156,1,337,3,failure,0,4.875197323201151
36,blue-collar,single,secondary,no,767,yes,no,cellular,5,may,62,1,355,2,other,0,6.643789733147672
35,management,single,tertiary,no,1,yes,no,cellular,5,may,80,1,285,1,failure,0,0.6931471805599453
35,blue-collar,married,primary,no,147,yes,no,cellular,5,may,358,1,337,3,failure,0,4.997212273764115
29,admin.,single,secondary,no,0,yes,no,cellular,5,may,187,1,365,1,other,0,0.0
30,management,single,tertiary,no,0,yes,no,cellular,5,may,381,1,342,7,failure,0,0.0
26,management,married,tertiary,no,784,yes,yes,cellular,5,may,247,2,358,2,failure,0,6.665683717782408
25,admin.,single,tertiary,no,1141,yes,no,cellular,5,may,718,1,347,1,failure,0,7.040536390215956
37,services,divorced,secondary,no,726,yes,no,cellular,5,may,136,2,362,2,other,0,6.588926477533519
30,services,single,secondary,no,572,yes,no,cellular,5,may,237,1,319,4,other,0,6.35088571671474
35,management,married,secondary,no,2311,yes,no,cellular,5,may,659,1,167,1,failure,0,7.7458682297922685
30,admin.,married,secondary,no,182,yes,yes,cellular,5,may,143,1,364,1,failure,0,5.209486152841421
37,blue-collar,married,primary,no,0,yes,no,cellular,5,may,108,1,349,2,failure,0,0.0
41,entrepreneur,married,tertiary,no,121,yes,no,cellular,5,may,456,1,287,1,failure,0,4.804021044733257
38,technician,married,secondary,no,54,yes,yes,cellular,5,may,236,1,287,2,failure,0,4.007333185232471
23,unemployed,single,secondary,no,-503,yes,no,cellular,5,may,92,1,342,4,other,0,0.0
33,self-employed,married,tertiary,no,210,yes,no,cellular,5,may,84,1,167,1,failure,0,5.351858133476067
31,services,single,secondary,no,187,yes,no,cellular,5,may,241,1,347,1,failure,0,5.236441962829949
38,blue-collar,single,secondary,no,2032,yes,no,cellular,5,may,87,4,349,2,failure,0,7.617267813628347
57,retired,married,secondary,no,0,yes,no,cellular,5,may,127,1,363,4,failure,0,0.0
34,management,divorced,tertiary,no,1,yes,no,cellular,5,may,106,1,362,3,other,0,0.6931471805599453
40,technician,single,tertiary,no,47,yes,no,cellular,5,may,159,1,365,1,failure,0,3.871201010907891
48,admin.,divorced,secondary,no,-513,yes,no,cellular,5,may,54,4,362,1,other,0,0.0
28,services,married,secondary,no,0,yes,no,cellular,5,may,335,2,281,8,failure,0,0.0
27,technician,single,tertiary,no,75,yes,yes,cellular,5,may,308,1,351,1,failure,0,4.330733340286331
39,housemaid,married,secondary,no,1372,yes,yes,cellular,5,may,206,1,355,1,failure,0,7.224753405767971
31,blue-collar,single,secondary,no,196,yes,no,cellular,5,may,568,1,341,7,failure,1,5.2832037287379885
42,management,married,tertiary,no,3718,yes,no,cellular,5,may,42,1,272,2,failure,0,8.22121009392507
33,management,single,tertiary,no,12686,yes,no,cellular,5,may,470,2,166,2,failure,0,9.448333126140598
47,technician,married,secondary,no,232,yes,no,cellular,5,may,166,2,285,1,failure,0,5.4510384535657
39,admin.,single,secondary,no,782,yes,no,cellular,5,may,542,4,47,11,other,0,6.663132695990803
33,services,married,secondary,no,255,yes,yes,cellular,5,may,237,4,165,4,failure,0,5.545177444479562
40,services,married,secondary,no,0,yes,no,cellular,5,may,184,1,334,2,failure,0,0.0
32,admin.,single,secondary,no,98,yes,no,cellular,5,may,360,1,365,2,failure,0,4.59511985013459
41,blue-collar,married,secondary,no,992,yes,yes,cellular,5,may,335,1,295,3,failure,0,6.900730664045173
32,technician,divorced,tertiary,no,75,no,no,cellular,5,may,104,3,256,9,failure,0,4.330733340286331
44,unemployed,married,secondary,no,0,no,no,cellular,5,may,398,2,165,4,failure,0,0.0
37,admin.,single,secondary,no,686,yes,no,cellular,5,may,253,3,280,2,failure,0,6.532334292222349
37,technician,married,tertiary,no,3043,yes,no,cellular,5,may,249,1,300,1,failure,0,8.020927718981577
33,blue-collar,married,primary,no,415,yes,no,cellular,5,may,316,1,337,4,success,0,6.030685260261263
54,technician,married,secondary,no,-258,yes,no,cellular,5,may,65,3,342,1,other,0,0.0
35,services,single,secondary,no,1239,yes,no,cellular,5,may,60,2,347,1,failure,0,7.122866658599083
53,admin.,divorced,secondary,no,0,yes,no,cellular,5,may,246,1,344,1,failure,0,0.0
56,technician,married,secondary,no,170,yes,no,cellular,5,may,200,2,294,4,other,0,5.14166355650266
43,blue-collar,married,secondary,no,-755,yes,yes,cellular,5,may,162,1,337,1,failure,0,0.0
54,entrepreneur,married,secondary,no,0,yes,no,cellular,5,may,387,2,287,1,failure,0,0.0
47,technician,married,secondary,no,57,no,no,cellular,5,may,253,1,342,1,success,0,4.060443010546419
35,entrepreneur,married,tertiary,no,0,no,no,cellular,5,may,74,1,168,4,failure,0,0.0
35,management,married,tertiary,no,76,no,no,cellular,5,may,283,1,362,9,failure,0,4.343805421853684
53,services,married,primary,no,171,yes,yes,cellular,5,may,343,4,167,6,other,0,5.147494476813453
51,technician,single,secondary,no,-463,yes,no,cellular,5,may,496,1,343,3,failure,0,0.0
47,admin.,married,secondary,no,769,yes,no,cellular,5,may,183,1,265,2,failure,0,6.646390514847729
39,blue-collar,single,secondary,no,290,yes,no,cellular,5,may,128,1,336,1,other,0,5.673323267171493
43,technician,divorced,secondary,no,0,yes,no,cellular,5,may,150,2,342,2,failure,0,0.0
35,services,married,secondary,no,27,yes,yes,cellular,5,may,442,2,278,3,failure,0,3.332204510175204
46,management,married,tertiary,no,1217,yes,no,cellular,5,may,83,9,168,2,other,0,7.1049654482698426
55,services,married,secondary,no,-626,yes,yes,cellular,5,may,369,2,278,5,failure,0,0.0
45,admin.,married,secondary,no,251,yes,no,cellular,5,may,304,2,259,2,failure,0,5.529429087511423
32,management,married,tertiary,no,4761,yes,no,cellular,5,may,159,2,350,2,failure,0,8.468423027046809
33,management,married,tertiary,no,8339,yes,no,cellular,5,may,335,2,165,5,other,0,9.028818495352793
30,management,married,tertiary,no,6432,yes,no,cellular,5,may,334,6,165,5,failure,0,8.769196271411001
31,admin.,married,secondary,no,368,yes,no,cellular,5,may,414,5,361,3,other,0,5.910796644040527
44,management,divorced,tertiary,no,0,yes,yes,cellular,5,may,297,2,167,1,failure,0,0.0
34,blue-collar,married,primary,no,6352,yes,no,cellular,5,may,338,4,288,2,other,0,8.756682421266532
30,services,married,tertiary,no,6,yes,no,cellular,5,may,279,2,342,2,failure,0,1.9459101490553132
37,admin.,married,secondary,no,176,yes,no,cellular,5,may,147,2,347,1,failure,0,5.176149732573829
30,technician,single,secondary,no,-522,yes,yes,cellular,5,may,670,2,286,6,failure,1,0.0
48,technician,single,tertiary,no,104,yes,no,cellular,5,may,124,2,344,1,other,0,4.653960350157523
36,technician,single,secondary,no,103,yes,no,cellular,5,may,122,2,344,2,failure,0,4.6443908991413725
39,blue-collar,single,secondary,no,519,yes,yes,cellular,5,may,180,3,166,15,failure,0,6.253828811575473
52,technician,married,secondary,no,221,yes,no,cellular,5,may,178,2,363,3,failure,0,5.402677381872279
51,blue-collar,married,primary,no,565,yes,yes,cellular,5,may,157,7,250,3,failure,0,6.338594078203183
37,management,married,tertiary,no,8564,yes,no,cellular,5,may,211,2,347,1,failure,0,9.05543941075822
35,admin.,married,secondary,no,1286,yes,no,cellular,5,may,862,3,337,1,other,1,7.160069207596127
42,blue-collar,married,secondary,no,2152,yes,no,cellular,5,may,319,2,169,1,failure,0,7.674617497364363
43,technician,divorced,secondary,no,305,yes,no,cellular,5,may,674,2,250,4,failure,0,5.723585101952381
27,admin.,married,secondary,no,3160,yes,no,cellular,5,may,209,5,343,1,failure,0,8.058643712215618
28,services,divorced,secondary,no,6,yes,yes,cellular,5,may,211,2,278,23,other,0,1.9459101490553132
53,services,married,primary,no,2618,yes,no,cellular,5,may,185,2,165,2,failure,0,7.870547844507712
45,management,married,tertiary,no,0,yes,no,cellular,5,may,469,2,342,1,failure,0,0.0
43,management,married,tertiary,no,176,yes,no,cellular,5,may,253,2,286,1,failure,0,5.176149732573829
31,technician,single,secondary,no,4888,yes,no,telephone,5,may,475,4,166,2,failure,0,8.494743062578646
41,blue-collar,married,secondary,no,440,yes,no,cellular,5,may,523,1,334,2,failure,0,6.089044875446846
30,management,single,tertiary,no,61,yes,no,telephone,5,may,36,7,165,5,other,0,4.127134385045092
34,technician,single,secondary,no,513,yes,no,cellular,5,may,165,3,169,5,other,0,6.2422232654551655
42,services,married,secondary,no,96,yes,no,cellular,5,may,238,3,340,2,failure,0,4.574710978503383
54,blue-collar,married,primary,no,1357,yes,yes,cellular,5,may,305,5,349,7,other,0,7.213768308118642
33,management,single,tertiary,no,0,yes,no,telephone,5,may,399,2,358,5,other,0,0.0
36,technician,single,secondary,no,7503,yes,no,telephone,5,may,193,1,335,1,failure,0,8.92319149068606
44,blue-collar,married,primary,no,0,yes,no,telephone,5,may,408,2,350,1,failure,0,0.0
37,management,divorced,tertiary,no,0,yes,no,cellular,5,may,74,8,351,11,failure,0,0.0
56,management,married,tertiary,no,505,yes,yes,cellular,5,may,221,1,169,3,failure,0,6.226536669287466
30,blue-collar,married,primary,no,-327,yes,yes,cellular,5,may,305,1,294,7,other,0,0.0
35,blue-collar,married,secondary,no,225,yes,no,cellular,6,may,160,7,343,2,failure,0,5.420534999272286
41,blue-collar,married,primary,no,-7,yes,no,cellular,6,may,104,2,365,2,failure,0,0.0
39,services,married,secondary,no,-311,yes,no,cellular,6,may,55,2,345,2,other,0,0.0
37,technician,single,secondary,no,5436,yes,no,cellular,6,may,7,11,351,1,failure,0,8.600982717145921
49,blue-collar,married,secondary,no,8545,yes,yes,cellular,6,may,199,7,167,1,failure,0,9.05321861620397
46,management,married,tertiary,no,523,yes,no,cellular,6,may,105,4,366,2,failure,0,6.261491684321042
37,management,married,tertiary,no,0,yes,no,cellular,6,may,149,1,13,12,success,0,0.0
49,blue-collar,married,secondary,no,2039,yes,no,cellular,6,may,451,1,169,2,failure,1,7.620705086838262
52,services,divorced,secondary,no,12,yes,no,cellular,6,may,78,1,170,1,failure,0,2.5649493574615367
35,management,married,tertiary,no,0,yes,yes,cellular,6,may,113,1,351,1,other,0,0.0
60,blue-collar,married,primary,no,6271,yes,no,cellular,6,may,210,2,254,5,failure,0,8.743850562030243
40,admin.,divorced,secondary,no,83,yes,no,cellular,6,may,327,1,280,6,failure,0,4.430816798843313
34,blue-collar,married,secondary,no,649,yes,no,cellular,6,may,224,1,363,1,other,0,6.476972362889683
49,management,married,tertiary,no,489,yes,no,cellular,6,may,65,1,358,1,failure,0,6.194405391104672
53,self-employed,married,secondary,no,-488,yes,no,cellular,6,may,207,1,342,1,failure,0,0.0
27,admin.,married,secondary,no,710,yes,yes,cellular,6,may,653,1,334,2,success,1,6.566672429803241
40,services,married,secondary,no,1438,yes,no,cellular,6,may,207,1,351,2,failure,0,7.271703706887368
50,technician,married,secondary,no,0,yes,no,cellular,6,may,327,1,356,1,other,0,0.0
36,services,married,secondary,no,0,yes,no,cellular,6,may,215,3,280,3,failure,0,0.0
34,admin.,single,tertiary,no,18,yes,no,cellular,6,may,285,1,288,17,other,0,2.9444389791664403
30,self-employed,married,tertiary,yes,-1083,yes,no,cellular,6,may,401,1,336,2,failure,0,0.0
58,management,married,tertiary,no,0,yes,yes,cellular,6,may,293,1,351,2,failure,0,0.0
53,entrepreneur,divorced,tertiary,no,81,yes,no,cellular,6,may,178,5,352,3,failure,0,4.406719247264253
35,services,married,secondary,no,0,yes,no,cellular,6,may,343,3,351,1,failure,0,0.0
57,retired,married,primary,no,0,yes,no,cellular,6,may,62,2,273,2,failure,0,0.0
56,management,married,tertiary,no,563,yes,no,cellular,6,may,100,2,168,1,failure,0,6.335054251498059
32,blue-collar,single,secondary,no,1143,yes,yes,cellular,6,may,132,1,300,1,failure,0,7.042286171939743
36,admin.,married,secondary,no,788,yes,no,cellular,6,may,403,1,345,1,failure,0,6.670766320845874
37,technician,divorced,secondary,no,141,yes,no,cellular,6,may,848,1,364,3,failure,1,4.955827057601261
35,management,married,tertiary,no,105,yes,no,cellular,6,may,36,1,365,3,failure,0,4.663439094112067
43,blue-collar,married,secondary,no,388,yes,yes,cellular,6,may,644,1,355,2,failure,0,5.963579343618446
40,management,married,tertiary,no,-606,yes,no,cellular,6,may,90,1,345,1,failure,0,0.0
34,blue-collar,married,secondary,no,-349,yes,no,cellular,6,may,208,1,365,1,failure,0,0.0
30,admin.,married,secondary,no,-150,yes,no,cellular,6,may,174,1,365,1,failure,0,0.0
40,management,divorced,tertiary,no,69,yes,no,cellular,6,may,503,2,280,2,failure,0,4.248495242049359
33,admin.,married,tertiary,no,281,yes,no,cellular,6,may,257,1,365,1,failure,0,5.641907070938114
24,blue-collar,single,secondary,no,27,yes,no,cellular,6,may,404,1,338,2,failure,0,3.332204510175204
32,blue-collar,single,secondary,no,53,yes,no,cellular,6,may,153,1,169,2,failure,0,3.9889840465642745
52,services,divorced,secondary,no,238,yes,no,cellular,6,may,101,1,362,5,other,0,5.476463551931511
28,services,single,secondary,no,123,yes,no,cellular,6,may,115,1,359,3,failure,0,4.820281565605037
24,admin.,married,secondary,no,299,yes,no,cellular,6,may,209,1,321,1,failure,0,5.703782474656201
35,services,married,secondary,no,302,yes,no,cellular,6,may,137,1,364,1,failure,0,5.713732805509369
53,blue-collar,married,secondary,no,380,yes,yes,cellular,6,may,42,1,302,1,failure,0,5.942799375126701
49,blue-collar,divorced,primary,no,0,yes,no,cellular,6,may,305,1,281,2,failure,0,0.0
26,admin.,single,secondary,no,96,no,no,cellular,6,may,606,1,345,1,failure,0,4.574710978503383
30,management,divorced,tertiary,no,415,yes,yes,cellular,6,may,984,1,343,4,failure,1,6.030685260261263
29,admin.,married,secondary,no,2,yes,no,cellular,6,may,339,1,362,1,failure,0,1.0986122886681098
40,self-employed,married,secondary,no,311,yes,no,cellular,6,may,205,1,351,2,failure,0,5.7430031878094825
30,entrepreneur,married,secondary,no,392,yes,no,cellular,6,may,124,1,167,3,failure,0,5.973809611869261
37,blue-collar,married,primary,no,0,yes,no,cellular,6,may,226,1,363,3,other,0,0.0
44,entrepreneur,married,secondary,no,860,yes,yes,cellular,6,may,96,2,295,5,failure,0,6.7580945044277305
32,technician,single,secondary,no,6402,yes,no,cellular,6,may,158,1,167,1,success,0,8.764521909518802
39,services,married,primary,no,0,no,no,cellular,6,may,49,2,282,3,failure,0,0.0
33,admin.,divorced,secondary,yes,-18,yes,no,cellular,6,may,244,1,359,3,failure,0,0.0
53,entrepreneur,married,tertiary,no,54,yes,yes,cellular,6,may,123,1,169,1,failure,0,4.007333185232471
34,admin.,married,secondary,no,4902,yes,no,cellular,6,may,59,1,167,1,failure,0,8.497602541651233
37,technician,married,secondary,no,83,yes,no,cellular,6,may,68,1,363,1,failure,0,4.430816798843313
28,blue-collar,married,primary,no,60,yes,no,cellular,6,may,161,1,337,1,failure,0,4.110873864173311
23,services,married,secondary,no,83,yes,no,cellular,6,may,199,1,358,1,failure,0,4.430816798843313
38,management,single,tertiary,no,171,yes,yes,cellular,6,may,60,1,272,3,failure,0,5.147494476813453
32,services,married,secondary,no,509,yes,no,cellular,6,may,473,1,358,2,other,0,6.234410725718371
29,services,married,secondary,no,0,yes,yes,cellular,6,may,315,1,281,15,other,0,0.0
55,blue-collar,married,primary,no,1086,yes,no,cellular,6,may,146,1,272,2,failure,0,6.99117688712121
33,blue-collar,divorced,secondary,no,714,yes,no,cellular,6,may,208,1,344,2,other,0,6.5722825426940075
33,admin.,married,secondary,no,2468,yes,yes,cellular,6,may,84,1,282,4,failure,0,7.81156848934518
37,self-employed,married,primary,no,90,yes,no,telephone,6,may,39,1,363,2,failure,0,4.51085950651685
31,services,divorced,secondary,no,1016,yes,no,cellular,6,may,20,1,342,1,failure,0,6.92461239604856
51,self-employed,married,primary,no,106,yes,no,telephone,6,may,217,1,169,5,failure,0,4.672828834461906
34,entrepreneur,married,tertiary,no,0,yes,no,cellular,6,may,611,1,183,1,failure,1,0.0
42,technician,single,tertiary,no,-380,yes,no,cellular,6,may,413,1,294,1,other,0,0.0
29,blue-collar,married,secondary,no,751,yes,no,cellular,6,may,211,1,288,5,success,0,6.62273632394984
42,management,married,primary,no,-679,yes,yes,cellular,6,may,159,1,343,2,failure,0,0.0
31,technician,single,secondary,no,13,no,no,cellular,6,may,318,1,166,1,failure,0,2.6390573296152584
29,unemployed,single,tertiary,no,7,no,no,cellular,6,may,51,1,179,1,failure,0,2.0794415416798357
38,technician,single,secondary,no,613,yes,yes,cellular,6,may,285,2,254,14,other,0,6.419994928147142
46,blue-collar,married,primary,no,91,yes,no,cellular,6,may,29,1,356,2,failure,0,4.5217885770490405
38,blue-collar,married,primary,no,689,yes,no,cellular,6,may,585,2,296,2,failure,0,6.536691597591305
41,admin.,married,primary,no,0,yes,no,cellular,6,may,184,2,323,1,failure,0,0.0
33,blue-collar,married,primary,no,-457,yes,yes,cellular,6,may,128,1,350,1,failure,0,0.0
50,admin.,divorced,secondary,yes,2405,yes,no,cellular,6,may,114,1,287,8,failure,0,7.785720896534624
30,blue-collar,married,secondary,no,5903,yes,no,cellular,6,may,231,1,363,1,failure,0,8.683385366280309
36,management,single,tertiary,no,7506,yes,no,cellular,6,may,839,2,188,1,success,1,8.923591197573002
38,technician,single,secondary,no,1255,yes,no,cellular,6,may,120,1,170,4,failure,0,7.135687347028144
47,admin.,married,primary,no,31,yes,no,cellular,6,may,50,1,356,1,failure,0,3.4657359027997265
30,services,single,primary,no,411,yes,no,cellular,6,may,457,1,358,1,other,0,6.021023349349527
34,technician,single,secondary,no,827,yes,no,cellular,6,may,254,1,267,4,failure,0,6.71901315438526
33,services,single,tertiary,no,1268,yes,no,cellular,6,may,451,1,350,1,other,0,7.1459844677143876
35,blue-collar,married,secondary,no,80,yes,yes,cellular,6,may,317,1,363,1,failure,0,4.394449154672439
37,management,single,tertiary,no,102,yes,no,cellular,6,may,445,1,258,2,failure,1,4.634728988229636
34,admin.,single,secondary,no,69,yes,no,telephone,6,may,92,3,362,4,other,0,4.248495242049359
50,technician,divorced,secondary,no,636,yes,no,cellular,6,may,127,2,254,23,other,0,6.456769655572163
27,technician,single,secondary,no,2,yes,yes,cellular,6,may,554,2,356,1,failure,1,1.0986122886681098
53,management,divorced,secondary,no,28,yes,no,cellular,6,may,135,2,289,1,failure,0,3.367295829986474
45,unemployed,divorced,secondary,no,728,yes,yes,cellular,6,may,156,2,169,1,failure,0,6.591673732008658
32,admin.,married,secondary,no,752,yes,no,cellular,6,may,519,2,166,5,failure,1,6.6240652277998935
29,technician,single,tertiary,no,183,yes,yes,cellular,6,may,64,1,343,2,failure,0,5.214935757608986
22,student,single,secondary,no,310,yes,no,cellular,6,may,903,2,355,1,other,0,5.739792912179234
35,entrepreneur,single,tertiary,no,1416,yes,no,cellular,6,may,100,1,169,12,other,0,7.256297239690681
30,technician,single,tertiary,no,3,yes,no,cellular,6,may,45,2,169,2,failure,0,1.3862943611198906
47,blue-collar,married,secondary,no,-216,yes,no,cellular,6,may,197,1,282,3,failure,0,0.0
49,management,married,secondary,no,99,yes,no,cellular,6,may,687,2,343,1,failure,1,4.605170185988092
34,services,divorced,secondary,no,991,yes,no,cellular,6,may,89,1,344,1,failure,0,6.899723107284872
38,technician,married,secondary,no,1016,yes,yes,cellular,6,may,74,2,167,4,failure,0,6.92461239604856
32,technician,single,secondary,yes,-92,yes,no,cellular,6,may,139,1,363,1,other,0,0.0
29,technician,single,tertiary,no,-803,yes,yes,cellular,6,may,827,1,329,9,failure,0,0.0
42,blue-collar,divorced,secondary,no,1491,yes,no,cellular,6,may,203,2,334,2,failure,0,7.307872780763706
32,management,single,tertiary,no,-248,yes,yes,cellular,6,may,109,1,315,20,other,0,0.0
35,management,single,tertiary,no,1494,yes,no,cellular,6,may,311,1,169,2,success,0,7.3098814858247865
44,services,married,secondary,no,1872,yes,no,cellular,6,may,175,1,322,3,failure,0,7.5352967024440884
34,entrepreneur,single,secondary,no,339,yes,no,cellular,6,may,110,2,359,2,failure,0,5.8289456176102075
26,entrepreneur,married,tertiary,no,37,yes,yes,cellular,6,may,207,1,363,2,failure,0,3.6375861597263857
38,management,married,tertiary,no,4293,yes,no,cellular,6,may,92,2,250,2,failure,0,8.364973978438726
28,unemployed,single,tertiary,no,1010,yes,no,cellular,6,may,911,1,336,2,failure,0,6.918695219020472
36,management,married,tertiary,no,222,yes,no,cellular,6,may,317,1,169,2,failure,0,5.407171771460119
29,services,single,secondary,no,79,yes,no,cellular,6,may,811,1,334,3,other,0,4.382026634673881
48,services,married,secondary,no,2597,yes,no,cellular,6,may,182,2,355,1,failure,0,7.862497197230545
32,technician,divorced,secondary,no,3345,yes,no,cellular,6,may,118,1,260,3,failure,0,8.11552088154677
38,housemaid,divorced,primary,no,0,yes,yes,cellular,6,may,79,2,166,7,failure,0,0.0
52,blue-collar,married,primary,no,230,yes,no,cellular,6,may,198,2,170,2,failure,0,5.442417710521793
50,admin.,married,primary,no,458,yes,no,cellular,6,may,116,2,363,1,failure,0,6.129050210060545
49,services,married,primary,no,0,yes,no,cellular,6,may,445,2,166,3,failure,1,0.0
42,technician,single,secondary,no,568,yes,no,cellular,6,may,311,2,341,2,failure,0,6.343880434126331
32,technician,married,secondary,no,-360,yes,no,cellular,6,may,131,2,344,2,failure,0,0.0
33,blue-collar,married,primary,no,289,yes,no,cellular,6,may,309,1,363,4,failure,0,5.66988092298052
47,self-employed,married,tertiary,no,2303,yes,no,cellular,6,may,323,2,364,1,failure,0,7.742402021815782
38,management,married,tertiary,no,-1884,yes,no,cellular,6,may,82,2,289,1,failure,0,0.0
35,blue-collar,divorced,primary,no,4401,yes,no,cellular,6,may,316,2,279,4,failure,0,8.389814262086407
35,management,married,tertiary,no,272,yes,no,cellular,6,may,251,4,289,2,failure,0,5.60947179518496
37,management,married,tertiary,no,0,yes,no,cellular,6,may,84,2,169,3,failure,0,0.0
37,services,married,primary,yes,-483,yes,yes,cellular,6,may,222,2,168,3,failure,0,0.0
36,services,married,tertiary,no,260,yes,no,cellular,6,may,167,3,299,2,failure,0,5.564520407322694
54,admin.,married,secondary,no,614,yes,no,cellular,6,may,322,2,343,2,failure,0,6.421622267806518
35,management,single,tertiary,no,2576,yes,yes,cellular,6,may,136,3,273,4,failure,0,7.854381210652365
37,admin.,married,tertiary,no,828,yes,no,cellular,6,may,206,2,342,1,failure,0,6.720220155135295
36,technician,single,secondary,no,634,yes,no,cellular,6,may,281,2,250,2,failure,0,6.453624998892692
27,student,single,secondary,no,3096,yes,no,telephone,6,may,62,4,357,1,failure,0,8.038189179973203
35,entrepreneur,married,tertiary,no,355,yes,no,cellular,6,may,183,2,355,1,failure,0,5.87493073085203
30,blue-collar,married,secondary,no,313,yes,yes,cellular,6,may,311,3,364,1,failure,0,5.749392985908253
40,blue-collar,married,primary,no,34,yes,no,cellular,6,may,350,2,344,1,failure,0,3.5553480614894135
32,admin.,divorced,tertiary,no,-2,yes,no,cellular,6,may,103,3,168,1,failure,0,0.0
33,management,married,secondary,no,3935,yes,no,cellular,6,may,765,1,342,2,failure,1,8.277920258172143
52,management,divorced,tertiary,no,1988,yes,no,cellular,6,may,88,1,299,1,failure,0,7.5953872788539725
37,technician,married,secondary,no,1345,yes,no,cellular,6,may,74,6,169,4,failure,0,7.204892510204673
25,blue-collar,single,secondary,no,51,yes,no,cellular,6,may,70,3,356,4,other,0,3.9512437185814275
30,services,single,secondary,no,346,yes,no,cellular,6,may,87,3,345,5,other,0,5.849324779946859
32,blue-collar,married,secondary,no,25,yes,no,cellular,6,may,28,2,345,3,other,0,3.258096538021482
30,admin.,single,secondary,no,1282,yes,no,cellular,6,may,346,3,356,2,other,0,7.1569563646156364
28,blue-collar,married,tertiary,no,417,yes,yes,cellular,6,may,523,2,363,2,failure,0,6.035481432524756
26,unemployed,married,secondary,no,285,yes,no,cellular,6,may,265,2,342,2,failure,0,5.655991810819852
37,technician,married,secondary,no,146,yes,yes,cellular,6,may,82,2,356,2,failure,0,4.990432586778736
41,blue-collar,married,primary,no,13,yes,no,cellular,6,may,358,2,306,1,failure,0,2.6390573296152584
46,blue-collar,married,primary,no,147,yes,no,cellular,6,may,116,2,169,3,failure,0,4.997212273764115
40,management,married,tertiary,no,429,yes,no,cellular,6,may,222,2,363,4,failure,0,6.063785208687608
34,technician,single,secondary,no,1259,yes,no,cellular,6,may,379,2,169,1,failure,0,7.138866999945524
48,entrepreneur,divorced,secondary,no,2,yes,yes,cellular,6,may,593,2,281,4,failure,0,1.0986122886681098
31,management,single,tertiary,no,59,yes,yes,cellular,6,may,1347,2,363,1,failure,1,4.0943445622221
40,services,single,secondary,no,326,yes,no,cellular,6,may,242,2,169,2,failure,0,5.7899601708972535
51,management,divorced,tertiary,no,318,yes,no,cellular,6,may,102,2,355,2,failure,0,5.765191102784844
31,blue-collar,single,secondary,no,-457,yes,no,cellular,6,may,270,4,366,2,failure,0,0.0
38,management,single,tertiary,no,427,yes,no,cellular,6,may,17,3,169,2,failure,0,6.059123195581797
41,technician,married,secondary,no,741,yes,no,cellular,6,may,606,3,335,6,other,0,6.60934924316738
46,blue-collar,married,secondary,no,-1400,yes,no,telephone,6,may,309,3,355,4,failure,0,0.0
39,unemployed,married,primary,no,1147,yes,yes,cellular,6,may,232,2,363,5,failure,0,7.045776576879511
29,blue-collar,married,secondary,no,100,yes,yes,cellular,6,may,152,4,344,2,failure,0,4.61512051684126
38,technician,single,secondary,no,435,yes,no,cellular,6,may,437,4,345,1,failure,0,6.077642243349034
40,management,married,tertiary,no,1598,yes,yes,cellular,6,may,1074,4,344,3,failure,1,7.377133712833954
34,technician,single,secondary,no,440,yes,no,cellular,6,may,445,2,345,2,failure,0,6.089044875446846
35,technician,single,tertiary,no,275,yes,no,cellular,6,may,157,3,254,5,failure,0,5.62040086571715
31,self-employed,single,secondary,no,148,yes,yes,cellular,6,may,232,2,167,4,failure,0,5.003946305945459
22,blue-collar,married,secondary,no,223,yes,no,cellular,6,may,268,1,344,1,failure,0,5.4116460518550396
37,admin.,single,secondary,no,22,yes,no,cellular,7,may,28,2,289,5,failure,0,3.1354942159291497
48,blue-collar,married,primary,no,-254,yes,no,cellular,7,may,210,2,346,1,other,0,0.0
48,management,married,secondary,no,3663,yes,no,telephone,7,may,25,5,169,1,failure,0,8.20631072579402
56,entrepreneur,divorced,tertiary,no,151,yes,no,cellular,7,may,16,5,171,1,other,0,5.0238805208462765
32,blue-collar,single,secondary,no,1402,yes,no,cellular,7,may,343,3,295,5,other,0,7.246368080102461
36,blue-collar,married,secondary,no,975,yes,no,cellular,7,may,186,2,295,1,failure,0,6.883462586413092
50,management,married,tertiary,no,29,yes,no,cellular,7,may,83,4,266,20,other,0,3.4011973816621555
54,blue-collar,married,primary,no,-864,yes,no,telephone,7,may,755,3,363,5,failure,0,0.0
25,services,married,secondary,no,10,yes,no,cellular,7,may,51,1,294,1,failure,0,2.3978952727983707
31,self-employed,single,tertiary,no,253,yes,no,cellular,7,may,157,1,349,4,failure,0,5.537334267018537
30,management,married,secondary,no,-559,yes,yes,cellular,7,may,98,1,167,2,failure,0,0.0
33,admin.,single,tertiary,no,490,yes,no,cellular,7,may,31,1,363,2,failure,0,6.19644412779452
50,admin.,single,secondary,no,2040,yes,no,cellular,7,may,149,1,357,1,failure,0,7.621195162809845
36,blue-collar,married,secondary,no,89,yes,no,cellular,7,may,62,6,366,2,failure,0,4.499809670330265
28,blue-collar,single,secondary,yes,87,yes,no,cellular,7,may,27,1,345,1,failure,0,4.477336814478207
34,management,single,tertiary,no,171,yes,no,cellular,7,may,191,1,294,1,failure,0,5.147494476813453
32,management,single,tertiary,no,41,yes,no,cellular,7,may,449,1,338,1,other,0,3.7376696182833684
56,admin.,single,secondary,no,1854,yes,no,telephone,7,may,45,1,342,2,failure,0,7.5256399750415355
39,management,single,tertiary,no,968,yes,no,cellular,7,may,59,1,258,6,failure,0,6.876264611890766
31,management,single,tertiary,no,874,yes,no,cellular,7,may,98,1,170,2,failure,0,6.774223886357614
51,management,married,secondary,no,441,yes,no,cellular,7,may,189,2,167,2,other,0,6.091309882077698
37,services,married,secondary,no,343,yes,yes,cellular,7,may,104,1,304,7,failure,0,5.840641657373398
27,blue-collar,married,secondary,no,245,yes,no,cellular,7,may,121,1,344,2,failure,0,5.5053315359323625
33,admin.,married,secondary,no,-370,yes,no,cellular,7,may,261,1,345,1,failure,1,0.0
29,admin.,single,tertiary,no,422,yes,no,cellular,7,may,103,1,363,1,failure,0,6.0473721790462776
35,technician,married,secondary,no,883,yes,no,cellular,7,may,333,1,351,1,failure,0,6.784457062637643
30,blue-collar,divorced,secondary,no,292,yes,no,cellular,7,may,381,1,335,5,other,0,5.680172609017068
53,self-employed,married,tertiary,no,167,yes,no,cellular,7,may,84,1,343,1,other,0,5.123963979403259
31,services,divorced,primary,no,459,yes,no,cellular,7,may,623,1,293,1,success,1,6.131226489483141
30,technician,married,secondary,no,3875,yes,no,cellular,7,may,131,1,338,2,other,0,8.262558973010657
34,blue-collar,divorced,secondary,no,-131,yes,no,cellular,7,may,132,1,356,1,failure,0,0.0
56,blue-collar,married,secondary,no,471,yes,no,cellular,7,may,104,1,342,2,failure,0,6.156978985585555
35,blue-collar,married,secondary,no,0,yes,no,cellular,7,may,19,1,360,2,failure,0,0.0
35,technician,divorced,secondary,no,44,yes,yes,cellular,7,may,366,1,167,2,failure,0,3.8066624897703196
34,management,single,tertiary,no,2607,no,no,cellular,7,may,63,1,336,12,other,0,7.866338923046544
43,admin.,married,secondary,no,24,yes,no,cellular,7,may,183,4,357,2,other,0,3.2188758248682006
27,services,married,secondary,no,58,yes,no,cellular,7,may,113,1,337,2,other,0,4.07753744390572
54,management,divorced,secondary,no,300,yes,no,cellular,7,may,329,1,168,2,success,0,5.707110264748875
32,technician,single,tertiary,no,69,no,no,cellular,7,may,95,1,357,3,other,0,4.248495242049359
32,technician,single,tertiary,no,514,yes,yes,cellular,7,may,138,1,168,1,failure,0,6.244166900663736
34,technician,single,secondary,no,49,no,no,cellular,7,may,393,1,351,1,failure,0,3.912023005428146
32,services,married,secondary,no,426,yes,yes,cellular,7,may,383,1,339,1,other,0,6.056784013228625
32,blue-collar,single,secondary,no,1291,yes,no,cellular,7,may,223,1,293,1,failure,0,7.163946684342547
50,entrepreneur,married,secondary,no,806,yes,yes,cellular,7,may,141,8,297,2,other,0,6.693323668269949
42,blue-collar,married,primary,no,1461,yes,no,cellular,7,may,757,2,170,3,failure,1,7.2875606403097235
38,technician,single,tertiary,no,178,yes,no,cellular,7,may,184,1,351,1,failure,0,5.187385805840755
27,technician,single,secondary,no,-211,yes,no,cellular,7,may,146,1,349,3,failure,0,0.0
38,admin.,divorced,secondary,no,673,yes,no,cellular,7,may,429,1,170,3,other,0,6.513230110912307
37,management,married,tertiary,no,900,yes,no,cellular,7,may,155,1,357,2,failure,0,6.803505257608338
32,technician,single,secondary,no,1210,yes,yes,cellular,7,may,107,1,344,4,failure,0,7.099201743553092
45,management,married,tertiary,no,1033,yes,no,cellular,7,may,177,1,357,1,failure,0,6.9411900550683745
28,services,single,secondary,no,6332,yes,no,telephone,7,may,149,1,343,4,failure,0,8.753529336516431
36,entrepreneur,married,tertiary,no,280,yes,no,cellular,7,may,252,1,351,1,failure,0,5.638354669333745
41,management,married,primary,no,733,yes,no,cellular,7,may,69,1,335,7,failure,0,6.598509028614515
41,services,single,primary,no,5907,yes,no,cellular,7,may,198,1,167,5,failure,0,8.68406264365127
36,admin.,single,secondary,no,0,yes,yes,telephone,7,may,63,1,168,3,failure,0,0.0
36,management,single,tertiary,no,-679,yes,yes,cellular,7,may,172,1,93,1,failure,0,0.0
45,entrepreneur,married,tertiary,no,3689,yes,no,cellular,7,may,397,1,169,5,failure,0,8.213381737034572
39,management,married,tertiary,no,3,yes,no,cellular,7,may,1145,1,170,1,failure,0,1.3862943611198906
33,blue-collar,married,primary,no,494,yes,no,cellular,7,may,159,1,346,2,failure,0,6.20455776256869
30,admin.,married,secondary,no,187,yes,no,cellular,7,may,56,1,170,1,failure,0,5.236441962829949
39,blue-collar,married,secondary,no,0,yes,no,cellular,7,may,502,1,7,2,failure,0,0.0
36,management,single,tertiary,no,4,yes,no,cellular,7,may,855,2,342,1,failure,1,1.6094379124341003
35,services,single,secondary,no,544,yes,no,cellular,7,may,91,1,345,2,failure,0,6.300785794663244
44,blue-collar,divorced,primary,no,-57,yes,no,cellular,7,may,234,1,356,2,failure,0,0.0
32,blue-collar,married,secondary,no,428,yes,no,cellular,7,may,93,1,363,1,failure,0,6.061456918928017
30,services,single,secondary,no,-271,yes,no,cellular,7,may,609,1,337,1,success,1,0.0
33,entrepreneur,married,tertiary,no,2179,yes,yes,cellular,7,may,217,1,167,2,other,0,7.687080155783135
33,services,single,secondary,no,358,yes,no,cellular,7,may,302,1,356,3,failure,0,5.883322388488279
37,management,married,tertiary,no,502,yes,no,cellular,7,may,551,1,351,1,failure,0,6.220590170099739
23,technician,single,secondary,no,4659,yes,no,cellular,7,may,158,1,318,4,failure,0,8.446770727119691
24,admin.,married,secondary,no,61,yes,yes,cellular,7,may,278,1,343,2,other,0,4.127134385045092
41,blue-collar,married,primary,no,6596,yes,no,cellular,7,may,192,1,168,1,failure,0,8.794370279222871
58,retired,married,tertiary,no,138,no,no,cellular,7,may,143,1,346,5,failure,0,4.9344739331306915
58,management,married,primary,no,1052,yes,no,cellular,7,may,147,1,359,4,failure,0,6.959398512133975
45,technician,single,secondary,no,29,yes,no,cellular,7,may,86,1,367,1,failure,0,3.4011973816621555
54,technician,married,secondary,no,6,yes,no,cellular,7,may,109,1,367,1,failure,0,1.9459101490553132
44,technician,married,secondary,no,78,yes,no,cellular,7,may,122,1,357,1,failure,0,4.3694478524670215
53,blue-collar,married,secondary,no,913,yes,no,cellular,7,may,213,1,288,1,failure,0,6.81783057145415
39,technician,married,secondary,no,-475,yes,no,cellular,7,may,168,3,301,1,failure,0,0.0
54,management,divorced,tertiary,no,0,yes,no,cellular,7,may,199,1,297,3,failure,0,0.0
53,management,married,tertiary,no,34230,yes,yes,cellular,7,may,279,1,358,9,other,0,10.44088694523715
57,management,married,tertiary,no,779,yes,no,cellular,7,may,282,1,367,1,failure,0,6.659293919683638
47,technician,divorced,tertiary,no,477,yes,no,telephone,7,may,973,1,366,1,failure,0,6.169610732491456
37,management,married,tertiary,no,64,no,no,cellular,7,may,219,1,295,1,failure,0,4.174387269895637
53,admin.,single,primary,no,0,yes,no,cellular,7,may,176,1,322,5,other,0,0.0
41,services,single,secondary,no,-278,yes,no,cellular,7,may,17,5,360,3,failure,0,0.0
30,technician,single,secondary,no,359,yes,no,cellular,7,may,362,1,303,1,failure,0,5.886104031450156
36,management,single,tertiary,no,1804,no,no,cellular,7,may,170,1,366,1,other,0,7.498315870766981
29,admin.,single,secondary,no,428,yes,yes,cellular,7,may,54,1,345,2,failure,0,6.061456918928017
37,blue-collar,married,primary,no,223,yes,no,cellular,7,may,569,1,297,3,failure,0,5.4116460518550396
58,services,married,secondary,no,2745,yes,no,cellular,7,may,161,1,324,2,failure,0,7.917900586327916
53,self-employed,married,secondary,no,1066,yes,no,cellular,7,may,57,2,170,4,failure,0,6.9726062513017535
51,entrepreneur,married,secondary,no,0,yes,no,cellular,7,may,158,1,300,2,failure,0,0.0
48,technician,married,secondary,no,-938,yes,no,cellular,7,may,134,1,344,2,failure,0,0.0
32,management,single,tertiary,no,-307,yes,yes,cellular,7,may,447,2,346,2,failure,0,0.0
34,technician,divorced,secondary,no,558,yes,no,cellular,7,may,130,2,167,5,failure,0,6.326149473155099
31,blue-collar,single,secondary,no,0,yes,no,cellular,7,may,113,2,345,1,other,0,0.0
56,services,divorced,secondary,no,72,yes,yes,cellular,7,may,263,1,357,4,failure,0,4.290459441148391
41,housemaid,married,primary,no,322,no,no,cellular,7,may,105,1,324,2,failure,0,5.777652323222656
42,blue-collar,married,secondary,no,2044,yes,yes,cellular,7,may,155,1,282,5,failure,0,7.623153068476902
29,blue-collar,single,secondary,no,43,no,no,cellular,7,may,142,1,353,1,failure,0,3.784189633918261
42,admin.,married,secondary,no,874,yes,no,cellular,7,may,176,1,287,2,other,0,6.774223886357614
50,blue-collar,married,secondary,no,16,yes,no,cellular,7,may,290,1,356,11,failure,0,2.833213344056216
28,blue-collar,married,secondary,no,922,yes,no,cellular,7,may,226,1,339,1,other,0,6.827629234502852
46,management,married,secondary,no,21,yes,no,cellular,7,may,124,1,338,2,failure,0,3.091042453358316
27,student,single,tertiary,no,37,yes,no,cellular,7,may,125,1,364,1,failure,0,3.6375861597263857
23,blue-collar,single,secondary,no,537,yes,no,cellular,7,may,172,1,353,2,other,0,6.2878585601617845
34,entrepreneur,married,secondary,no,393,yes,no,cellular,7,may,174,1,293,3,failure,0,5.976350909297934
47,services,married,secondary,no,278,yes,no,cellular,7,may,51,1,366,1,other,0,5.631211781821365
50,services,married,primary,no,5024,yes,yes,cellular,7,may,661,1,267,11,other,1,8.522180732927277
43,blue-collar,single,primary,no,181,yes,no,cellular,7,may,174,1,343,2,failure,0,5.204006687076795
53,blue-collar,married,secondary,no,148,yes,no,cellular,7,may,66,1,359,1,failure,0,5.003946305945459
51,blue-collar,married,secondary,no,160,yes,no,cellular,7,may,136,1,359,1,failure,0,5.081404364984463
49,technician,married,secondary,no,0,yes,no,cellular,7,may,190,1,276,1,other,0,0.0
32,blue-collar,single,secondary,no,-219,yes,no,cellular,7,may,446,6,342,2,failure,0,0.0
30,entrepreneur,married,secondary,yes,-388,yes,no,cellular,7,may,263,1,293,3,failure,0,0.0
31,technician,single,secondary,no,656,yes,no,cellular,7,may,158,1,275,1,other,0,6.48768401848461
51,admin.,married,secondary,no,3025,no,no,cellular,7,may,476,1,352,1,other,1,8.014996894348302
38,technician,married,secondary,no,0,yes,yes,cellular,7,may,193,2,296,5,other,0,0.0
32,blue-collar,married,secondary,no,489,yes,no,cellular,7,may,103,2,349,4,failure,0,6.194405391104672
25,services,married,secondary,no,51,yes,yes,cellular,7,may,159,2,357,2,failure,0,3.9512437185814275
28,services,married,secondary,no,15,yes,no,cellular,7,may,182,2,356,1,failure,0,2.772588722239781
45,admin.,single,secondary,no,-101,yes,no,cellular,7,may,101,1,301,1,failure,0,0.0
34,management,married,tertiary,no,676,no,no,cellular,7,may,156,1,177,1,success,0,6.517671272912275
33,blue-collar,married,secondary,no,478,yes,no,cellular,7,may,349,1,338,1,failure,0,6.171700597410915
51,services,married,tertiary,no,218,yes,no,cellular,7,may,154,3,363,2,failure,0,5.389071729816501
31,technician,single,secondary,no,1626,no,no,cellular,7,may,356,2,286,3,failure,0,7.394493107219038
44,management,married,tertiary,no,430,no,no,cellular,7,may,97,2,171,2,failure,0,6.066108090103747
32,blue-collar,single,primary,no,216,yes,no,cellular,7,may,87,2,351,1,success,0,5.37989735354046
43,blue-collar,divorced,secondary,no,-91,yes,yes,cellular,7,may,92,3,167,4,other,0,0.0
31,entrepreneur,single,tertiary,no,734,yes,no,cellular,7,may,295,1,168,4,other,0,6.5998704992128365
40,unemployed,divorced,secondary,no,193,yes,no,cellular,7,may,195,1,357,1,failure,0,5.267858159063328
28,blue-collar,single,primary,no,553,yes,no,cellular,7,may,225,3,321,3,failure,0,6.317164686747284
37,management,divorced,tertiary,yes,-1,yes,yes,cellular,7,may,101,1,349,1,failure,0,0.0
25,blue-collar,single,primary,no,758,yes,no,cellular,7,may,258,1,357,1,failure,0,6.63200177739563
50,self-employed,single,secondary,no,766,yes,no,cellular,7,may,253,2,304,4,failure,0,6.642486801367256
29,technician,single,tertiary,no,0,yes,no,cellular,7,may,347,2,337,6,failure,1,0.0
48,admin.,married,secondary,no,368,yes,no,telephone,7,may,430,2,367,2,failure,0,5.910796644040527
36,blue-collar,married,primary,no,441,yes,no,cellular,7,may,100,4,358,1,failure,0,6.091309882077698
43,management,married,tertiary,no,1429,yes,no,cellular,7,may,1030,1,169,3,success,1,7.265429723253953
31,management,single,tertiary,no,0,yes,no,cellular,7,may,45,1,22,2,failure,0,0.0
38,services,married,primary,no,0,yes,yes,cellular,7,may,127,1,171,2,other,0,0.0
36,management,single,tertiary,no,243,yes,no,cellular,7,may,160,2,360,3,failure,0,5.497168225293202
53,admin.,divorced,secondary,no,26,yes,no,cellular,7,may,56,1,359,1,failure,0,3.295836866004329
40,blue-collar,married,secondary,no,356,yes,yes,cellular,7,may,1254,3,365,1,failure,0,5.877735781779639
31,admin.,single,secondary,no,0,yes,no,cellular,7,may,895,2,295,2,failure,1,0.0
45,blue-collar,married,secondary,no,54,yes,no,cellular,7,may,279,1,367,1,failure,0,4.007333185232471
42,admin.,single,secondary,no,2790,yes,no,cellular,7,may,425,1,336,1,failure,0,7.934155233536322
35,blue-collar,single,secondary,no,142,yes,no,cellular,7,may,266,2,168,1,failure,0,4.962844630259907
46,blue-collar,married,secondary,no,4646,yes,no,cellular,7,may,33,3,359,1,failure,0,8.443977129084978
38,self-employed,divorced,tertiary,no,1513,no,no,cellular,7,may,330,1,342,1,failure,0,7.322510433997394
47,entrepreneur,single,tertiary,no,77,yes,yes,cellular,7,may,308,1,335,3,failure,0,4.356708826689592
47,management,married,tertiary,no,618,yes,no,cellular,7,may,50,2,359,3,failure,0,6.428105272684596
58,management,married,tertiary,no,246,yes,no,cellular,7,may,245,2,288,2,failure,0,5.5093883366279774
28,admin.,married,secondary,no,-393,yes,yes,cellular,7,may,247,2,349,2,failure,0,0.0
27,student,single,secondary,no,8366,no,no,cellular,7,may,458,2,349,1,other,0,9.032050676295599
26,services,single,secondary,no,5533,yes,no,cellular,7,may,582,2,283,4,failure,0,8.618666160346871
28,self-employed,single,tertiary,no,270,yes,no,cellular,7,may,49,2,345,2,failure,0,5.602118820879701
43,management,married,tertiary,no,0,yes,no,cellular,7,may,240,3,293,5,failure,0,0.0
28,technician,single,secondary,no,417,yes,yes,cellular,7,may,188,2,366,2,other,0,6.035481432524756
33,technician,divorced,secondary,no,2,yes,no,cellular,7,may,600,2,330,17,failure,0,1.0986122886681098
56,technician,married,secondary,no,264,yes,yes,cellular,7,may,639,2,280,5,success,0,5.579729825986222
34,admin.,married,secondary,no,48,yes,no,cellular,7,may,1806,2,287,3,other,1,3.8918202981106265
34,technician,single,secondary,no,105,yes,no,cellular,7,may,146,2,171,3,failure,0,4.663439094112067
27,blue-collar,single,secondary,yes,-717,yes,yes,cellular,7,may,202,2,349,1,other,0,0.0
26,housemaid,married,secondary,no,13,yes,no,cellular,7,may,132,2,293,1,other,0,2.6390573296152584
51,management,married,tertiary,no,1854,yes,yes,cellular,7,may,166,3,338,2,failure,0,7.5256399750415355
53,blue-collar,married,primary,no,2144,yes,no,cellular,7,may,217,2,342,1,failure,0,7.6708948313621175
49,blue-collar,single,primary,no,2146,yes,no,cellular,7,may,1516,2,353,2,other,1,7.671826797878781
56,entrepreneur,married,tertiary,no,16125,no,no,telephone,7,may,202,2,167,1,failure,0,9.688188155244967
39,blue-collar,married,secondary,no,660,yes,yes,cellular,7,may,93,4,168,3,failure,0,6.493753839851686
57,services,married,secondary,no,1577,yes,no,telephone,7,may,908,2,357,1,other,0,7.363913501405819
31,blue-collar,married,secondary,no,1664,yes,no,cellular,7,may,603,2,17,2,failure,0,7.417580402414544
37,unemployed,single,secondary,no,490,yes,yes,cellular,7,may,739,2,325,3,failure,0,6.19644412779452
41,technician,divorced,secondary,no,348,yes,no,cellular,7,may,225,2,275,2,failure,0,5.855071922202427
28,admin.,single,secondary,no,-181,yes,yes,cellular,7,may,429,2,343,4,failure,0,0.0
32,blue-collar,single,secondary,no,567,yes,no,cellular,7,may,275,2,342,4,other,0,6.342121418721152
42,unemployed,married,secondary,no,356,yes,no,cellular,7,may,787,3,356,2,failure,1,5.877735781779639
37,blue-collar,married,secondary,no,740,yes,no,cellular,7,may,434,3,342,2,failure,0,6.608000625296087
55,retired,married,secondary,no,1,yes,no,telephone,7,may,79,2,360,6,other,0,0.6931471805599453
32,entrepreneur,married,tertiary,no,0,yes,no,cellular,7,may,388,2,349,2,failure,0,0.0
32,technician,single,tertiary,no,2626,yes,yes,cellular,7,may,217,2,351,2,other,0,7.87359778968554
40,admin.,married,secondary,no,168,yes,no,cellular,7,may,249,2,169,1,failure,0,5.1298987149230735
36,management,divorced,tertiary,no,-252,yes,no,cellular,7,may,235,2,293,1,other,0,0.0
37,management,married,tertiary,no,591,yes,no,cellular,7,may,181,2,255,5,failure,0,6.3835066348840055
39,services,single,secondary,no,1163,yes,no,cellular,7,may,432,3,363,2,other,0,7.059617628291383
33,technician,married,secondary,no,348,yes,no,cellular,7,may,263,2,294,1,success,0,5.855071922202427
31,services,single,secondary,no,1192,yes,no,cellular,7,may,156,2,349,2,other,0,7.084226422097916
46,technician,divorced,secondary,no,-154,yes,no,cellular,7,may,215,2,294,1,failure,0,0.0
30,technician,single,tertiary,no,3086,yes,no,cellular,7,may,84,3,168,1,failure,0,8.034955024502159
33,technician,divorced,tertiary,no,2558,no,no,cellular,7,may,680,2,367,2,failure,0,7.847371836159788
45,admin.,married,secondary,yes,-106,yes,yes,cellular,7,may,553,3,288,1,other,1,0.0
35,blue-collar,married,secondary,no,848,yes,no,cellular,7,may,174,3,366,2,failure,0,6.744059186311348
29,self-employed,married,tertiary,no,0,yes,no,cellular,7,may,253,2,302,1,failure,0,0.0
27,housemaid,single,tertiary,no,979,yes,no,cellular,7,may,272,4,357,1,other,0,6.887552571664617
45,services,divorced,secondary,no,608,yes,yes,cellular,7,may,1135,3,323,30,failure,1,6.411818267709897
48,management,married,tertiary,no,60,no,no,telephone,7,may,376,2,339,7,failure,0,4.110873864173311
32,admin.,single,secondary,no,626,yes,no,cellular,7,may,324,2,351,1,failure,0,6.440946540632921
30,management,married,tertiary,no,86,yes,yes,cellular,7,may,255,6,169,3,failure,0,4.465908118654584
43,admin.,divorced,secondary,no,146,yes,no,cellular,7,may,274,3,358,2,failure,0,4.990432586778736
52,management,married,tertiary,no,0,yes,yes,cellular,7,may,541,3,343,5,failure,0,0.0
50,blue-collar,married,secondary,no,26,yes,no,cellular,7,may,245,5,366,2,failure,0,3.295836866004329
45,blue-collar,divorced,secondary,no,-184,yes,no,cellular,7,may,878,3,170,5,failure,1,0.0
46,technician,married,secondary,no,-408,yes,yes,telephone,7,may,138,4,286,1,other,0,0.0
49,management,married,tertiary,no,734,yes,no,cellular,7,may,42,2,324,3,failure,0,6.5998704992128365
34,blue-collar,single,primary,no,279,yes,no,cellular,7,may,208,1,357,1,failure,0,5.634789603169249
28,services,single,secondary,no,805,yes,no,cellular,7,may,148,5,336,7,other,0,6.692083742506628
49,blue-collar,married,primary,no,762,yes,no,cellular,7,may,373,2,360,4,failure,0,6.637258031284457
47,services,married,secondary,no,1269,yes,no,cellular,7,may,181,1,253,6,other,0,7.146772179452637
38,blue-collar,married,secondary,no,117,yes,no,cellular,7,may,54,1,337,1,failure,0,4.770684624465665
43,blue-collar,married,secondary,no,232,yes,no,telephone,8,may,128,8,324,7,other,0,5.4510384535657
37,services,married,secondary,no,4760,yes,no,cellular,8,may,182,2,169,2,failure,0,8.46821300919452
35,management,married,tertiary,no,247,yes,no,cellular,8,may,209,3,367,3,other,0,5.5134287461649825
40,admin.,divorced,secondary,no,-607,yes,no,cellular,8,may,328,2,353,2,failure,0,0.0
43,management,married,tertiary,no,9,yes,no,telephone,8,may,142,3,358,3,failure,0,2.302585092994046
57,management,divorced,tertiary,no,52,yes,no,cellular,8,may,40,3,359,8,other,0,3.970291913552122
39,admin.,single,secondary,no,2345,yes,no,cellular,8,may,491,2,344,2,failure,1,7.76046702921342
50,management,married,tertiary,no,400,yes,no,cellular,8,may,41,1,360,1,failure,0,5.993961427306569
31,management,married,tertiary,no,-181,yes,no,cellular,8,may,127,1,170,2,failure,0,0.0
39,admin.,single,secondary,no,2749,yes,no,cellular,8,may,104,1,170,1,failure,0,7.919356190660617
34,unemployed,single,secondary,no,233,yes,no,cellular,8,may,11,8,365,4,failure,0,5.455321115357702
37,blue-collar,married,primary,no,120,yes,no,cellular,8,may,80,4,358,1,other,0,4.795790545596741
57,blue-collar,divorced,secondary,no,75,yes,no,cellular,8,may,159,1,361,2,failure,0,4.330733340286331
53,technician,married,tertiary,no,7,no,yes,cellular,8,may,57,1,368,1,failure,0,2.0794415416798357
37,technician,married,secondary,no,1613,yes,no,cellular,8,may,266,1,281,11,other,0,7.3864708488298945
30,management,single,tertiary,no,277,yes,no,cellular,8,may,166,1,42,1,other,0,5.627621113690637
45,self-employed,married,secondary,no,264,yes,no,cellular,8,may,113,1,360,2,failure,0,5.579729825986222
32,technician,married,secondary,no,56,yes,no,cellular,8,may,126,1,359,5,other,0,4.04305126783455
40,self-employed,married,secondary,no,167,yes,yes,cellular,8,may,380,4,295,1,failure,0,5.123963979403259
56,technician,married,secondary,no,2313,yes,no,cellular,8,may,293,3,364,2,failure,0,7.746732907753622
34,technician,married,secondary,no,1234,yes,no,cellular,8,may,106,1,288,6,failure,0,7.118826249062078
38,blue-collar,single,primary,no,0,yes,yes,cellular,8,may,84,1,290,1,failure,0,0.0
41,management,married,tertiary,no,-4,yes,no,cellular,8,may,72,1,368,1,failure,0,0.0
34,management,single,tertiary,no,5945,yes,no,cellular,8,may,285,1,170,1,failure,0,8.690474003558043
59,self-employed,married,tertiary,no,6237,yes,no,cellular,8,may,63,1,169,2,failure,0,8.738414897167749
40,admin.,divorced,secondary,no,2679,yes,yes,cellular,8,may,122,1,350,1,failure,0,7.893572073504902
56,management,married,tertiary,no,73,yes,no,cellular,8,may,122,1,368,2,failure,0,4.30406509320417
31,unemployed,divorced,secondary,no,1144,yes,no,cellular,8,may,65,2,367,1,failure,0,7.0431599159883405
46,management,married,tertiary,no,716,yes,yes,cellular,8,may,557,1,172,1,failure,0,6.57507584059962
35,blue-collar,married,primary,no,0,yes,no,cellular,8,may,265,1,290,2,failure,0,0.0
57,technician,married,secondary,no,28,yes,no,cellular,8,may,163,1,358,1,failure,0,3.367295829986474
51,admin.,divorced,secondary,no,74,yes,no,cellular,8,may,74,2,287,2,failure,0,4.31748811353631
58,technician,married,secondary,no,950,yes,no,cellular,8,may,49,1,303,1,failure,0,6.85751406254539
35,blue-collar,married,secondary,no,156,yes,no,cellular,8,may,302,1,283,3,failure,0,5.056245805348308
48,blue-collar,married,secondary,no,1794,yes,yes,cellular,8,may,97,1,343,2,failure,0,7.492760300922379
48,management,divorced,tertiary,no,84,yes,no,cellular,8,may,14,5,364,5,failure,0,4.442651256490317
36,services,married,secondary,no,-182,yes,yes,cellular,8,may,19,6,304,11,other,0,0.0
31,blue-collar,married,secondary,no,8,yes,no,cellular,8,may,98,2,170,1,failure,0,2.1972245773362196
32,blue-collar,single,secondary,no,259,yes,no,cellular,8,may,158,3,354,1,failure,0,5.560681631015528
50,technician,married,secondary,no,20,yes,no,cellular,8,may,57,1,303,1,failure,0,3.044522437723423
44,technician,married,secondary,no,533,yes,no,cellular,8,may,153,4,171,3,failure,0,6.280395838960195
39,blue-collar,married,secondary,no,171,yes,yes,cellular,8,may,153,1,353,1,failure,0,5.147494476813453
49,services,married,secondary,no,4300,yes,yes,cellular,8,may,134,1,256,6,failure,0,8.366602832783736
57,admin.,married,secondary,no,6005,yes,no,cellular,8,may,704,1,323,6,failure,1,8.700514248543275
23,blue-collar,single,secondary,no,0,yes,no,cellular,8,may,6,5,350,2,failure,0,0.0
32,blue-collar,single,primary,no,1918,yes,no,cellular,8,may,318,1,172,1,failure,0,7.5595594960077
43,management,married,tertiary,no,489,yes,no,cellular,8,may,130,1,172,2,other,0,6.194405391104672
53,admin.,married,primary,no,0,yes,no,cellular,8,may,86,1,298,3,failure,0,0.0
40,management,married,secondary,no,408,yes,no,cellular,8,may,80,1,322,4,failure,0,6.013715156042802
38,admin.,divorced,secondary,no,859,yes,yes,cellular,8,may,52,1,302,4,failure,0,6.756932389247553
36,services,married,secondary,no,0,yes,no,cellular,8,may,346,1,368,1,failure,0,0.0
47,blue-collar,married,secondary,no,265,yes,no,cellular,8,may,144,2,368,1,failure,0,5.583496308781699
51,management,divorced,secondary,no,-35,yes,no,cellular,8,may,498,1,263,5,failure,0,0.0
37,technician,divorced,secondary,no,262,yes,no,cellular,8,may,268,1,281,4,other,0,5.572154032177765
44,technician,married,secondary,no,227,yes,yes,cellular,8,may,364,1,262,2,failure,0,5.429345628954441
31,management,single,secondary,no,1090,yes,no,cellular,8,may,50,1,303,1,failure,0,6.994849985833071
51,blue-collar,divorced,secondary,no,203,yes,no,cellular,8,may,134,1,170,5,failure,0,5.318119993844216
45,services,married,secondary,no,972,yes,no,cellular,8,may,343,1,282,3,failure,0,6.880384082186005
41,retired,single,primary,no,0,no,no,cellular,8,may,239,1,368,2,failure,0,0.0
29,technician,single,secondary,no,156,yes,no,cellular,8,may,111,4,347,3,other,0,5.056245805348308
42,management,married,tertiary,no,0,yes,no,cellular,8,may,88,1,360,1,failure,0,0.0
33,blue-collar,single,secondary,no,1925,yes,no,cellular,8,may,87,2,67,2,failure,0,7.563200592358071
38,blue-collar,single,secondary,no,238,yes,no,cellular,8,may,86,1,366,2,failure,0,5.476463551931511
28,admin.,single,secondary,no,-281,yes,no,cellular,8,may,144,4,340,4,other,0,0.0
36,blue-collar,married,secondary,no,0,yes,no,telephone,8,may,91,2,170,2,failure,0,0.0
46,management,married,secondary,no,1098,no,no,cellular,8,may,99,3,343,3,other,0,7.002155954403621
44,admin.,married,secondary,yes,-204,yes,no,cellular,8,may,105,1,347,2,failure,0,0.0
44,blue-collar,married,secondary,no,1343,yes,yes,cellular,8,may,414,2,287,2,failure,0,7.203405521083095
46,blue-collar,single,secondary,no,-100,yes,no,cellular,8,may,445,2,303,1,failure,0,0.0
37,blue-collar,married,primary,no,403,yes,no,cellular,8,may,318,2,338,1,success,0,6.0014148779611505
29,blue-collar,single,secondary,no,234,yes,no,cellular,8,may,139,1,345,1,other,0,5.459585514144159
35,blue-collar,single,secondary,no,0,yes,no,cellular,8,may,237,1,368,1,other,0,0.0
33,management,married,tertiary,no,113,yes,no,cellular,8,may,145,2,172,13,other,0,4.736198448394496
40,housemaid,single,primary,no,109,yes,no,cellular,8,may,308,1,367,3,failure,0,4.700480365792417
37,management,married,tertiary,no,6815,yes,no,cellular,8,may,92,2,172,2,other,0,8.827028068509152
35,services,married,secondary,no,70,yes,yes,cellular,8,may,197,1,350,4,failure,0,4.2626798770413155
42,management,married,tertiary,no,4,yes,no,cellular,8,may,579,2,295,1,success,1,1.6094379124341003
41,blue-collar,married,primary,no,0,yes,no,cellular,8,may,171,1,368,1,failure,0,0.0
47,services,married,secondary,no,759,yes,no,telephone,8,may,75,1,323,2,failure,0,6.633318433280377
37,blue-collar,divorced,secondary,no,638,yes,no,cellular,8,may,326,1,326,2,success,0,6.459904454377535
41,entrepreneur,married,tertiary,no,10,yes,no,cellular,8,may,196,2,172,2,other,0,2.3978952727983707
45,technician,married,secondary,no,0,no,no,cellular,8,may,166,1,340,1,failure,0,0.0
42,admin.,married,secondary,no,3279,yes,no,cellular,8,may,261,1,344,1,failure,0,8.09559870137819
41,services,married,secondary,no,1717,yes,no,cellular,8,may,520,2,343,3,other,0,7.4489161025442
43,technician,married,secondary,no,0,no,yes,cellular,8,may,9,2,172,5,failure,0,0.0
52,blue-collar,married,secondary,no,26,yes,no,cellular,8,may,191,2,368,1,failure,0,3.295836866004329
57,management,married,tertiary,no,830,yes,yes,cellular,8,may,662,1,367,1,success,1,6.7226297948554485
34,technician,single,secondary,no,268,yes,no,cellular,8,may,248,1,343,9,failure,0,5.594711379601839
46,entrepreneur,married,secondary,no,245,yes,no,cellular,8,may,78,1,359,3,failure,0,5.5053315359323625
42,blue-collar,married,primary,no,258,yes,no,cellular,8,may,18,1,366,1,failure,0,5.556828061699537
32,blue-collar,married,primary,no,0,yes,yes,cellular,8,may,82,2,361,4,failure,0,0.0
46,technician,divorced,secondary,no,0,yes,yes,cellular,8,may,306,1,262,1,other,0,0.0
50,entrepreneur,married,primary,no,300,yes,no,cellular,8,may,99,1,339,2,other,0,5.707110264748875
40,technician,single,secondary,no,287,yes,no,cellular,8,may,69,1,298,3,failure,0,5.662960480135946
56,management,married,tertiary,no,935,yes,no,cellular,8,may,209,2,172,1,failure,0,6.841615476477592
36,blue-collar,married,secondary,no,0,yes,no,cellular,8,may,171,1,172,3,failure,0,0.0
36,management,single,tertiary,no,1531,yes,no,cellular,8,may,81,3,170,1,failure,0,7.3343293503005365
40,management,single,tertiary,no,-222,yes,no,cellular,8,may,291,1,337,1,failure,0,0.0
40,blue-collar,married,secondary,no,280,yes,no,cellular,8,may,435,2,340,3,failure,0,5.638354669333745
36,blue-collar,married,secondary,no,535,yes,no,cellular,8,may,121,1,343,3,failure,0,6.284134161070802
26,admin.,single,secondary,no,0,yes,no,cellular,8,may,339,1,66,3,other,0,0.0
39,technician,single,secondary,no,1685,yes,no,cellular,8,may,319,1,368,1,failure,0,7.430114138561801
49,blue-collar,married,secondary,no,-202,yes,yes,cellular,8,may,608,2,170,5,failure,0,0.0
46,admin.,divorced,secondary,no,-637,yes,no,cellular,8,may,218,1,172,1,failure,0,0.0
38,self-employed,married,primary,no,215,yes,no,cellular,8,may,124,2,353,1,other,0,5.375278407684165
37,services,married,secondary,no,3429,yes,yes,cellular,8,may,151,4,171,11,other,0,8.140315540159985
52,technician,married,secondary,no,337,yes,no,cellular,8,may,247,1,261,4,failure,0,5.823045895483019
34,blue-collar,married,secondary,no,0,yes,no,cellular,8,may,325,1,170,2,failure,0,0.0
37,admin.,married,secondary,no,1314,yes,no,cellular,8,may,682,2,85,7,success,0,7.181591944611865
46,management,married,tertiary,no,740,yes,no,cellular,8,may,462,1,359,2,failure,0,6.608000625296087
32,blue-collar,single,secondary,no,2696,yes,no,cellular,8,may,238,6,169,3,failure,0,7.89989532313973
28,services,single,secondary,no,430,yes,no,cellular,8,may,158,2,350,2,failure,0,6.066108090103747
44,technician,single,secondary,no,293,yes,no,cellular,8,may,345,2,358,1,failure,0,5.683579767338681
36,blue-collar,married,secondary,no,0,yes,no,cellular,8,may,254,2,361,8,other,0,0.0
34,technician,single,secondary,no,1866,no,no,cellular,8,may,134,3,185,1,failure,0,7.532088143541722
41,unemployed,single,secondary,no,75,yes,no,cellular,8,may,103,2,344,1,failure,0,4.330733340286331
50,management,divorced,tertiary,no,356,no,no,cellular,8,may,198,2,358,5,other,0,5.877735781779639
39,blue-collar,married,primary,no,1433,yes,no,cellular,8,may,182,2,366,1,other,0,7.2682230211595655
37,management,single,tertiary,no,4543,yes,no,cellular,8,may,137,1,340,5,failure,0,8.421562960400987
46,services,divorced,secondary,no,355,yes,no,cellular,8,may,122,2,338,8,other,0,5.87493073085203
31,student,single,tertiary,no,25,yes,no,cellular,8,may,85,2,368,2,failure,0,3.258096538021482
34,self-employed,single,tertiary,no,589,yes,no,telephone,8,may,44,4,367,1,other,0,6.380122536899765
31,blue-collar,divorced,primary,no,1,yes,no,cellular,8,may,36,5,336,9,failure,0,0.6931471805599453
44,management,married,secondary,no,438,yes,no,telephone,8,may,37,3,303,1,failure,0,6.0844994130751715
38,technician,divorced,secondary,no,566,yes,no,cellular,8,may,44,2,275,2,failure,0,6.340359303727752
57,technician,divorced,primary,no,13,yes,no,cellular,8,may,323,2,368,2,failure,0,2.6390573296152584
31,blue-collar,divorced,secondary,no,-209,yes,no,cellular,8,may,154,3,367,2,failure,0,0.0
55,management,divorced,tertiary,no,481,yes,no,telephone,8,may,147,2,298,3,failure,0,6.1779441140506
41,management,married,secondary,no,41,yes,no,cellular,8,may,177,2,364,6,other,0,3.7376696182833684
48,admin.,married,secondary,no,257,yes,no,telephone,8,may,186,4,358,11,failure,0,5.552959584921617
53,admin.,married,secondary,no,4493,no,no,cellular,8,may,286,2,168,3,failure,0,8.410498452745275
36,technician,divorced,secondary,no,515,yes,yes,cellular,8,may,104,4,252,3,failure,0,6.246106765481563
39,services,married,secondary,no,-762,yes,yes,cellular,8,may,40,6,343,2,failure,0,0.0
50,management,married,tertiary,no,-470,yes,no,cellular,8,may,506,2,170,3,failure,0,0.0
56,blue-collar,single,primary,no,39,yes,no,telephone,8,may,191,2,347,5,failure,0,3.6888794541139363
31,housemaid,single,secondary,no,49,yes,no,cellular,8,may,187,3,360,2,failure,0,3.912023005428146
41,technician,married,secondary,no,2576,yes,yes,cellular,8,may,296,5,361,11,failure,0,7.854381210652365
52,blue-collar,married,primary,no,863,no,no,cellular,8,may,224,2,170,3,failure,0,6.761572768804055
45,management,divorced,tertiary,no,2237,yes,no,cellular,8,may,128,3,322,2,failure,0,7.71333788887187
40,blue-collar,married,secondary,no,498,yes,no,cellular,8,may,55,2,298,4,failure,0,6.212606095751519
59,retired,married,tertiary,no,148,yes,yes,cellular,8,may,685,2,366,1,other,1,5.003946305945459
47,retired,married,primary,no,1374,no,yes,telephone,8,may,479,2,359,3,failure,1,7.226209010100671
24,services,single,secondary,no,281,yes,no,cellular,8,may,211,2,337,3,other,0,5.641907070938114
38,management,divorced,tertiary,no,637,yes,no,cellular,8,may,295,2,343,1,other,0,6.45833828334479
43,blue-collar,married,secondary,no,490,yes,no,cellular,8,may,216,2,368,2,failure,0,6.19644412779452
36,technician,married,secondary,no,23,yes,no,cellular,8,may,152,2,347,1,failure,0,3.1780538303479458
35,student,married,tertiary,no,387,yes,no,cellular,8,may,1024,3,347,3,failure,1,5.961005339623274
30,blue-collar,married,secondary,no,23,yes,no,cellular,8,may,129,2,359,4,failure,0,3.1780538303479458
42,management,married,tertiary,no,-556,yes,yes,cellular,8,may,682,3,347,3,failure,1,0.0
37,services,single,secondary,no,393,yes,no,cellular,8,may,348,4,350,2,other,0,5.976350909297934
39,admin.,married,secondary,no,0,yes,no,telephone,8,may,283,3,296,5,failure,0,0.0
36,blue-collar,married,primary,no,0,yes,no,cellular,8,may,108,2,367,2,failure,0,0.0
32,blue-collar,married,secondary,no,95,yes,no,telephone,8,may,265,4,337,2,failure,0,4.564348191467836
34,admin.,married,secondary,no,471,yes,no,cellular,8,may,146,3,340,2,failure,0,6.156978985585555
43,blue-collar,married,primary,no,60,no,no,cellular,8,may,487,2,367,2,other,0,4.110873864173311
52,management,single,tertiary,no,824,no,no,cellular,8,may,466,1,354,2,failure,0,6.715383386334681
36,blue-collar,married,secondary,no,153,yes,no,cellular,8,may,263,1,171,2,failure,0,5.0369526024136295
38,blue-collar,married,secondary,no,395,yes,no,cellular,8,may,83,1,367,2,failure,0,5.981414211254481
44,technician,single,secondary,no,140,yes,no,cellular,8,may,324,2,268,2,failure,0,4.948759890378168
39,services,married,primary,no,324,yes,no,cellular,8,may,340,2,312,4,failure,0,5.783825182329737
41,blue-collar,married,secondary,no,211,yes,no,telephone,8,may,546,3,368,4,failure,0,5.356586274672012
44,technician,divorced,secondary,no,177,yes,no,cellular,8,may,364,1,365,3,failure,0,5.181783550292085
42,management,married,secondary,no,3018,yes,no,cellular,8,may,288,3,172,2,failure,0,8.012680929706839
26,admin.,married,secondary,no,354,yes,no,cellular,8,may,282,5,347,5,other,0,5.872117789475416
49,retired,married,secondary,no,993,yes,yes,cellular,8,may,199,1,301,2,other,0,6.901737206656574
29,management,single,tertiary,no,572,yes,no,telephone,8,may,72,6,181,1,success,0,6.35088571671474
34,admin.,divorced,secondary,no,140,yes,no,cellular,8,may,81,2,365,1,failure,0,4.948759890378168
42,services,married,secondary,no,714,yes,yes,cellular,8,may,211,1,358,5,failure,0,6.5722825426940075
42,admin.,divorced,secondary,no,256,no,no,cellular,8,may,322,1,323,1,failure,0,5.54907608489522
38,technician,married,secondary,no,1333,yes,no,telephone,11,may,21,5,346,6,other,0,7.195937226475569
46,admin.,divorced,primary,no,1807,yes,no,cellular,11,may,62,3,339,2,failure,0,7.4999765409521215
29,blue-collar,married,secondary,no,37,yes,no,cellular,11,may,138,3,353,1,other,0,3.6375861597263857
36,technician,married,secondary,no,432,yes,no,cellular,11,may,61,3,255,2,failure,0,6.07073772800249
46,blue-collar,married,primary,no,0,yes,no,telephone,11,may,30,4,304,2,other,0,0.0
34,technician,single,secondary,no,664,yes,yes,cellular,11,may,88,2,343,2,other,0,6.499787040655854
55,management,married,tertiary,no,1402,yes,no,cellular,11,may,125,2,175,1,failure,0,7.246368080102461
43,blue-collar,married,secondary,no,704,yes,no,telephone,11,may,28,2,306,1,failure,0,6.558197802812269
34,management,married,tertiary,no,1288,yes,no,cellular,11,may,15,8,270,7,other,0,7.161622002939187
57,self-employed,married,primary,no,-34,yes,yes,cellular,11,may,108,6,371,2,failure,0,0.0
37,blue-collar,married,primary,no,240,yes,no,cellular,11,may,259,1,370,2,other,0,5.484796933490655
41,self-employed,married,tertiary,no,355,yes,no,cellular,11,may,573,1,28,4,other,0,5.87493073085203
57,entrepreneur,divorced,secondary,yes,25,yes,no,cellular,11,may,652,1,370,4,other,0,3.258096538021482
60,admin.,married,secondary,no,-396,yes,no,cellular,11,may,443,1,350,1,failure,0,0.0
44,admin.,divorced,secondary,no,738,yes,no,cellular,11,may,55,1,171,8,failure,0,6.6052979209482015
45,blue-collar,married,primary,no,0,yes,no,telephone,11,may,64,1,362,7,failure,0,0.0
54,entrepreneur,married,primary,no,943,yes,yes,telephone,11,may,194,1,340,2,failure,0,6.8501261661455
50,blue-collar,married,secondary,no,2419,yes,no,cellular,11,may,309,1,342,3,other,0,7.791522819150732
41,blue-collar,married,secondary,no,-217,yes,no,cellular,11,may,313,1,349,3,other,0,0.0
47,blue-collar,married,secondary,no,2548,yes,no,cellular,11,may,577,1,368,1,other,0,7.8434564043761155
38,services,married,secondary,no,741,yes,no,cellular,11,may,363,1,343,2,failure,0,6.60934924316738
40,blue-collar,married,secondary,no,6767,yes,no,cellular,11,may,431,1,172,2,failure,0,8.81996090128606
47,technician,married,secondary,no,-59,yes,yes,cellular,11,may,502,1,343,2,failure,0,0.0
35,management,single,secondary,no,356,yes,no,cellular,11,may,7,5,171,12,failure,0,5.877735781779639
32,management,married,tertiary,no,859,yes,yes,cellular,11,may,195,5,172,11,other,0,6.756932389247553
36,technician,married,secondary,no,483,yes,no,cellular,11,may,179,1,304,2,failure,0,6.182084906716632
50,admin.,married,secondary,no,284,yes,no,cellular,11,may,106,1,278,3,failure,0,5.652489180268651
44,admin.,single,secondary,no,985,yes,yes,cellular,11,may,9,7,325,19,failure,0,6.893656354602635
43,management,divorced,tertiary,no,221,yes,no,cellular,11,may,313,1,369,2,failure,0,5.402677381872279
35,technician,divorced,tertiary,no,4515,yes,no,cellular,11,may,66,3,173,2,failure,0,8.415381925269553
37,blue-collar,married,primary,no,0,no,no,telephone,11,may,108,2,306,1,failure,0,0.0
38,blue-collar,divorced,secondary,no,0,yes,no,cellular,11,may,580,1,173,1,failure,0,0.0
39,entrepreneur,single,tertiary,no,243,no,yes,cellular,11,may,128,3,371,1,failure,0,5.497168225293202
40,technician,single,secondary,no,281,yes,no,cellular,11,may,7,11,360,2,other,0,5.641907070938114
35,management,divorced,tertiary,no,434,yes,no,cellular,11,may,277,1,271,2,success,0,6.075346031088684
45,blue-collar,married,primary,no,1265,yes,no,cellular,11,may,40,8,299,1,success,0,7.143617602704121
41,admin.,single,secondary,no,-109,yes,yes,cellular,11,may,1038,1,370,1,failure,1,0.0
54,management,married,tertiary,no,7249,yes,yes,cellular,11,may,346,1,96,3,failure,0,8.88875674784872
41,blue-collar,married,primary,no,236,yes,no,telephone,11,may,65,1,356,2,failure,0,5.4680601411351315
29,blue-collar,married,secondary,no,228,yes,no,cellular,11,may,12,8,342,9,failure,0,5.43372200355424
29,admin.,single,tertiary,no,200,yes,no,cellular,11,may,195,1,357,1,other,0,5.303304908059076
49,admin.,divorced,secondary,no,-212,yes,yes,cellular,11,may,469,1,350,1,failure,0,0.0
29,technician,divorced,secondary,no,477,yes,yes,cellular,11,may,58,1,305,1,failure,0,6.169610732491456
36,entrepreneur,single,secondary,no,866,yes,no,cellular,11,may,629,1,173,1,failure,1,6.7650389767805414
35,student,single,tertiary,no,873,yes,no,cellular,11,may,197,1,277,2,failure,0,6.773080375655535
30,student,single,secondary,no,948,yes,no,cellular,11,may,150,1,370,2,failure,0,6.855408798609928
43,management,divorced,tertiary,no,580,yes,no,cellular,11,may,1514,1,284,2,failure,1,6.364750756851911
46,blue-collar,married,primary,no,101,yes,no,cellular,11,may,422,1,364,5,success,0,4.624972813284271
32,technician,married,secondary,no,367,yes,no,cellular,11,may,214,2,276,3,failure,0,5.908082938168931
40,housemaid,married,primary,no,4904,yes,no,cellular,11,may,248,1,356,1,failure,0,8.498010371999463
39,admin.,married,secondary,no,3047,yes,no,cellular,11,may,279,1,370,2,failure,0,8.022240916806537
55,management,married,tertiary,no,719,yes,no,telephone,11,may,221,6,284,29,other,0,6.579251212010101
36,blue-collar,married,secondary,no,-461,no,no,cellular,11,may,254,2,353,1,failure,0,0.0
42,blue-collar,married,secondary,no,4900,yes,no,telephone,11,may,231,1,284,2,failure,0,8.497194544909547
33,services,married,secondary,no,4789,yes,yes,cellular,11,may,220,1,339,4,failure,0,8.474285690404962
42,admin.,married,secondary,no,-396,yes,no,cellular,11,may,80,1,308,4,failure,0,0.0
45,management,divorced,tertiary,no,839,yes,no,cellular,11,may,340,1,264,4,failure,0,6.733401891837359
37,admin.,divorced,secondary,no,295,yes,yes,cellular,11,may,202,3,265,2,failure,0,5.69035945432406
44,management,married,tertiary,no,-8,yes,no,cellular,11,may,472,1,356,2,failure,0,0.0
51,admin.,single,secondary,no,726,yes,no,cellular,11,may,409,1,14,8,success,0,6.588926477533519
41,technician,married,secondary,no,-312,yes,no,cellular,11,may,90,1,348,1,failure,0,0.0
55,admin.,married,tertiary,no,59,yes,no,cellular,11,may,51,1,305,1,failure,0,4.0943445622221
30,blue-collar,divorced,primary,no,2597,yes,no,cellular,11,may,49,1,349,3,failure,0,7.862497197230545
39,technician,single,secondary,no,283,yes,no,cellular,11,may,369,2,350,1,failure,0,5.648974238161206
44,management,married,secondary,no,13054,yes,no,cellular,11,may,471,2,174,12,other,0,9.47692648113323
49,blue-collar,married,primary,no,3652,yes,yes,cellular,11,may,568,1,285,2,other,0,8.203304026795282
31,technician,single,secondary,no,0,yes,no,cellular,11,may,163,1,370,1,failure,0,0.0
43,services,single,secondary,no,518,yes,no,cellular,11,may,295,1,370,1,failure,0,6.251903883165888
47,blue-collar,married,secondary,no,71,yes,no,cellular,11,may,170,1,370,1,failure,0,4.276666119016055
54,technician,divorced,secondary,no,1252,yes,no,cellular,11,may,101,1,350,1,failure,0,7.133295954896068
40,management,married,tertiary,no,-17,yes,yes,cellular,11,may,474,1,256,1,success,1,0.0
40,blue-collar,married,primary,no,98,yes,no,cellular,11,may,240,2,343,5,failure,0,4.59511985013459
49,blue-collar,divorced,primary,no,24,yes,no,cellular,11,may,701,1,362,1,success,1,3.2188758248682006
33,blue-collar,married,secondary,no,358,no,no,cellular,11,may,231,1,350,1,failure,0,5.883322388488279
31,student,married,tertiary,no,0,no,no,cellular,11,may,247,2,367,4,other,0,0.0
23,student,single,secondary,no,2412,yes,no,cellular,11,may,239,5,367,2,failure,0,7.7886260656250315
35,services,married,secondary,no,2048,yes,no,cellular,11,may,219,1,173,2,failure,0,7.6251071482389
48,services,divorced,secondary,no,457,yes,no,cellular,11,may,199,1,326,5,other,0,6.126869184114185
31,services,married,secondary,no,2423,yes,yes,cellular,11,may,88,3,362,1,other,0,7.793174347189205
56,technician,married,secondary,no,150,yes,yes,cellular,11,may,102,6,349,1,failure,0,5.017279836814924
34,blue-collar,married,secondary,no,-10,yes,no,cellular,11,may,216,1,370,1,failure,0,0.0
55,retired,divorced,secondary,no,13,yes,no,cellular,11,may,190,1,300,2,failure,0,2.6390573296152584
43,blue-collar,divorced,secondary,no,898,yes,no,cellular,11,may,405,1,174,3,failure,0,6.80128303447162
31,admin.,single,secondary,no,78,yes,no,cellular,11,may,360,1,370,1,other,0,4.3694478524670215
32,unemployed,married,secondary,no,314,yes,no,cellular,11,may,18,6,172,10,success,0,5.752572638825633
55,blue-collar,married,secondary,no,2059,yes,no,cellular,11,may,149,1,259,4,failure,0,7.630461261783627
37,services,married,secondary,no,321,yes,no,cellular,11,may,222,2,300,2,failure,0,5.7745515455444085
38,admin.,single,secondary,no,3049,yes,yes,cellular,11,may,225,1,347,1,failure,0,8.022896869601457
44,services,divorced,secondary,no,0,yes,no,cellular,11,may,151,2,370,2,failure,0,0.0
45,admin.,married,primary,no,542,no,no,cellular,11,may,8,5,350,3,other,0,6.297109319933935
58,admin.,divorced,secondary,no,3058,yes,no,telephone,11,may,114,1,368,1,failure,0,8.025843344150903
40,technician,single,secondary,no,3,yes,yes,cellular,11,may,154,1,305,9,failure,0,1.3862943611198906
51,blue-collar,divorced,primary,no,602,yes,no,cellular,11,may,347,1,284,2,failure,0,6.401917196727186
51,management,single,tertiary,yes,-55,yes,no,cellular,11,may,281,2,266,6,failure,0,0.0
37,blue-collar,single,primary,no,275,yes,no,cellular,11,may,103,1,367,1,other,0,5.62040086571715
39,blue-collar,married,secondary,no,1403,no,no,cellular,11,may,214,8,326,2,failure,0,7.247080584585756
42,management,married,secondary,no,1042,yes,no,cellular,11,may,465,1,364,3,other,0,6.949856455000773
38,management,single,tertiary,no,493,yes,no,cellular,11,may,553,1,367,7,failure,0,6.202535517187923
41,blue-collar,married,secondary,no,306,yes,no,telephone,11,may,86,1,369,2,failure,0,5.726847747587197
48,admin.,divorced,secondary,no,1282,yes,no,cellular,11,may,123,2,343,2,other,0,7.1569563646156364
43,services,married,secondary,no,-416,yes,yes,cellular,11,may,114,1,301,3,failure,0,0.0
39,services,single,secondary,no,322,yes,no,cellular,11,may,35,1,350,1,failure,0,5.777652323222656
42,blue-collar,married,secondary,no,1449,yes,no,cellular,11,may,177,1,173,1,failure,0,7.27931883541462
32,management,divorced,tertiary,no,1145,yes,no,cellular,11,may,580,1,350,4,success,0,7.044032897274685
41,admin.,married,secondary,no,1395,yes,yes,cellular,11,may,85,1,308,2,failure,0,7.241366283322318
29,services,single,secondary,no,31,yes,no,cellular,11,may,82,1,369,3,other,0,3.4657359027997265
36,entrepreneur,married,secondary,no,0,yes,no,cellular,11,may,187,1,174,1,failure,0,0.0
42,admin.,married,secondary,no,1450,no,no,cellular,11,may,489,2,174,1,other,0,7.280008252884188
37,management,married,tertiary,no,293,yes,no,cellular,11,may,304,1,349,4,failure,0,5.683579767338681
34,admin.,single,secondary,no,0,yes,no,cellular,11,may,66,1,301,3,failure,0,0.0
44,management,married,tertiary,no,0,yes,no,cellular,11,may,78,2,264,3,failure,0,0.0
45,blue-collar,married,primary,no,503,yes,no,cellular,11,may,313,1,369,2,failure,0,6.222576268071369
37,admin.,single,secondary,no,20,yes,no,cellular,11,may,207,1,370,1,failure,0,3.044522437723423
32,services,single,secondary,no,-23,no,no,cellular,11,may,185,1,305,1,failure,0,0.0
37,blue-collar,married,secondary,no,223,yes,no,cellular,11,may,552,2,301,2,failure,0,5.4116460518550396
33,blue-collar,married,secondary,no,2366,yes,no,cellular,11,may,249,1,356,2,failure,0,7.769378609513984
57,services,married,secondary,no,5486,yes,no,cellular,11,may,86,7,285,3,failure,0,8.610136937058975
52,blue-collar,single,secondary,no,201,yes,no,cellular,11,may,412,1,301,3,other,0,5.308267697401205
50,admin.,married,secondary,no,326,yes,no,cellular,11,may,124,1,369,2,failure,0,5.7899601708972535
26,management,married,tertiary,no,5,yes,no,cellular,11,may,251,1,304,2,other,0,1.791759469228055
37,admin.,single,secondary,no,-17,yes,no,cellular,11,may,400,2,340,2,failure,0,0.0
33,management,divorced,tertiary,no,-255,yes,yes,cellular,11,may,82,9,306,1,other,0,0.0
37,blue-collar,married,secondary,no,771,yes,no,cellular,11,may,262,2,367,4,failure,0,6.648984550024776
27,blue-collar,single,secondary,no,100,yes,no,cellular,11,may,177,4,367,1,failure,0,4.61512051684126
52,services,married,secondary,no,-178,yes,yes,cellular,11,may,124,2,347,1,failure,0,0.0
31,self-employed,married,secondary,no,2153,yes,no,cellular,11,may,239,3,172,1,failure,0,7.675081857716334
58,unemployed,married,secondary,no,3867,yes,no,telephone,11,may,159,1,364,2,failure,0,8.260492856573185
55,management,divorced,tertiary,no,8044,yes,no,cellular,11,may,175,5,333,19,other,0,8.992806059426483
58,services,married,secondary,no,1301,yes,no,cellular,11,may,261,1,286,2,failure,0,7.171656822768514
52,services,married,secondary,no,540,yes,no,cellular,11,may,154,2,340,2,failure,0,6.293419278846481
35,services,married,secondary,no,-315,yes,no,cellular,11,may,330,2,368,2,failure,0,0.0
38,management,married,tertiary,no,-120,yes,no,cellular,11,may,148,1,367,2,failure,0,0.0
43,admin.,single,secondary,no,426,yes,no,cellular,11,may,76,2,304,2,failure,0,6.056784013228625
38,services,married,secondary,no,5293,yes,no,cellular,11,may,475,1,171,6,failure,1,8.574329382787047
33,blue-collar,divorced,primary,no,142,yes,no,telephone,11,may,41,2,300,5,failure,0,4.962844630259907
50,entrepreneur,married,primary,no,199,no,no,cellular,11,may,228,2,363,2,failure,0,5.298317366548036
39,technician,married,secondary,no,381,yes,no,cellular,11,may,758,1,347,2,failure,0,5.945420608606575
35,blue-collar,single,secondary,no,0,yes,no,cellular,11,may,371,1,305,1,failure,0,0.0
44,management,married,tertiary,no,254,yes,yes,cellular,11,may,145,2,300,3,failure,0,5.541263545158426
30,management,married,tertiary,no,740,yes,yes,cellular,11,may,242,3,341,1,other,0,6.608000625296087
35,blue-collar,married,primary,no,-367,yes,no,cellular,11,may,77,1,350,1,failure,0,0.0
56,retired,married,secondary,no,102,yes,no,telephone,11,may,267,1,369,1,failure,0,4.634728988229636
44,blue-collar,married,secondary,no,1071,yes,no,cellular,11,may,143,3,357,1,failure,0,6.977281341630747
37,admin.,divorced,secondary,no,246,yes,no,cellular,11,may,288,1,360,2,failure,0,5.5093883366279774
33,admin.,divorced,secondary,no,-331,yes,yes,cellular,11,may,186,2,350,3,failure,0,0.0
47,technician,married,secondary,no,1571,yes,no,cellular,11,may,261,1,369,2,failure,0,7.360103972989152
40,services,married,secondary,no,695,yes,no,cellular,11,may,270,1,348,10,failure,0,6.54534966033442
34,blue-collar,single,secondary,no,213,yes,no,cellular,11,may,47,1,343,2,failure,0,5.365976015021851
43,blue-collar,married,primary,no,1579,yes,no,telephone,11,may,176,1,284,4,other,0,7.365180126021013
36,blue-collar,divorced,secondary,no,-523,yes,yes,cellular,11,may,193,1,333,17,other,0,0.0
34,blue-collar,married,secondary,no,-29,yes,no,cellular,11,may,200,2,364,2,other,0,0.0
39,services,married,secondary,no,1005,yes,yes,cellular,11,may,204,1,336,2,failure,0,6.913737350659685
28,technician,married,secondary,no,448,yes,no,cellular,11,may,188,2,346,3,other,0,6.1070228877422545
48,blue-collar,married,secondary,no,7985,yes,no,cellular,11,may,232,2,347,1,failure,0,8.985445287623167
36,blue-collar,divorced,primary,yes,0,yes,no,cellular,11,may,97,2,305,1,failure,0,0.0
57,technician,married,secondary,no,124,yes,no,telephone,11,may,296,1,287,12,failure,0,4.8283137373023015
25,self-employed,single,tertiary,no,931,yes,no,cellular,11,may,263,2,348,4,failure,0,6.837332814685591
41,blue-collar,married,secondary,no,926,yes,no,cellular,11,may,306,2,347,1,other,0,6.831953565565855
38,blue-collar,single,secondary,no,328,yes,no,cellular,11,may,776,4,349,1,other,0,5.796057750765372
34,admin.,single,secondary,no,395,yes,no,cellular,11,may,150,2,364,8,failure,0,5.981414211254481
39,blue-collar,divorced,secondary,no,0,yes,no,cellular,11,may,275,2,307,1,other,0,0.0
38,services,married,secondary,no,0,yes,yes,cellular,11,may,125,2,304,2,failure,0,0.0
48,blue-collar,married,primary,no,643,yes,no,cellular,11,may,66,4,173,7,other,0,6.467698726104354
42,blue-collar,married,secondary,yes,-204,yes,no,cellular,11,may,34,1,361,7,failure,0,0.0
44,blue-collar,divorced,secondary,no,370,yes,no,cellular,11,may,128,1,369,1,failure,0,5.916202062607435
33,management,single,tertiary,no,48,yes,no,cellular,11,may,400,1,173,5,failure,0,3.8918202981106265
37,technician,married,primary,no,1653,yes,yes,cellular,11,may,285,2,349,10,failure,0,7.4109518755836366
57,technician,divorced,secondary,no,99,yes,no,cellular,11,may,133,2,370,2,failure,0,4.605170185988092
39,technician,married,secondary,no,27,yes,no,cellular,11,may,147,3,342,4,failure,0,3.332204510175204
34,services,married,secondary,no,-333,yes,no,cellular,11,may,218,4,285,5,failure,0,0.0
50,blue-collar,married,primary,no,1549,yes,no,cellular,11,may,445,2,299,6,other,0,7.346010209913293
35,services,single,secondary,no,313,yes,no,cellular,11,may,195,2,301,3,failure,0,5.749392985908253
48,services,married,primary,no,222,yes,no,cellular,11,may,127,2,369,1,failure,0,5.407171771460119
35,management,married,tertiary,no,244,yes,no,cellular,11,may,155,2,173,1,failure,0,5.501258210544727
55,management,married,tertiary,no,154,no,no,telephone,11,may,70,2,367,3,failure,0,5.043425116919247
31,blue-collar,single,secondary,no,1598,yes,no,cellular,11,may,152,2,305,1,success,0,7.377133712833954
41,admin.,married,secondary,no,542,yes,no,telephone,11,may,64,2,347,1,other,0,6.297109319933935
36,blue-collar,single,secondary,no,219,yes,yes,cellular,11,may,270,2,347,1,failure,0,5.393627546352362
59,services,married,secondary,no,0,yes,no,telephone,11,may,437,2,361,5,failure,0,0.0
46,admin.,divorced,secondary,no,875,yes,yes,cellular,11,may,269,3,353,2,failure,0,6.775366090936392
53,blue-collar,married,primary,no,238,yes,no,cellular,11,may,238,2,361,5,failure,0,5.476463551931511
33,technician,single,secondary,no,3499,yes,no,cellular,11,may,143,3,356,1,other,0,8.160518247477505
48,services,single,secondary,yes,-470,yes,no,cellular,11,may,410,2,292,11,failure,0,0.0
35,technician,married,secondary,no,6,yes,no,cellular,11,may,204,2,348,2,failure,0,1.9459101490553132
49,management,single,secondary,no,-18,yes,no,cellular,11,may,217,3,264,4,failure,0,0.0
50,entrepreneur,married,tertiary,no,388,yes,no,cellular,11,may,258,4,329,2,failure,0,5.963579343618446
44,admin.,single,secondary,no,-497,yes,no,cellular,11,may,115,2,370,2,failure,0,0.0
46,blue-collar,married,secondary,no,2603,yes,yes,cellular,11,may,50,3,277,2,failure,0,7.86480400332846
45,services,married,secondary,no,744,yes,no,cellular,11,may,211,2,347,1,failure,0,6.61338421837956
44,blue-collar,married,primary,no,953,yes,no,cellular,11,may,772,2,357,1,failure,0,6.860663671448287
39,management,married,tertiary,no,763,yes,no,cellular,11,may,877,7,300,2,other,1,6.638567789166521
37,blue-collar,married,secondary,no,1165,yes,no,cellular,11,may,304,3,173,7,failure,0,7.061334366910438
35,blue-collar,married,primary,no,151,yes,no,cellular,11,may,301,2,298,6,failure,0,5.0238805208462765
40,housemaid,married,secondary,no,4136,yes,no,cellular,11,may,508,3,173,5,failure,0,8.327726166461412
41,blue-collar,married,secondary,no,2067,yes,no,cellular,11,may,208,4,325,4,failure,0,7.63433723562832
50,blue-collar,married,primary,no,0,yes,no,cellular,11,may,503,3,339,2,failure,0,0.0
47,admin.,single,secondary,no,3957,yes,no,telephone,11,may,58,3,334,3,other,0,8.28349412616251
34,blue-collar,married,secondary,no,10,yes,yes,cellular,11,may,196,2,356,1,failure,0,2.3978952727983707
56,services,divorced,secondary,no,141,yes,no,cellular,11,may,63,2,370,2,failure,0,4.955827057601261
32,management,single,tertiary,no,473,yes,no,cellular,11,may,72,2,361,1,other,0,6.161207321695077
54,admin.,married,secondary,no,956,yes,yes,telephone,11,may,136,2,362,1,other,0,6.863803391452954
26,student,single,tertiary,no,249,yes,no,cellular,11,may,445,2,371,1,other,0,5.521460917862246
43,blue-collar,married,primary,no,0,yes,no,cellular,12,may,48,3,285,4,failure,0,0.0
37,blue-collar,single,primary,no,1388,yes,no,telephone,12,may,66,2,356,1,other,0,7.236339342754344
31,unemployed,single,secondary,no,-15,yes,no,cellular,12,may,278,2,370,3,other,0,0.0
36,blue-collar,married,secondary,no,-185,yes,no,cellular,12,may,167,2,350,2,failure,0,0.0
31,services,divorced,secondary,no,62,yes,no,cellular,12,may,56,3,351,3,other,0,4.143134726391533
36,blue-collar,single,primary,no,109,yes,no,telephone,12,may,200,2,370,2,failure,0,4.700480365792417
42,management,married,secondary,no,218,yes,no,cellular,12,may,134,2,361,1,failure,0,5.389071729816501
40,technician,divorced,secondary,no,16,yes,no,telephone,12,may,34,12,347,5,other,0,2.833213344056216
56,blue-collar,divorced,primary,no,190,yes,no,cellular,12,may,15,8,351,9,other,0,5.25227342804663
35,management,married,tertiary,no,739,yes,no,telephone,12,may,13,7,172,4,other,0,6.606650186198215
43,admin.,single,secondary,no,277,yes,no,cellular,12,may,315,2,363,1,failure,0,5.627621113690637
50,self-employed,married,secondary,no,0,yes,no,telephone,12,may,352,2,175,11,other,0,0.0
59,entrepreneur,married,tertiary,no,146,yes,no,cellular,12,may,97,3,365,6,failure,0,4.990432586778736
33,services,single,secondary,no,310,yes,no,cellular,12,may,54,2,371,1,failure,0,5.739792912179234
54,blue-collar,married,primary,no,0,yes,no,cellular,12,may,77,4,341,2,failure,0,0.0
34,blue-collar,married,secondary,no,0,yes,yes,cellular,12,may,34,2,288,12,failure,0,0.0
41,blue-collar,married,secondary,no,-648,yes,no,cellular,12,may,104,3,172,2,failure,0,0.0
41,management,married,tertiary,no,4063,yes,no,cellular,12,may,14,5,172,2,failure,0,8.309922989258318
58,retired,married,secondary,no,502,yes,no,cellular,12,may,197,2,370,3,failure,0,6.220590170099739
41,retired,single,secondary,no,1734,yes,no,cellular,12,may,151,2,343,4,failure,0,7.45876269238096
50,retired,married,secondary,no,8648,no,no,cellular,12,may,731,3,176,1,failure,1,9.065198986306513
54,technician,married,secondary,no,87,yes,no,cellular,12,may,20,8,350,9,failure,0,4.477336814478207
26,student,single,tertiary,no,2182,yes,no,cellular,12,may,42,1,292,1,other,0,7.688455356549944
43,technician,married,tertiary,no,591,yes,no,cellular,12,may,123,4,277,2,failure,0,6.3835066348840055
41,blue-collar,married,primary,no,164,yes,no,cellular,12,may,150,4,330,11,other,0,5.10594547390058
34,retired,married,secondary,no,165,no,no,cellular,12,may,99,1,370,1,failure,0,5.111987788356544
34,admin.,divorced,secondary,no,479,yes,no,cellular,12,may,515,1,350,5,failure,1,6.173786103901937
40,blue-collar,married,primary,no,780,yes,no,cellular,12,may,206,1,357,1,failure,0,6.660575149839686
41,blue-collar,married,primary,no,254,yes,no,cellular,12,may,25,1,309,3,failure,0,5.541263545158426
55,technician,single,secondary,no,99,yes,no,cellular,12,may,300,1,370,3,failure,0,4.605170185988092
48,services,single,secondary,no,561,yes,no,cellular,12,may,214,1,358,2,other,0,6.331501849893691
32,technician,married,secondary,no,169,yes,no,cellular,12,may,85,4,350,1,failure,0,5.135798437050262
37,management,divorced,secondary,no,1655,yes,no,cellular,12,may,178,1,175,2,failure,0,7.412160334945205
32,admin.,divorced,tertiary,no,146,yes,no,cellular,12,may,69,1,361,1,failure,0,4.990432586778736
37,technician,married,secondary,no,1109,yes,no,cellular,12,may,62,1,354,5,failure,0,7.01211529430638
38,housemaid,single,primary,no,199,yes,no,cellular,12,may,1203,1,306,1,failure,1,5.298317366548036
55,blue-collar,married,primary,no,2102,yes,no,cellular,12,may,64,4,371,1,failure,0,7.6511201757027
37,services,married,primary,no,0,yes,no,cellular,12,may,631,1,344,1,success,0,0.0
39,services,married,secondary,no,25,yes,yes,cellular,12,may,658,1,351,3,failure,1,3.258096538021482
46,technician,married,secondary,no,278,yes,no,cellular,12,may,207,1,306,1,failure,0,5.631211781821365
34,services,married,secondary,no,7,yes,no,cellular,12,may,377,1,357,1,failure,0,2.0794415416798357
37,technician,married,tertiary,no,1733,yes,no,cellular,12,may,524,3,326,1,other,0,7.458186157340487
37,technician,single,tertiary,no,-487,yes,no,cellular,12,may,358,1,260,5,other,0,0.0
38,admin.,divorced,secondary,no,1533,yes,no,cellular,12,may,366,1,172,4,success,0,7.335633981927201
30,management,single,tertiary,no,112,yes,yes,cellular,12,may,451,2,349,2,failure,0,4.727387818712341
53,admin.,single,secondary,no,545,yes,no,cellular,12,may,305,1,370,1,failure,0,6.302618975744905
47,services,married,secondary,no,216,yes,no,cellular,12,may,104,3,371,2,failure,0,5.37989735354046
54,retired,divorced,tertiary,no,349,yes,no,cellular,12,may,176,2,175,1,failure,0,5.857933154483459
43,admin.,divorced,secondary,no,1076,yes,no,cellular,12,may,223,1,363,1,failure,0,6.981934677156389
45,blue-collar,married,primary,no,491,yes,yes,cellular,12,may,63,5,370,1,other,0,6.198478716492308
33,entrepreneur,married,secondary,no,1034,yes,no,cellular,12,may,23,6,295,6,failure,0,6.942156705699469
31,housemaid,married,tertiary,no,2190,yes,no,telephone,12,may,25,6,258,18,other,0,7.692113339595466
53,blue-collar,married,secondary,no,-108,yes,no,cellular,12,may,11,12,175,3,other,0,0.0
41,blue-collar,married,secondary,no,598,yes,no,cellular,12,may,69,3,364,11,failure,0,6.395261598115449
50,blue-collar,married,secondary,no,173,yes,no,cellular,12,may,7,5,342,15,other,0,5.159055299214529
36,management,single,tertiary,no,687,yes,no,cellular,12,may,43,1,347,2,failure,0,6.5337888379333435
48,services,divorced,secondary,no,-361,yes,no,cellular,12,may,1062,3,349,3,other,1,0.0
43,admin.,married,secondary,no,323,yes,yes,cellular,12,may,43,3,369,2,failure,0,5.780743515792329
60,retired,divorced,tertiary,no,-134,no,no,cellular,12,may,243,1,271,4,failure,0,0.0
29,entrepreneur,single,tertiary,no,135,yes,no,cellular,12,may,245,1,356,1,failure,0,4.912654885736052
33,blue-collar,single,secondary,no,1794,yes,no,cellular,12,may,360,1,173,1,other,0,7.492760300922379
33,blue-collar,single,secondary,no,38,yes,no,telephone,12,may,139,4,371,1,other,0,3.6635616461296463
40,housemaid,divorced,secondary,no,1194,yes,no,cellular,12,may,517,1,173,2,failure,0,7.085901464365611
41,admin.,married,secondary,no,1535,yes,no,cellular,12,may,261,1,363,1,success,0,7.336936913707618
38,services,married,secondary,no,1616,yes,no,telephone,12,may,168,5,288,3,failure,0,7.388327859577107
40,blue-collar,married,primary,no,106,yes,no,cellular,12,may,23,1,370,1,failure,0,4.672828834461906
30,admin.,married,secondary,no,265,yes,no,cellular,12,may,342,1,354,2,failure,0,5.583496308781699
43,blue-collar,married,primary,no,188,yes,no,cellular,12,may,58,3,347,5,failure,0,5.241747015059643
54,services,divorced,secondary,no,1012,yes,no,cellular,12,may,33,3,175,2,other,0,6.920671504248683
43,blue-collar,single,secondary,no,24,no,no,cellular,12,may,68,1,363,1,failure,0,3.2188758248682006
39,blue-collar,married,primary,no,476,yes,no,cellular,12,may,212,1,349,4,failure,0,6.1675164908883415
37,admin.,divorced,secondary,no,1573,yes,no,cellular,12,may,639,3,326,10,failure,0,7.3613754289773485
43,blue-collar,married,primary,no,-404,yes,yes,cellular,12,may,205,2,306,1,failure,0,0.0
47,services,married,secondary,no,311,yes,yes,cellular,12,may,238,1,301,3,failure,0,5.7430031878094825
53,management,married,secondary,no,218,yes,no,cellular,12,may,27,6,344,12,failure,0,5.389071729816501
49,management,married,tertiary,no,666,yes,no,cellular,12,may,337,1,309,6,failure,0,6.502790045915623
30,self-employed,married,secondary,no,8563,yes,no,cellular,12,may,109,1,351,4,other,0,9.055322649709574
41,unemployed,married,secondary,no,277,yes,no,cellular,12,may,152,3,351,2,failure,0,5.627621113690637
32,technician,married,secondary,no,522,yes,yes,cellular,12,may,272,5,258,4,failure,0,6.259581464064923
44,blue-collar,married,primary,no,103,yes,no,cellular,12,may,79,1,329,2,failure,0,4.6443908991413725
30,services,single,secondary,no,-158,yes,no,cellular,12,may,426,1,370,2,failure,1,0.0
34,blue-collar,married,secondary,no,-53,yes,no,cellular,12,may,196,2,357,1,failure,0,0.0
46,blue-collar,married,secondary,no,66,yes,no,cellular,12,may,211,1,364,3,failure,0,4.204692619390966
49,technician,married,secondary,no,425,yes,no,cellular,12,may,816,1,342,4,failure,0,6.054439346269371
34,admin.,single,secondary,no,151,yes,no,cellular,12,may,590,1,370,1,other,1,5.0238805208462765
34,admin.,divorced,secondary,no,151,yes,no,cellular,12,may,131,1,361,1,other,0,5.0238805208462765
42,technician,single,tertiary,no,-411,yes,no,cellular,12,may,78,5,292,3,failure,0,0.0
45,blue-collar,married,primary,no,0,yes,yes,cellular,12,may,36,3,172,5,failure,0,0.0
30,services,single,secondary,no,194,yes,no,cellular,12,may,74,3,301,3,other,0,5.272999558563747
55,admin.,married,secondary,no,859,no,no,telephone,12,may,148,6,308,1,failure,0,6.756932389247553
36,management,married,secondary,no,339,yes,no,cellular,12,may,279,1,354,1,failure,0,5.8289456176102075
52,admin.,divorced,secondary,no,3029,yes,yes,cellular,12,may,65,2,285,2,failure,0,8.016317898503415
48,admin.,divorced,secondary,no,162,yes,no,cellular,12,may,83,1,368,4,failure,0,5.093750200806762
51,blue-collar,married,primary,no,480,yes,no,cellular,12,may,189,1,326,5,failure,0,6.175867270105761
28,admin.,single,secondary,no,242,yes,yes,cellular,12,may,256,1,349,1,failure,0,5.493061443340548
37,services,married,secondary,no,1543,yes,no,cellular,12,may,451,4,85,2,success,0,7.342131730584722
27,management,single,tertiary,no,498,yes,no,cellular,12,may,191,1,369,3,failure,0,6.212606095751519
37,blue-collar,married,secondary,no,342,yes,no,cellular,12,may,340,2,175,1,failure,0,5.8377304471659395
39,blue-collar,married,primary,no,467,yes,no,cellular,12,may,7,5,285,30,other,0,6.148468295917647
41,blue-collar,single,secondary,no,1564,yes,no,cellular,12,may,493,10,362,1,other,0,7.355641102974253
39,management,single,tertiary,no,5073,yes,no,cellular,12,may,1182,1,286,4,failure,1,8.531884740159228
36,technician,divorced,secondary,no,69,yes,no,cellular,12,may,61,2,369,3,failure,0,4.248495242049359
51,blue-collar,married,primary,no,42,yes,no,cellular,12,may,51,2,342,3,failure,0,3.7612001156935624
38,admin.,single,secondary,no,883,yes,no,cellular,12,may,95,1,327,9,other,0,6.784457062637643
39,admin.,married,secondary,no,607,yes,no,cellular,12,may,454,2,364,3,failure,1,6.410174881966167
32,blue-collar,married,secondary,no,1787,yes,no,cellular,12,may,87,4,357,4,failure,0,7.488852955733459
33,management,married,secondary,no,2858,yes,yes,cellular,12,may,175,1,298,5,failure,0,7.958227192322312
45,blue-collar,married,primary,no,353,yes,no,cellular,12,may,204,1,364,1,failure,0,5.869296913133774
39,management,single,tertiary,no,202,yes,no,cellular,12,may,59,1,301,1,other,0,5.313205979041787
37,blue-collar,married,secondary,no,-251,yes,no,cellular,12,may,146,3,370,1,failure,0,0.0
37,blue-collar,married,secondary,no,3420,yes,no,cellular,12,may,77,1,301,2,failure,0,8.137688184977605
44,services,single,secondary,no,492,yes,no,cellular,12,may,56,1,361,2,other,0,6.20050917404269
36,entrepreneur,single,primary,no,5,no,no,cellular,12,may,396,1,172,3,failure,0,1.791759469228055
32,housemaid,married,secondary,no,0,yes,no,cellular,12,may,549,1,368,2,failure,0,0.0
39,blue-collar,single,secondary,no,175,no,no,cellular,12,may,17,1,365,2,other,0,5.170483995038151
37,services,married,secondary,no,42,yes,no,cellular,12,may,107,3,369,4,failure,0,3.7612001156935624
39,management,single,tertiary,no,0,yes,no,cellular,12,may,561,4,369,3,failure,0,0.0
47,services,married,secondary,no,367,yes,no,cellular,12,may,309,1,306,4,success,1,5.908082938168931
42,management,married,tertiary,no,0,no,yes,telephone,12,may,139,3,361,4,failure,0,0.0
59,admin.,married,secondary,no,92,yes,no,cellular,12,may,139,2,350,1,failure,0,4.532599493153256
35,blue-collar,single,secondary,no,855,yes,no,cellular,12,may,549,1,300,1,success,1,6.752270376141742
26,entrepreneur,married,tertiary,no,38,yes,no,cellular,12,may,119,1,294,5,failure,0,3.6635616461296463
40,services,single,secondary,no,1547,yes,no,cellular,12,may,88,2,173,1,success,0,7.344719054149673
36,blue-collar,married,primary,no,300,yes,no,cellular,12,may,57,1,342,1,failure,0,5.707110264748875
34,technician,married,secondary,no,210,yes,yes,cellular,12,may,211,2,173,1,failure,0,5.351858133476067
28,technician,single,secondary,no,1453,yes,no,cellular,12,may,246,1,343,1,other,0,7.282073658093465
29,management,married,tertiary,no,13186,yes,no,cellular,12,may,322,1,350,2,failure,0,9.486986774807699
35,admin.,single,secondary,no,10,no,yes,cellular,12,may,357,1,175,4,failure,0,2.3978952727983707
33,admin.,divorced,secondary,no,-417,no,no,cellular,12,may,337,1,347,5,failure,0,0.0
51,blue-collar,married,primary,no,1164,yes,no,cellular,12,may,100,1,369,2,failure,0,7.060476365999801
35,blue-collar,single,secondary,no,68,yes,no,cellular,12,may,334,1,347,6,failure,0,4.23410650459726
30,blue-collar,single,secondary,no,0,yes,no,cellular,12,may,271,1,349,4,failure,0,0.0
35,services,divorced,secondary,no,0,yes,yes,cellular,12,may,95,4,357,1,failure,0,0.0
40,management,married,secondary,no,0,yes,no,cellular,12,may,223,4,258,3,failure,0,0.0
40,admin.,married,secondary,no,419,yes,yes,cellular,12,may,92,1,369,1,failure,0,6.040254711277414
56,blue-collar,married,primary,no,373,yes,no,cellular,12,may,179,1,350,1,failure,0,5.924255797414532
44,blue-collar,married,primary,no,887,yes,no,cellular,12,may,165,2,363,1,failure,0,6.78897174299217
37,self-employed,divorced,secondary,no,-38,yes,no,cellular,12,may,165,1,175,2,failure,0,0.0
47,admin.,married,secondary,no,663,yes,yes,cellular,12,may,409,1,274,6,other,1,6.498282149476434
37,services,married,secondary,no,335,yes,no,cellular,12,may,107,2,368,2,failure,0,5.817111159963204
31,blue-collar,married,primary,no,2581,no,no,cellular,12,may,240,1,365,2,failure,0,7.856319571406588
46,blue-collar,married,primary,no,804,yes,no,cellular,12,may,1063,2,361,1,success,1,6.690842277418564
52,blue-collar,married,primary,no,-637,yes,yes,cellular,12,may,161,5,174,2,failure,0,0.0
60,self-employed,married,secondary,no,18,yes,yes,cellular,12,may,399,4,343,1,other,0,2.9444389791664403
37,technician,single,tertiary,no,1894,yes,no,cellular,12,may,1925,1,351,7,other,0,7.546974117516527
41,blue-collar,divorced,secondary,no,139,yes,no,cellular,12,may,178,3,370,1,failure,0,4.941642422609304
36,technician,single,secondary,no,75,yes,no,cellular,12,may,485,2,342,4,other,0,4.330733340286331
49,management,divorced,secondary,no,1598,yes,no,cellular,12,may,76,2,348,1,failure,0,7.377133712833954
33,management,divorced,tertiary,no,-634,yes,yes,cellular,12,may,163,2,350,1,failure,0,0.0
44,management,married,tertiary,no,870,yes,yes,cellular,12,may,118,2,369,1,failure,0,6.769641976852503
27,admin.,single,secondary,no,292,yes,no,cellular,12,may,53,9,362,8,other,0,5.680172609017068
37,admin.,single,primary,no,912,yes,no,cellular,12,may,637,3,328,22,other,1,6.816735880594968
59,admin.,married,secondary,no,1575,yes,no,cellular,12,may,301,3,263,11,success,0,7.362645270417825
46,blue-collar,married,primary,no,4170,yes,yes,cellular,12,may,118,2,357,3,failure,0,8.335911094196945
54,blue-collar,married,secondary,no,143,yes,no,cellular,12,may,278,2,309,5,failure,0,4.969813299576001
43,blue-collar,married,primary,no,-98,yes,yes,cellular,12,may,112,2,330,3,other,0,0.0
38,management,single,tertiary,no,3646,yes,no,cellular,12,may,1710,2,286,1,other,1,8.20166019080868
50,admin.,single,secondary,no,5816,yes,no,telephone,12,may,217,1,175,2,failure,0,8.668539943910762
36,blue-collar,married,secondary,no,98,yes,no,cellular,12,may,415,1,344,1,failure,0,4.59511985013459
33,admin.,single,secondary,no,-15,no,no,telephone,12,may,326,3,350,2,failure,0,0.0
50,blue-collar,divorced,primary,no,15,yes,no,cellular,12,may,173,2,350,7,failure,0,2.772588722239781
40,management,single,tertiary,no,-50,yes,no,cellular,12,may,306,2,350,1,failure,0,0.0
40,services,married,secondary,no,1116,yes,no,cellular,12,may,350,5,286,2,failure,0,7.018401799069201
40,blue-collar,married,primary,no,1411,yes,no,cellular,12,may,224,2,357,2,failure,0,7.252762418053187
40,blue-collar,married,secondary,no,327,yes,no,cellular,12,may,474,2,357,1,failure,0,5.793013608384144
49,blue-collar,married,secondary,no,5058,no,no,cellular,12,may,255,2,357,4,failure,0,8.528924114291936
30,blue-collar,married,primary,no,190,no,no,telephone,12,may,29,2,370,1,failure,0,5.25227342804663
43,technician,married,secondary,no,422,yes,no,cellular,12,may,181,2,300,1,failure,0,6.0473721790462776
43,blue-collar,married,primary,no,-25,yes,no,cellular,12,may,254,4,365,2,failure,0,0.0
49,blue-collar,married,primary,no,3028,yes,no,cellular,12,may,216,2,259,3,other,0,8.015987811027237
25,student,single,secondary,no,1116,yes,no,cellular,12,may,85,2,71,3,failure,0,7.018401799069201
33,services,married,secondary,no,204,yes,yes,cellular,12,may,142,2,357,3,failure,0,5.3230099791384085
41,blue-collar,married,primary,no,5560,yes,no,cellular,12,may,280,2,335,3,failure,0,8.623533227187563
31,blue-collar,married,primary,no,-199,yes,yes,telephone,12,may,149,5,299,10,failure,0,0.0
49,management,divorced,tertiary,no,108,yes,no,cellular,12,may,288,2,350,2,failure,0,4.6913478822291435
40,services,divorced,secondary,no,209,yes,no,cellular,12,may,302,2,344,3,other,0,5.3471075307174685
59,admin.,married,secondary,no,145,yes,no,telephone,12,may,556,2,287,13,success,1,4.983606621708336
37,technician,married,secondary,no,64,yes,no,cellular,12,may,239,4,278,2,other,0,4.174387269895637
31,management,single,tertiary,no,2592,no,no,cellular,12,may,349,2,174,1,failure,0,7.860570785538664
45,management,married,tertiary,no,677,yes,no,cellular,12,may,253,3,334,2,failure,0,6.519147287940395
46,admin.,divorced,secondary,no,984,yes,no,cellular,12,may,181,4,369,5,failure,0,6.892641641172089
55,housemaid,married,secondary,no,167,yes,no,cellular,12,may,178,3,357,7,failure,0,5.123963979403259
39,blue-collar,married,secondary,no,5092,yes,no,cellular,12,may,206,2,329,6,failure,0,8.535622326884605
44,blue-collar,single,secondary,no,492,no,yes,cellular,12,may,209,2,351,3,other,0,6.20050917404269
36,blue-collar,married,primary,no,356,yes,yes,cellular,12,may,692,4,172,4,other,0,5.877735781779639
58,entrepreneur,married,primary,no,1153,yes,yes,telephone,12,may,206,6,337,6,failure,0,7.050989447068045
52,retired,married,primary,no,752,yes,no,telephone,12,may,339,4,347,2,failure,0,6.6240652277998935
43,blue-collar,married,primary,no,555,yes,no,cellular,12,may,175,2,369,2,failure,0,6.320768294250582
38,technician,divorced,secondary,no,5733,yes,no,cellular,12,may,173,8,278,4,failure,0,8.654168646443315
49,services,married,secondary,no,271,yes,yes,cellular,12,may,541,2,330,2,other,0,5.605802066295998
48,services,divorced,secondary,no,201,yes,no,cellular,12,may,242,3,371,2,failure,0,5.308267697401205
60,technician,married,secondary,no,-247,yes,no,telephone,12,may,472,2,351,1,failure,0,0.0
40,blue-collar,married,primary,no,2495,yes,no,cellular,12,may,135,2,354,3,other,0,7.822444729489319
46,blue-collar,married,secondary,no,1583,yes,no,telephone,12,may,175,5,278,7,failure,0,7.367708572374371
37,technician,married,secondary,no,807,yes,no,cellular,12,may,807,3,172,4,failure,0,6.694562058521095
33,admin.,single,secondary,no,422,yes,no,cellular,12,may,235,2,361,2,failure,0,6.0473721790462776
39,blue-collar,single,secondary,no,631,yes,no,cellular,12,may,57,2,344,8,other,0,6.448889394146858
43,blue-collar,married,primary,no,250,yes,no,cellular,12,may,144,5,342,16,failure,0,5.5254529391317835
38,blue-collar,single,primary,no,12130,yes,no,cellular,12,may,455,2,328,13,failure,0,9.40351943877092
40,services,married,secondary,no,949,yes,no,cellular,12,may,285,3,287,8,failure,0,6.856461984594587
38,blue-collar,married,primary,no,1455,yes,no,telephone,12,may,101,2,356,2,failure,0,7.283448228756631
34,blue-collar,married,primary,no,1309,yes,no,cellular,12,may,456,2,364,1,failure,0,7.177782416195197
40,blue-collar,married,primary,no,332,yes,no,cellular,12,may,339,2,369,3,failure,0,5.808142489980444
46,services,married,secondary,no,2381,yes,no,telephone,12,may,220,3,363,1,other,0,7.775695749915245
32,management,single,tertiary,no,933,yes,no,cellular,12,may,147,4,307,1,failure,0,6.839476438228843
43,management,married,tertiary,no,1158,yes,no,telephone,12,may,236,6,342,1,other,0,7.055312843339752
40,blue-collar,married,primary,no,1397,yes,no,telephone,12,may,58,2,334,1,failure,0,7.242797922793756
46,entrepreneur,married,secondary,no,404,yes,no,telephone,12,may,1388,7,347,2,failure,0,6.003887067106539
38,blue-collar,married,secondary,no,0,yes,no,cellular,13,may,57,5,349,1,other,0,0.0
42,blue-collar,married,primary,no,402,no,no,cellular,13,may,31,7,330,17,failure,0,5.998936561946683
35,technician,single,secondary,no,399,yes,no,cellular,13,may,496,2,345,3,failure,1,5.991464547107982
36,admin.,divorced,secondary,no,1089,yes,no,telephone,13,may,83,5,175,4,other,0,6.993932975223189
28,technician,married,secondary,no,-302,yes,no,cellular,13,may,152,4,366,3,failure,0,0.0
46,entrepreneur,single,tertiary,no,1410,yes,no,telephone,13,may,91,5,175,9,failure,0,7.252053951852814
39,blue-collar,married,primary,no,481,no,no,cellular,13,may,197,3,357,1,other,0,6.1779441140506
48,blue-collar,married,secondary,no,709,yes,no,cellular,13,may,117,2,278,3,other,0,6.565264970035361
39,management,married,tertiary,no,942,yes,no,cellular,13,may,564,2,265,4,other,0,6.849066282633458
37,blue-collar,married,primary,no,37,yes,no,cellular,13,may,24,2,362,1,other,0,3.6375861597263857
57,retired,married,primary,no,13,yes,no,cellular,13,may,164,2,366,2,failure,0,2.6390573296152584
39,blue-collar,married,primary,no,800,yes,no,cellular,13,may,53,5,175,6,failure,0,6.68586094706836
29,student,single,secondary,no,154,yes,no,cellular,13,may,20,6,358,9,failure,0,5.043425116919247
38,technician,single,tertiary,no,876,yes,no,cellular,13,may,5,7,355,4,failure,0,6.776506992372183
31,admin.,single,tertiary,no,253,yes,no,cellular,13,may,82,5,355,4,failure,0,5.537334267018537
47,blue-collar,single,primary,no,10558,yes,no,cellular,13,may,81,3,174,2,other,0,9.264733855806515
41,admin.,single,secondary,no,334,yes,no,cellular,13,may,14,4,331,22,other,0,5.814130531825066
36,blue-collar,married,secondary,no,1088,yes,no,cellular,13,may,77,2,345,2,failure,0,6.9930151229329605
33,services,married,secondary,no,1078,yes,no,cellular,13,may,320,4,175,4,other,0,6.983789965258135
42,services,married,secondary,no,-141,yes,yes,cellular,13,may,211,3,345,3,failure,0,0.0
43,blue-collar,married,secondary,no,3,yes,no,telephone,13,may,26,1,174,2,failure,0,1.3862943611198906
34,management,single,tertiary,no,7263,yes,no,telephone,13,may,38,1,37,1,failure,0,8.890685920281129
57,retired,divorced,secondary,no,-663,yes,no,cellular,13,may,210,1,351,2,failure,0,0.0
27,blue-collar,single,secondary,no,2,no,no,telephone,13,may,15,7,366,10,other,0,1.0986122886681098
33,blue-collar,married,secondary,no,20,yes,yes,cellular,13,may,259,1,370,3,failure,0,3.044522437723423
40,management,single,tertiary,no,406,yes,no,cellular,13,may,130,1,371,1,failure,0,6.008813185442595
55,retired,married,secondary,no,918,yes,no,cellular,13,may,87,3,364,1,failure,0,6.823286122355687
36,blue-collar,married,primary,no,319,yes,no,cellular,13,may,774,2,301,1,failure,1,5.768320995793772
32,blue-collar,married,secondary,no,944,no,no,cellular,13,may,231,2,362,1,other,0,6.851184927493743
33,admin.,married,secondary,no,17,yes,no,cellular,13,may,74,1,351,1,failure,0,2.8903717578961645
40,blue-collar,single,secondary,no,82,yes,no,cellular,13,may,135,6,370,5,failure,0,4.418840607796598
32,management,single,tertiary,no,7444,yes,yes,cellular,13,may,22,1,370,1,failure,0,8.915297945118109
46,blue-collar,married,primary,no,512,no,no,telephone,13,may,32,1,301,1,failure,0,6.240275845170769
34,admin.,married,primary,no,412,yes,no,cellular,13,may,217,1,287,2,failure,0,6.023447592961033
51,services,single,secondary,no,516,yes,no,cellular,13,may,370,1,363,1,failure,0,6.248042874508429
30,technician,single,secondary,no,115,no,no,cellular,13,may,152,1,351,1,failure,0,4.7535901911063645
32,services,single,secondary,no,481,yes,no,cellular,13,may,150,3,174,4,failure,0,6.1779441140506
38,technician,single,secondary,no,864,yes,no,cellular,13,may,364,1,348,1,failure,0,6.762729506931879
28,blue-collar,single,primary,no,431,yes,no,cellular,13,may,68,2,363,2,failure,0,6.068425588244111
38,technician,single,secondary,no,61,yes,no,cellular,13,may,109,1,359,8,failure,0,4.127134385045092
33,management,divorced,tertiary,no,312,yes,yes,cellular,13,may,23,1,359,3,failure,0,5.746203190540153
31,blue-collar,single,secondary,no,397,yes,no,telephone,13,may,134,1,350,7,failure,0,5.986452005284438
42,unemployed,married,primary,yes,-581,yes,no,cellular,13,may,224,1,370,2,failure,0,0.0
27,management,single,tertiary,no,321,yes,no,cellular,13,may,173,2,307,1,other,0,5.7745515455444085
32,services,married,secondary,no,413,yes,no,telephone,13,may,67,1,365,1,failure,0,6.025865973825314
49,blue-collar,single,secondary,no,725,yes,no,cellular,13,may,29,6,348,4,other,0,6.587550014824796
37,services,married,secondary,no,393,yes,yes,cellular,13,may,95,1,357,1,failure,0,5.976350909297934
37,blue-collar,divorced,secondary,no,719,yes,no,cellular,13,may,118,1,365,1,failure,0,6.579251212010101
28,blue-collar,single,secondary,yes,-2,yes,yes,cellular,13,may,172,2,364,5,failure,0,0.0
50,management,married,tertiary,no,2809,yes,no,cellular,13,may,200,2,259,9,failure,0,7.940939762327791
36,technician,single,secondary,no,2151,yes,no,cellular,13,may,134,1,370,1,failure,0,7.674152921281675
51,blue-collar,married,primary,no,40,yes,no,cellular,13,may,79,1,370,1,failure,0,3.713572066704308
50,management,divorced,tertiary,no,100,yes,yes,cellular,13,may,157,1,299,3,failure,0,4.61512051684126
23,services,married,secondary,no,14,yes,yes,telephone,13,may,19,8,358,1,failure,0,2.70805020110221
39,blue-collar,married,secondary,no,1419,yes,no,cellular,13,may,9,12,349,1,other,0,7.258412150595307
33,blue-collar,married,secondary,no,1905,yes,no,cellular,13,may,39,1,301,2,success,0,7.552762084214147
39,technician,divorced,secondary,no,807,yes,yes,cellular,13,may,69,1,260,6,failure,0,6.694562058521095
38,management,single,tertiary,no,15030,yes,no,cellular,13,may,167,1,174,7,other,0,9.617870014133226
58,blue-collar,married,secondary,no,6004,yes,no,cellular,13,may,133,1,274,6,failure,0,8.700347734514084
35,blue-collar,married,secondary,no,1831,yes,no,cellular,13,may,96,2,358,2,failure,0,7.513163545234075
39,technician,single,secondary,no,0,yes,no,cellular,13,may,6,7,175,4,other,0,0.0
55,management,divorced,tertiary,no,2171,yes,yes,telephone,13,may,318,5,176,1,success,0,7.683403681053826
35,blue-collar,married,secondary,no,233,yes,no,cellular,13,may,66,1,176,1,failure,0,5.455321115357702
37,services,married,secondary,no,655,no,no,cellular,13,may,272,1,342,2,other,0,6.486160788944089
31,self-employed,married,secondary,no,131,yes,no,cellular,13,may,294,1,370,1,failure,0,4.882801922586371
55,blue-collar,married,primary,no,-636,yes,no,telephone,13,may,15,5,348,3,failure,0,0.0
33,technician,married,secondary,no,221,yes,no,cellular,13,may,669,1,355,4,failure,1,5.402677381872279
33,management,divorced,tertiary,no,219,yes,no,cellular,13,may,93,1,301,1,failure,0,5.393627546352362
30,blue-collar,married,secondary,no,975,yes,no,cellular,13,may,256,2,351,2,failure,0,6.883462586413092
42,blue-collar,married,secondary,no,2157,yes,no,cellular,13,may,149,1,364,2,failure,0,7.67693714581808
50,blue-collar,married,primary,no,0,yes,no,cellular,13,may,131,1,364,2,failure,0,0.0
44,unemployed,divorced,secondary,no,2108,yes,no,cellular,13,may,152,2,369,1,other,0,7.653969180478774
38,services,single,primary,no,3715,yes,no,telephone,13,may,41,2,327,17,failure,0,8.22040309993373
32,blue-collar,married,primary,no,50,yes,no,cellular,13,may,275,1,370,2,failure,0,3.9318256327243257
28,admin.,divorced,secondary,no,451,yes,no,cellular,13,may,302,1,301,1,success,1,6.113682179832232
32,technician,married,secondary,no,-684,yes,no,cellular,13,may,11,8,299,3,other,0,0.0
41,technician,single,primary,no,340,yes,no,cellular,13,may,262,1,349,1,failure,0,5.831882477283517
36,blue-collar,married,primary,no,828,no,no,cellular,13,may,1512,1,345,8,failure,1,6.720220155135295
45,entrepreneur,married,primary,no,58,yes,no,telephone,13,may,119,3,371,3,failure,0,4.07753744390572
24,student,single,secondary,no,493,yes,no,cellular,13,may,85,4,358,1,other,0,6.202535517187923
32,blue-collar,single,secondary,no,2137,no,no,cellular,13,may,423,1,349,1,failure,0,7.6676260915849905
50,blue-collar,married,primary,no,953,yes,no,cellular,13,may,315,1,364,2,failure,0,6.860663671448287
32,technician,married,tertiary,no,1503,yes,yes,cellular,13,may,44,1,278,2,failure,0,7.315883504509785
43,management,divorced,tertiary,no,497,no,no,cellular,13,may,66,1,363,22,failure,0,6.210600077024653
33,management,married,secondary,no,350,yes,no,cellular,13,may,205,1,350,2,failure,0,5.860786223465865
34,blue-collar,single,secondary,no,2764,yes,no,cellular,13,may,158,1,357,1,failure,0,7.9247959139564355
52,blue-collar,married,secondary,no,7180,yes,no,cellular,13,may,276,1,364,1,success,0,8.879193928110318
50,admin.,married,primary,no,246,yes,no,cellular,13,may,234,2,299,5,failure,0,5.5093883366279774
39,blue-collar,married,primary,no,3419,yes,no,cellular,13,may,155,1,327,5,failure,0,8.13739583005665
27,blue-collar,divorced,secondary,no,0,yes,no,telephone,13,may,363,1,359,3,failure,0,0.0
42,blue-collar,single,secondary,no,1080,yes,yes,cellular,13,may,951,3,370,4,failure,1,6.985641817639208
50,housemaid,married,secondary,no,7317,yes,no,cellular,13,may,172,1,370,1,failure,0,8.898092345579153
39,management,married,tertiary,no,141,yes,no,cellular,13,may,788,2,331,6,other,0,4.955827057601261
27,student,single,secondary,no,268,yes,no,cellular,13,may,528,1,358,2,failure,0,5.594711379601839
38,admin.,single,secondary,no,18,no,no,cellular,13,may,296,1,366,6,failure,0,2.9444389791664403
35,blue-collar,married,secondary,no,247,yes,yes,cellular,13,may,114,1,352,5,failure,0,5.5134287461649825
35,admin.,married,secondary,no,34,yes,no,cellular,13,may,249,2,365,3,failure,0,3.5553480614894135
52,blue-collar,married,secondary,no,33,no,yes,cellular,13,may,204,1,331,3,success,0,3.5263605246161616
36,services,married,primary,no,413,yes,no,telephone,13,may,60,1,176,1,failure,0,6.025865973825314
42,entrepreneur,married,primary,no,759,yes,no,telephone,13,may,80,1,343,10,failure,0,6.633318433280377
37,management,married,tertiary,no,596,yes,no,cellular,13,may,281,1,345,2,failure,0,6.391917113392602
29,management,single,tertiary,no,0,yes,no,cellular,13,may,155,1,351,1,failure,0,0.0
28,technician,single,secondary,no,584,yes,no,cellular,13,may,354,1,370,2,failure,0,6.371611847231857
32,blue-collar,married,secondary,no,1779,yes,no,cellular,13,may,191,1,342,2,failure,0,7.484368643286131
35,blue-collar,married,secondary,no,577,no,no,cellular,13,may,55,1,364,1,failure,0,6.359573868672378
50,management,married,secondary,no,42,yes,no,cellular,13,may,85,2,265,4,other,0,3.7612001156935624
41,blue-collar,married,secondary,no,121,yes,no,cellular,13,may,16,6,176,5,other,0,4.804021044733257
40,blue-collar,divorced,primary,no,54,yes,no,cellular,13,may,10,5,362,3,other,0,4.007333185232471
40,blue-collar,married,secondary,no,1023,yes,no,cellular,13,may,64,5,336,11,other,0,6.931471805599453
36,blue-collar,married,primary,no,1993,yes,yes,cellular,13,may,174,1,359,2,other,0,7.597897950521784
31,admin.,single,secondary,no,387,yes,no,cellular,13,may,228,2,370,1,failure,0,5.961005339623274
39,admin.,married,secondary,no,145,yes,yes,cellular,13,may,337,3,330,6,other,0,4.983606621708336
32,unemployed,married,primary,no,309,yes,no,telephone,13,may,185,1,370,3,failure,0,5.736572297479192
44,blue-collar,married,primary,no,186,yes,no,cellular,13,may,152,1,370,1,failure,0,5.231108616854587
32,management,single,secondary,no,-119,yes,no,cellular,13,may,231,1,370,1,other,0,0.0
44,blue-collar,married,secondary,no,1311,yes,no,cellular,13,may,184,1,364,1,failure,0,7.179307969504034
35,blue-collar,married,primary,no,455,yes,no,cellular,13,may,573,7,327,3,failure,0,6.1224928095143865
31,management,married,tertiary,no,623,yes,no,cellular,13,may,96,2,349,5,failure,0,6.436150368369428
37,management,married,tertiary,no,1852,no,no,cellular,13,may,117,2,370,1,failure,0,7.52456122628536
44,blue-collar,divorced,primary,no,25,yes,no,cellular,13,may,201,1,344,7,failure,0,3.258096538021482
40,self-employed,married,primary,no,2077,yes,no,cellular,13,may,363,1,173,24,other,0,7.639161171659173
48,blue-collar,married,secondary,no,-85,yes,no,cellular,13,may,56,1,343,1,other,0,0.0
43,blue-collar,married,secondary,no,171,yes,no,cellular,13,may,96,1,364,1,failure,0,5.147494476813453
25,technician,single,tertiary,no,1954,yes,yes,cellular,13,may,66,1,351,1,failure,0,7.578145472419466
53,admin.,married,secondary,no,8892,yes,no,cellular,13,may,177,1,174,1,failure,0,9.09301972939964
34,management,single,tertiary,no,76,yes,no,cellular,13,may,747,2,371,3,failure,1,4.343805421853684
47,management,divorced,tertiary,no,-49,yes,no,cellular,13,may,14,6,327,23,failure,0,0.0
36,blue-collar,divorced,secondary,no,52,yes,no,cellular,13,may,152,1,348,1,failure,0,3.970291913552122
50,blue-collar,married,primary,no,216,yes,no,telephone,13,may,137,1,369,2,failure,0,5.37989735354046
51,blue-collar,married,primary,no,3185,yes,no,cellular,13,may,154,1,174,2,failure,0,8.066521490469993
28,housemaid,married,secondary,yes,65,yes,yes,cellular,13,may,165,1,300,1,failure,0,4.189654742026425
47,blue-collar,married,primary,no,-287,yes,no,cellular,13,may,201,1,348,3,failure,0,0.0
32,services,married,secondary,no,28,yes,no,cellular,13,may,88,1,370,1,failure,0,3.367295829986474
37,management,single,tertiary,no,1339,yes,no,cellular,13,may,96,6,173,4,other,0,7.200424892944957
36,technician,married,secondary,no,55,yes,no,cellular,13,may,38,2,369,4,failure,0,4.02535169073515
45,blue-collar,married,secondary,no,192,yes,no,cellular,13,may,154,5,176,1,other,0,5.262690188904886
31,blue-collar,married,primary,no,1127,yes,no,telephone,13,may,43,1,349,1,failure,0,7.028201432058005
35,services,single,secondary,no,143,yes,yes,cellular,13,may,68,1,369,2,other,0,4.969813299576001
59,management,married,secondary,no,771,no,no,telephone,13,may,125,2,370,3,failure,0,6.648984550024776
36,management,married,tertiary,no,481,yes,no,cellular,13,may,215,1,175,3,failure,0,6.1779441140506
32,management,single,secondary,no,416,yes,no,cellular,13,may,290,1,176,2,failure,0,6.0330862217988015
38,blue-collar,single,secondary,no,3344,yes,no,cellular,13,may,143,1,352,5,failure,0,8.11522197256233
40,services,married,secondary,no,-378,yes,yes,cellular,13,may,541,1,295,6,failure,0,0.0
34,blue-collar,married,secondary,no,7063,yes,no,cellular,13,may,309,1,350,9,failure,0,8.862766742283796
37,blue-collar,married,secondary,no,0,yes,no,cellular,13,may,54,1,300,1,failure,0,0.0
30,services,divorced,secondary,no,341,yes,no,cellular,13,may,54,1,174,1,success,0,5.834810737062605
41,admin.,married,secondary,no,158,yes,no,cellular,13,may,426,1,50,2,failure,0,5.0689042022202315
44,blue-collar,divorced,secondary,no,338,yes,no,cellular,13,may,133,1,370,1,failure,0,5.82600010738045
33,services,married,secondary,no,162,yes,no,cellular,13,may,135,1,364,2,failure,0,5.093750200806762
30,admin.,married,secondary,no,396,yes,no,cellular,13,may,366,3,348,2,failure,1,5.983936280687191
32,services,married,secondary,no,1670,no,no,cellular,13,may,223,1,299,2,failure,0,7.421177528595393
37,housemaid,divorced,secondary,no,1040,yes,no,cellular,13,may,199,1,173,2,failure,0,6.947937068614969
47,blue-collar,married,primary,no,-169,no,yes,cellular,13,may,234,1,349,3,failure,0,0.0
43,self-employed,divorced,secondary,no,484,yes,no,cellular,13,may,180,2,173,6,failure,0,6.184148890937483
34,blue-collar,married,secondary,no,0,yes,no,cellular,13,may,68,4,357,3,success,0,0.0
59,blue-collar,married,primary,no,-91,yes,no,cellular,13,may,239,1,369,5,failure,0,0.0
56,management,divorced,primary,no,26,yes,no,cellular,13,may,194,4,359,2,other,0,3.295836866004329
37,blue-collar,married,secondary,no,513,yes,no,cellular,13,may,134,1,362,3,failure,0,6.2422232654551655
32,management,divorced,tertiary,no,1804,yes,no,cellular,13,may,122,1,355,1,failure,0,7.498315870766981
37,management,single,tertiary,no,0,yes,no,cellular,13,may,109,1,344,1,failure,0,0.0
37,blue-collar,married,secondary,no,198,yes,no,cellular,13,may,156,5,369,2,failure,0,5.293304824724492
30,blue-collar,married,primary,no,236,yes,no,cellular,13,may,44,1,364,1,failure,0,5.4680601411351315
40,services,divorced,secondary,no,282,yes,no,cellular,13,may,240,1,300,1,failure,0,5.645446897643238
31,blue-collar,married,secondary,no,1078,yes,no,cellular,13,may,248,1,330,3,other,0,6.983789965258135
44,management,single,secondary,no,-228,yes,yes,cellular,13,may,38,1,362,2,failure,0,0.0
27,entrepreneur,married,tertiary,no,79,yes,yes,cellular,13,may,201,1,369,3,failure,0,4.382026634673881
36,management,single,secondary,no,1331,yes,no,cellular,13,may,77,3,174,1,other,0,7.194436851100335
51,unemployed,married,secondary,no,-13,yes,no,cellular,13,may,361,1,364,1,failure,0,0.0
35,management,single,tertiary,no,1396,yes,no,cellular,13,may,809,1,300,1,failure,1,7.242082359256962
38,services,married,secondary,no,780,yes,no,cellular,13,may,262,1,343,5,failure,0,6.660575149839686
35,technician,married,secondary,no,1546,yes,no,cellular,13,may,156,1,174,4,failure,0,7.344072850573066
39,technician,married,secondary,no,4741,yes,no,cellular,13,may,166,1,338,10,failure,0,8.464214266625351
51,blue-collar,divorced,primary,no,-19,yes,no,cellular,13,may,829,1,296,11,failure,1,0.0
35,blue-collar,married,secondary,no,0,yes,yes,cellular,13,may,291,8,293,1,failure,0,0.0
35,blue-collar,married,secondary,no,328,yes,no,cellular,13,may,484,3,364,1,other,0,5.796057750765372
35,admin.,single,tertiary,no,153,yes,no,cellular,13,may,37,3,302,3,other,0,5.0369526024136295
31,blue-collar,married,secondary,no,295,yes,yes,cellular,13,may,193,3,344,1,other,0,5.69035945432406
43,blue-collar,divorced,secondary,no,47,yes,yes,cellular,13,may,163,2,370,1,failure,0,3.871201010907891
36,management,single,tertiary,no,181,yes,no,cellular,13,may,159,2,278,4,failure,0,5.204006687076795
55,management,married,primary,no,1691,yes,no,cellular,13,may,358,2,174,1,failure,0,7.433666540166168
34,blue-collar,married,secondary,no,467,yes,no,cellular,13,may,195,2,357,2,failure,0,6.148468295917647
44,management,divorced,tertiary,no,388,yes,no,telephone,13,may,246,2,370,2,success,0,5.963579343618446
40,blue-collar,married,secondary,no,125,yes,no,cellular,13,may,119,2,370,1,failure,0,4.836281906951478
33,entrepreneur,single,tertiary,no,1481,yes,no,cellular,13,may,172,3,173,1,other,0,7.301147805856032
44,blue-collar,married,tertiary,no,1371,no,no,cellular,13,may,788,3,363,4,other,0,7.22402480828583
33,management,divorced,tertiary,no,5550,yes,no,cellular,13,may,124,2,278,4,failure,0,8.621733370690162
47,admin.,divorced,tertiary,no,846,yes,no,cellular,13,may,85,2,370,2,failure,0,6.741700694652055
37,services,single,tertiary,no,72,yes,no,cellular,13,may,98,2,370,1,failure,0,4.290459441148391
51,blue-collar,divorced,secondary,no,581,yes,no,cellular,13,may,107,7,173,2,other,0,6.366470447731438
37,blue-collar,married,secondary,no,426,yes,no,cellular,13,may,323,3,345,3,failure,0,6.056784013228625
31,blue-collar,single,secondary,no,2194,no,no,cellular,13,may,275,2,357,1,other,0,7.693937325509272
44,management,married,tertiary,no,12392,yes,no,cellular,13,may,177,3,343,1,other,0,9.424887076064874
53,management,married,tertiary,no,-1112,yes,no,cellular,13,may,53,3,308,1,failure,0,0.0
33,blue-collar,married,primary,no,410,yes,no,cellular,13,may,396,2,355,2,failure,0,6.018593214496234
41,services,married,secondary,no,471,yes,no,cellular,13,may,954,2,293,4,success,1,6.156978985585555
26,admin.,single,secondary,no,96,yes,no,cellular,13,may,612,2,348,3,other,0,4.574710978503383
38,management,married,tertiary,no,0,yes,no,cellular,13,may,537,5,303,2,failure,0,0.0
57,management,divorced,tertiary,no,408,yes,no,cellular,13,may,402,2,351,1,failure,0,6.013715156042802
39,admin.,married,secondary,no,9618,yes,no,cellular,13,may,94,2,338,1,failure,0,9.171495588152615
47,admin.,married,secondary,no,642,yes,no,cellular,13,may,197,2,363,2,other,0,6.466144724237619
44,technician,single,secondary,no,33,yes,no,cellular,13,may,195,3,351,10,failure,0,3.5263605246161616
37,blue-collar,married,secondary,no,-308,yes,no,cellular,13,may,168,4,310,11,failure,0,0.0
45,blue-collar,married,secondary,no,577,yes,no,cellular,13,may,154,2,350,3,failure,0,6.359573868672378
37,services,married,secondary,no,1328,yes,no,telephone,13,may,121,2,341,4,failure,0,7.192182058713246
42,blue-collar,married,secondary,no,-336,yes,no,cellular,13,may,318,3,303,2,failure,0,0.0
35,technician,married,secondary,no,712,yes,yes,cellular,13,may,255,2,264,5,failure,0,6.569481420414296
39,management,single,tertiary,no,93,yes,yes,cellular,13,may,196,2,331,3,failure,0,4.543294782270004
60,management,divorced,secondary,no,0,yes,no,telephone,13,may,65,4,350,6,failure,0,0.0
47,blue-collar,married,primary,no,6150,yes,no,cellular,13,may,444,2,174,2,failure,0,8.724369949208368
32,blue-collar,married,secondary,no,210,yes,no,cellular,13,may,308,3,364,1,other,0,5.351858133476067
46,blue-collar,married,primary,no,5461,yes,no,cellular,13,may,562,2,174,2,success,0,8.60557030203365
50,technician,divorced,secondary,no,-54,yes,yes,cellular,13,may,698,2,292,1,failure,1,0.0
49,services,married,secondary,no,2409,yes,no,cellular,13,may,272,4,293,2,failure,0,7.787382026484701
39,blue-collar,married,primary,no,640,yes,no,cellular,13,may,220,4,370,2,other,0,6.46302945692067
31,admin.,single,secondary,no,507,yes,no,cellular,13,may,65,2,299,3,other,0,6.230481447578482
58,management,married,tertiary,no,4152,yes,no,cellular,13,may,76,7,13,6,success,0,8.331586243630754
57,blue-collar,married,secondary,no,25,yes,no,cellular,13,may,378,2,359,1,failure,0,3.258096538021482
46,management,married,tertiary,no,1103,yes,no,cellular,13,may,185,2,278,3,failure,0,7.00669522683704
42,management,divorced,tertiary,no,47,yes,no,cellular,13,may,222,2,370,1,failure,0,3.871201010907891
35,blue-collar,married,primary,no,445,yes,no,cellular,13,may,237,2,363,2,other,0,6.100318952020064
32,technician,single,secondary,no,271,yes,no,cellular,13,may,80,2,268,2,other,0,5.605802066295998
47,blue-collar,divorced,primary,no,409,yes,no,cellular,13,may,143,2,364,1,other,0,6.016157159698354
35,unemployed,single,secondary,no,9,yes,no,cellular,13,may,84,2,364,2,failure,0,2.302585092994046
42,management,married,tertiary,no,1162,yes,no,cellular,13,may,406,5,364,1,other,0,7.0587581525186645
45,technician,divorced,secondary,no,809,yes,no,cellular,13,may,155,2,363,4,failure,0,6.697034247666484
51,services,married,secondary,no,107,yes,no,telephone,13,may,99,2,369,4,failure,0,4.68213122712422
34,blue-collar,single,secondary,no,39,no,no,cellular,13,may,254,2,299,3,failure,0,3.6888794541139363
51,blue-collar,married,primary,no,1203,yes,yes,telephone,13,may,25,4,350,7,failure,0,7.093404625868766
40,blue-collar,married,primary,no,104,yes,no,cellular,13,may,277,2,343,2,failure,0,4.653960350157523
37,admin.,married,secondary,no,68,yes,yes,cellular,13,may,151,2,351,1,failure,0,4.23410650459726
36,blue-collar,married,primary,no,38,yes,yes,cellular,13,may,285,2,335,1,other,0,3.6635616461296463
42,blue-collar,married,primary,no,21,yes,no,cellular,13,may,383,5,288,11,other,0,3.091042453358316
52,management,married,tertiary,no,0,yes,no,telephone,13,may,179,3,257,6,other,0,0.0
55,retired,married,secondary,no,1279,yes,no,cellular,13,may,446,3,357,8,other,0,7.154615356913663
39,blue-collar,married,secondary,no,0,yes,no,cellular,13,may,513,3,176,2,failure,0,0.0
42,services,married,secondary,no,108,yes,yes,cellular,13,may,225,2,365,7,failure,0,4.6913478822291435
32,blue-collar,married,secondary,no,335,yes,no,cellular,13,may,240,3,370,1,failure,0,5.817111159963204
35,blue-collar,married,primary,no,298,yes,no,cellular,13,may,135,2,370,2,failure,0,5.700443573390687
33,technician,married,secondary,no,668,yes,yes,cellular,13,may,771,2,173,4,other,0,6.505784060128229
40,blue-collar,married,primary,no,830,yes,no,cellular,13,may,873,3,370,2,failure,1,6.7226297948554485
55,technician,married,tertiary,no,639,yes,no,telephone,13,may,992,5,370,3,other,0,6.461468176353717
31,services,single,secondary,no,1510,yes,no,cellular,13,may,72,4,176,1,failure,0,7.32052696227274
38,unemployed,single,secondary,no,1354,yes,no,cellular,13,may,364,2,343,4,failure,0,7.2115567333138015
49,entrepreneur,married,tertiary,no,4976,yes,no,cellular,13,may,36,9,173,1,failure,0,8.512582578858554
29,blue-collar,single,primary,no,1768,yes,no,cellular,13,may,426,3,344,1,other,0,7.478169694159785
35,technician,married,secondary,no,-255,yes,no,cellular,13,may,196,3,265,2,failure,0,0.0
32,blue-collar,married,secondary,no,-446,no,no,cellular,13,may,126,2,344,1,failure,0,0.0
42,services,divorced,secondary,no,83,no,no,cellular,13,may,300,5,358,6,failure,0,4.430816798843313
35,services,divorced,secondary,no,78,yes,no,telephone,13,may,630,3,371,3,failure,0,4.3694478524670215
47,services,single,secondary,no,897,yes,no,telephone,13,may,48,4,176,2,failure,0,6.8001700683022
28,blue-collar,single,secondary,no,5,yes,no,cellular,14,may,178,2,360,3,failure,0,1.791759469228055
26,services,single,tertiary,no,130,yes,no,cellular,14,may,24,7,302,1,failure,0,4.875197323201151
31,management,married,tertiary,no,22546,yes,no,cellular,14,may,8,6,267,4,failure,0,10.023357298386513
32,blue-collar,married,secondary,no,822,yes,no,cellular,14,may,19,8,366,6,failure,0,6.71295620067707
33,management,married,secondary,no,-224,yes,no,cellular,14,may,152,2,259,8,other,0,0.0
30,blue-collar,single,secondary,no,348,yes,no,cellular,14,may,14,3,358,1,other,0,5.855071922202427
28,admin.,single,secondary,no,20,yes,no,cellular,14,may,17,5,370,4,other,0,3.044522437723423
47,admin.,married,secondary,no,120,yes,no,telephone,14,may,18,6,365,11,failure,0,4.795790545596741
46,blue-collar,married,secondary,no,2836,yes,no,cellular,14,may,13,7,358,7,other,0,7.950502434808851
45,blue-collar,single,secondary,yes,0,yes,no,cellular,14,may,17,7,287,13,other,0,0.0
39,management,married,tertiary,no,0,yes,no,cellular,14,may,11,15,261,38,failure,0,0.0
44,services,divorced,secondary,no,206,yes,no,cellular,14,may,78,1,365,1,failure,0,5.332718793265369
44,services,divorced,secondary,no,130,yes,no,cellular,14,may,263,1,371,1,failure,0,4.875197323201151
36,admin.,divorced,secondary,no,437,yes,no,cellular,14,may,722,2,344,1,success,1,6.082218910376446
33,management,single,secondary,no,1615,yes,no,cellular,14,may,178,8,174,3,failure,0,7.38770923908104
49,technician,married,secondary,no,-205,yes,yes,cellular,14,may,6,6,309,1,failure,0,0.0
34,blue-collar,married,secondary,no,529,yes,no,cellular,14,may,325,1,351,3,failure,0,6.272877006546167
55,self-employed,married,secondary,no,203,yes,no,telephone,14,may,9,5,174,12,other,0,5.318119993844216
33,admin.,single,secondary,no,223,yes,yes,cellular,14,may,15,11,352,4,failure,0,5.4116460518550396
27,blue-collar,married,secondary,no,1028,yes,yes,cellular,14,may,580,1,329,1,failure,0,6.9363427358340495
26,blue-collar,single,primary,no,619,yes,yes,cellular,14,may,720,1,352,1,failure,0,6.429719478039138
33,services,single,secondary,no,100,yes,no,cellular,14,may,11,8,297,7,other,0,4.61512051684126
28,blue-collar,single,primary,no,54,yes,no,cellular,14,may,533,1,371,1,other,1,4.007333185232471
37,services,divorced,secondary,no,241,yes,no,cellular,14,may,189,1,371,1,failure,0,5.488937726156687
31,services,married,secondary,no,179,yes,no,cellular,14,may,365,1,351,1,failure,0,5.19295685089021
39,technician,married,secondary,no,133,yes,no,cellular,14,may,84,4,352,4,other,0,4.897839799950911
32,technician,single,tertiary,no,13711,yes,no,cellular,14,may,638,1,175,3,success,0,9.52602664083756
52,management,married,secondary,no,2216,yes,yes,cellular,14,may,161,1,332,8,failure,0,7.7039102096163115
32,admin.,single,secondary,no,-133,yes,no,cellular,14,may,119,1,352,2,failure,0,0.0
35,blue-collar,divorced,secondary,no,-566,yes,no,cellular,14,may,151,2,353,2,failure,0,0.0
39,blue-collar,married,secondary,no,49,yes,no,cellular,14,may,566,1,370,2,failure,0,3.912023005428146
31,admin.,single,secondary,no,1270,yes,no,cellular,14,may,291,1,364,1,other,0,7.147559271189454
29,admin.,single,secondary,no,25,yes,no,cellular,14,may,244,1,343,2,failure,0,3.258096538021482
31,blue-collar,married,secondary,no,125,yes,no,cellular,14,may,201,1,350,2,failure,0,4.836281906951478
31,blue-collar,single,tertiary,no,328,yes,no,cellular,14,may,414,1,175,1,failure,0,5.796057750765372
31,blue-collar,married,primary,no,554,yes,no,cellular,14,may,317,1,352,5,failure,0,6.318968113746434
44,blue-collar,married,secondary,no,500,yes,no,cellular,14,may,86,2,304,2,failure,0,6.2166061010848646
32,blue-collar,married,secondary,no,1914,yes,no,cellular,14,may,532,1,358,1,failure,0,7.557472901614746
46,technician,married,tertiary,no,217,yes,no,cellular,14,may,141,1,346,2,other,0,5.384495062789089
46,management,divorced,tertiary,no,225,yes,no,cellular,14,may,201,1,345,1,other,0,5.420534999272286
38,admin.,married,secondary,no,66,yes,no,cellular,14,may,51,1,365,7,failure,0,4.204692619390966
38,technician,single,tertiary,no,744,yes,no,cellular,14,may,283,1,288,12,other,0,6.61338421837956
36,self-employed,married,tertiary,no,307,yes,no,cellular,14,may,341,1,330,2,other,0,5.730099782973574
36,admin.,divorced,secondary,no,869,yes,no,cellular,14,may,102,1,350,1,failure,0,6.76849321164863
38,services,divorced,secondary,no,6182,yes,no,cellular,14,may,484,3,177,1,other,0,8.729558869558568
33,management,single,tertiary,no,5145,yes,no,cellular,14,may,338,1,175,2,other,0,8.545974992841689
43,blue-collar,married,secondary,no,117,yes,no,cellular,14,may,73,1,370,1,failure,0,4.770684624465665
56,blue-collar,married,primary,no,828,yes,no,cellular,14,may,214,1,349,1,failure,0,6.720220155135295
49,management,married,tertiary,no,85,yes,no,cellular,14,may,590,5,359,1,other,1,4.454347296253507
26,admin.,single,secondary,no,66,yes,no,cellular,14,may,451,1,339,3,failure,0,4.204692619390966
31,self-employed,single,tertiary,no,17924,yes,no,cellular,14,may,745,1,174,3,failure,1,9.793951665467821
55,blue-collar,divorced,primary,no,8180,no,no,cellular,14,may,854,2,360,1,failure,1,9.009569671513699
39,services,married,secondary,no,20928,no,no,cellular,14,may,1166,1,352,1,other,0,9.948891035989977
44,admin.,single,secondary,no,275,yes,no,cellular,14,may,7,5,367,4,failure,0,5.62040086571715
37,technician,married,secondary,no,720,yes,no,cellular,14,may,365,6,36,3,failure,0,6.580639137284949
40,unemployed,married,secondary,no,270,yes,no,cellular,14,may,255,2,345,1,failure,0,5.602118820879701
40,technician,married,tertiary,no,253,yes,no,cellular,14,may,377,4,280,2,other,0,5.537334267018537
43,management,married,primary,no,62,yes,no,cellular,14,may,133,1,300,3,failure,0,4.143134726391533
35,admin.,married,secondary,no,3863,yes,no,cellular,14,may,125,1,175,1,failure,0,8.259458195332408
35,management,single,tertiary,no,-146,yes,no,cellular,14,may,279,1,266,1,failure,0,0.0
35,blue-collar,single,secondary,no,4963,yes,no,cellular,14,may,456,1,300,1,failure,1,8.509967146324497
31,admin.,married,secondary,no,8781,yes,no,cellular,14,may,680,1,177,1,success,1,9.080459451121662
28,blue-collar,married,secondary,no,373,yes,no,cellular,14,may,10,9,344,1,failure,0,5.924255797414532
29,admin.,married,secondary,no,6429,yes,yes,cellular,14,may,535,1,352,2,failure,0,8.768729817231666
38,technician,single,secondary,no,1211,yes,no,cellular,14,may,498,1,358,1,success,0,7.10002716662926
53,services,divorced,primary,no,146,yes,no,cellular,14,may,149,1,370,1,failure,0,4.990432586778736
50,blue-collar,married,secondary,no,-581,yes,no,cellular,14,may,877,2,345,5,failure,0,0.0
48,admin.,divorced,secondary,no,-407,yes,no,cellular,14,may,210,2,352,1,failure,0,0.0
54,retired,married,secondary,no,1139,yes,no,cellular,14,may,155,1,177,7,failure,0,7.038783541388542
34,management,married,tertiary,no,902,yes,no,cellular,14,may,159,1,367,2,other,0,6.805722553416985
31,blue-collar,single,secondary,no,183,yes,no,cellular,14,may,258,1,300,1,success,0,5.214935757608986
55,management,married,primary,no,366,yes,no,cellular,14,may,161,1,364,1,failure,0,5.905361848054571
39,management,married,tertiary,no,1738,yes,no,cellular,14,may,633,1,358,1,other,1,7.461065514354283
29,management,single,tertiary,no,21,yes,no,cellular,14,may,107,4,371,3,failure,0,3.091042453358316
48,blue-collar,married,primary,no,214,yes,yes,cellular,14,may,307,1,177,2,failure,1,5.3706380281276624
42,blue-collar,single,primary,no,22,yes,no,cellular,14,may,116,4,365,1,failure,0,3.1354942159291497
25,student,single,secondary,no,963,yes,no,telephone,14,may,230,4,301,1,failure,0,6.871091294610546
55,retired,married,secondary,no,785,yes,no,cellular,14,may,47,1,370,2,failure,0,6.666956792429207
42,entrepreneur,married,secondary,no,718,yes,no,cellular,14,may,201,2,365,2,failure,0,6.577861357721047
33,blue-collar,married,secondary,no,687,yes,no,cellular,14,may,72,2,370,1,failure,0,6.5337888379333435
30,admin.,single,secondary,no,43,yes,no,cellular,14,may,91,1,370,2,failure,0,3.784189633918261
40,blue-collar,married,primary,no,3705,yes,no,cellular,14,may,23,1,332,1,failure,0,8.217708406845306
28,technician,single,tertiary,no,375,yes,no,cellular,14,may,43,1,350,1,other,0,5.929589143389895
30,blue-collar,married,secondary,no,15,yes,yes,cellular,14,may,524,1,370,2,failure,0,2.772588722239781
48,management,divorced,tertiary,no,541,yes,no,cellular,14,may,72,1,363,2,other,0,6.295266001439646
46,blue-collar,married,secondary,no,431,yes,no,cellular,14,may,157,4,367,1,failure,0,6.068425588244111
60,blue-collar,married,secondary,no,1407,yes,no,cellular,14,may,112,1,370,1,failure,0,7.249925536717988
34,blue-collar,married,secondary,no,175,yes,no,cellular,14,may,50,2,364,2,failure,0,5.170483995038151
41,blue-collar,single,secondary,no,1880,no,yes,cellular,14,may,35,1,356,10,other,0,7.53955882930103
33,blue-collar,single,secondary,no,142,yes,no,cellular,14,may,123,1,360,3,other,0,4.962844630259907
30,blue-collar,married,secondary,no,-97,yes,yes,cellular,14,may,255,1,356,1,other,0,0.0
29,management,married,secondary,no,231,no,no,cellular,14,may,1075,1,14,1,failure,1,5.44673737166631
35,management,married,tertiary,no,1212,yes,no,cellular,14,may,235,1,352,1,other,0,7.10085190894405
37,technician,divorced,secondary,no,5957,yes,no,cellular,14,may,64,3,177,2,failure,0,8.692490133273228
41,blue-collar,married,secondary,no,580,yes,no,cellular,14,may,874,1,363,1,failure,1,6.364750756851911
31,technician,single,secondary,no,7567,no,no,cellular,14,may,287,1,276,2,failure,0,8.931684110731714
51,blue-collar,single,secondary,no,708,yes,no,telephone,14,may,391,1,364,1,failure,0,6.5638555265321274
46,housemaid,single,secondary,no,198,yes,no,cellular,14,may,93,1,350,1,other,0,5.293304824724492
57,services,married,secondary,no,0,yes,no,cellular,14,may,16,9,282,3,other,0,0.0
26,technician,single,tertiary,no,468,yes,no,cellular,14,may,221,2,364,1,failure,0,6.150602768446279
47,admin.,married,secondary,no,1934,no,yes,cellular,14,may,225,1,364,1,failure,0,7.5678626054638825
36,management,married,secondary,no,1825,yes,no,cellular,14,may,24,1,346,1,failure,0,7.509883061154913
36,technician,single,secondary,no,-206,yes,no,cellular,14,may,419,1,360,4,failure,0,0.0
30,blue-collar,single,secondary,no,-177,yes,no,cellular,14,may,87,1,345,2,other,0,0.0
42,entrepreneur,married,tertiary,no,171,yes,no,cellular,14,may,135,1,176,5,failure,0,5.147494476813453
45,entrepreneur,married,primary,no,276,yes,yes,cellular,14,may,586,1,364,1,failure,0,5.6240175061873385
34,management,married,tertiary,no,273,yes,no,cellular,14,may,492,1,175,2,failure,1,5.6131281063880705
43,technician,single,tertiary,no,275,yes,no,telephone,14,may,151,2,360,1,other,0,5.62040086571715
39,blue-collar,married,secondary,no,-220,yes,no,cellular,14,may,282,1,352,2,failure,0,0.0
33,blue-collar,married,secondary,no,245,yes,no,cellular,14,may,437,2,370,8,other,0,5.5053315359323625
33,blue-collar,single,primary,no,60,yes,no,cellular,14,may,74,1,290,2,failure,0,4.110873864173311
33,management,single,tertiary,no,-149,yes,no,cellular,14,may,111,1,296,3,failure,0,0.0
33,technician,single,secondary,no,287,yes,no,cellular,14,may,97,1,358,8,failure,0,5.662960480135946
31,technician,single,secondary,no,23,yes,no,cellular,14,may,97,1,370,1,failure,0,3.1780538303479458
44,housemaid,married,primary,no,1342,yes,yes,telephone,14,may,112,2,370,2,failure,0,7.202661196523238
53,management,married,tertiary,no,261,yes,no,telephone,14,may,154,2,336,2,failure,0,5.568344503761097
36,self-employed,divorced,tertiary,no,1354,yes,no,cellular,14,may,1723,1,356,2,success,1,7.2115567333138015
35,student,divorced,primary,no,2755,yes,no,cellular,14,may,177,2,345,3,other,0,7.9215356321335495
43,blue-collar,married,primary,no,533,yes,no,cellular,14,may,246,2,370,1,other,0,6.280395838960195
52,management,divorced,tertiary,no,482,yes,no,cellular,14,may,162,4,365,1,failure,0,6.180016653652572
42,housemaid,single,primary,no,1179,yes,no,cellular,14,may,136,1,337,4,failure,0,7.07326971745971
39,blue-collar,single,secondary,no,0,yes,no,cellular,14,may,9,10,330,10,other,0,0.0
48,blue-collar,divorced,secondary,no,65,yes,no,cellular,14,may,146,1,370,1,failure,0,4.189654742026425
33,blue-collar,married,secondary,no,249,yes,no,cellular,14,may,7,7,287,4,failure,0,5.521460917862246
28,technician,married,secondary,no,58,yes,no,cellular,14,may,16,6,351,1,failure,0,4.07753744390572
35,services,divorced,secondary,no,221,yes,no,cellular,14,may,150,1,360,1,failure,0,5.402677381872279
27,blue-collar,married,secondary,no,-330,yes,yes,cellular,14,may,88,1,353,2,failure,0,0.0
34,admin.,married,secondary,no,774,yes,yes,cellular,14,may,163,1,175,6,other,0,6.652863029353347
45,blue-collar,married,secondary,no,87,yes,no,cellular,14,may,96,1,360,3,failure,0,4.477336814478207
34,management,single,tertiary,no,28,yes,no,cellular,14,may,175,1,358,2,failure,0,3.367295829986474
38,management,married,tertiary,no,89,yes,no,cellular,14,may,71,1,360,10,failure,0,4.499809670330265
23,housemaid,single,secondary,no,650,yes,no,cellular,14,may,136,1,367,4,failure,0,6.478509642208569
56,blue-collar,married,secondary,no,-256,yes,yes,cellular,14,may,92,1,370,2,failure,0,0.0
36,technician,single,tertiary,no,0,yes,no,cellular,14,may,155,2,303,3,other,0,0.0
39,blue-collar,single,primary,no,-100,yes,no,cellular,14,may,159,1,358,2,failure,0,0.0
25,student,single,tertiary,no,938,yes,no,cellular,14,may,36,1,352,1,other,0,6.844815479208263
35,management,single,tertiary,no,478,yes,no,cellular,14,may,107,1,265,2,failure,0,6.171700597410915
47,blue-collar,married,primary,no,881,yes,no,cellular,14,may,143,1,370,2,failure,0,6.782192056006791
46,blue-collar,married,secondary,no,130,yes,no,cellular,14,may,106,1,349,1,failure,0,4.875197323201151
32,technician,married,tertiary,no,15,no,no,cellular,14,may,226,1,346,1,failure,0,2.772588722239781
25,admin.,single,secondary,no,1235,yes,yes,cellular,14,may,64,1,349,3,failure,0,7.119635638017636
28,blue-collar,married,tertiary,no,335,yes,no,cellular,14,may,256,1,322,3,success,0,5.817111159963204
47,blue-collar,single,primary,no,133,yes,no,cellular,14,may,285,1,330,3,other,0,4.897839799950911
42,blue-collar,divorced,primary,no,1563,yes,no,cellular,14,may,164,2,364,1,failure,0,7.355001921105257
43,services,married,primary,no,2567,yes,no,cellular,14,may,109,1,360,2,failure,0,7.850882664809852
35,blue-collar,divorced,secondary,no,336,yes,no,cellular,14,may,191,1,346,2,failure,1,5.820082930352362
32,management,single,tertiary,no,499,yes,no,cellular,14,may,182,1,339,2,failure,0,6.214608098422191
40,retired,single,primary,no,-79,no,no,cellular,14,may,396,1,370,1,failure,0,0.0
35,technician,married,secondary,no,222,yes,no,cellular,14,may,165,5,177,7,failure,0,5.407171771460119
36,services,single,secondary,no,-267,yes,no,cellular,14,may,99,7,352,1,failure,0,0.0
33,technician,married,secondary,no,318,yes,no,cellular,14,may,108,4,342,14,other,0,5.765191102784844
31,management,single,tertiary,no,0,yes,yes,cellular,14,may,117,3,352,3,failure,0,0.0
29,admin.,single,secondary,no,891,yes,no,cellular,14,may,172,2,352,1,failure,0,6.79346613258001
40,blue-collar,married,primary,no,105,yes,no,cellular,14,may,143,2,370,2,failure,0,4.663439094112067
35,blue-collar,single,primary,no,246,no,no,cellular,14,may,157,2,345,5,failure,0,5.5093883366279774
53,management,married,tertiary,no,-388,yes,no,cellular,14,may,111,3,356,1,other,0,0.0
37,blue-collar,married,secondary,no,561,yes,no,cellular,14,may,632,1,339,2,failure,0,6.331501849893691
40,management,single,tertiary,no,2258,yes,no,cellular,14,may,115,3,287,2,failure,0,7.7226775164680035
57,blue-collar,single,primary,no,739,yes,no,cellular,14,may,172,2,364,1,failure,0,6.606650186198215
31,blue-collar,single,secondary,no,953,yes,no,cellular,14,may,479,1,346,2,success,1,6.860663671448287
42,services,single,secondary,no,0,yes,no,cellular,14,may,67,7,177,1,other,0,0.0
42,services,divorced,secondary,no,11177,yes,no,cellular,14,may,229,6,373,1,other,0,9.321702839829644
43,blue-collar,married,primary,no,479,yes,no,cellular,14,may,293,2,370,2,failure,0,6.173786103901937
52,technician,married,tertiary,no,136,yes,no,telephone,14,may,46,2,287,10,other,0,4.919980925828125
38,blue-collar,married,secondary,no,1407,yes,no,cellular,14,may,169,3,174,7,failure,0,7.249925536717988
49,blue-collar,married,secondary,no,1039,yes,no,cellular,14,may,156,2,178,1,failure,0,6.946975992135418
59,blue-collar,married,primary,no,5788,no,no,cellular,14,may,56,2,350,2,failure,0,8.663714844079005
33,blue-collar,married,secondary,no,43,yes,no,cellular,14,may,332,2,358,2,failure,0,3.784189633918261
32,blue-collar,single,secondary,yes,-575,yes,no,cellular,14,may,24,6,346,9,failure,0,0.0
38,services,married,secondary,no,7708,yes,no,cellular,14,may,218,4,331,3,other,0,8.950143756459262
43,blue-collar,married,primary,no,18,yes,no,cellular,14,may,131,2,370,3,other,0,2.9444389791664403
33,blue-collar,single,primary,no,405,yes,no,cellular,14,may,99,4,353,1,failure,0,6.0063531596017325
29,blue-collar,married,secondary,no,64,yes,no,cellular,14,may,444,2,366,3,failure,0,4.174387269895637
51,blue-collar,married,primary,no,354,yes,no,cellular,14,may,276,2,344,1,other,0,5.872117789475416
50,admin.,divorced,secondary,no,124,yes,yes,cellular,14,may,367,2,289,19,failure,0,4.8283137373023015
44,blue-collar,married,secondary,no,466,yes,yes,cellular,14,may,158,5,350,1,other,0,6.1463292576688975
33,technician,single,tertiary,no,2412,yes,no,cellular,14,may,91,1,356,2,other,0,7.7886260656250315
37,blue-collar,married,primary,no,2079,yes,yes,cellular,14,may,299,1,360,2,failure,0,7.640123172695364
27,technician,single,secondary,no,218,yes,no,cellular,14,may,1462,2,352,1,failure,0,5.389071729816501
38,blue-collar,married,secondary,no,1731,yes,yes,cellular,14,may,162,2,350,4,failure,0,7.4570320891223805
31,blue-collar,married,primary,no,392,yes,no,cellular,14,may,465,2,360,1,failure,0,5.973809611869261
27,technician,married,secondary,no,806,yes,no,cellular,14,may,304,2,332,21,failure,0,6.693323668269949
55,management,married,primary,no,338,yes,no,cellular,14,may,8,4,300,5,failure,0,5.82600010738045
43,blue-collar,married,secondary,no,30,no,no,cellular,14,may,60,5,371,2,failure,0,3.4339872044851463
31,management,married,tertiary,no,233,yes,no,cellular,14,may,241,2,365,10,failure,0,5.455321115357702
31,self-employed,married,secondary,no,581,yes,no,cellular,14,may,303,3,174,3,failure,0,6.366470447731438
38,blue-collar,divorced,primary,no,-258,yes,no,cellular,14,may,134,2,370,4,other,0,0.0
53,services,divorced,secondary,no,765,yes,no,cellular,14,may,959,3,174,7,other,1,6.641182169740591
41,technician,single,secondary,no,200,yes,no,cellular,14,may,353,6,373,2,failure,0,5.303304908059076
39,technician,single,secondary,no,-143,yes,no,cellular,14,may,93,2,349,7,failure,0,0.0
54,blue-collar,married,secondary,no,-135,yes,no,cellular,14,may,152,3,370,2,failure,0,0.0
35,blue-collar,married,primary,no,2212,yes,no,cellular,14,may,320,2,353,4,other,0,7.70210434005105
30,admin.,single,secondary,no,315,yes,no,cellular,14,may,884,3,346,4,failure,1,5.755742213586912
56,blue-collar,married,primary,no,309,yes,no,cellular,14,may,198,2,367,4,failure,0,5.736572297479192
35,technician,married,secondary,no,650,yes,no,cellular,14,may,241,2,349,2,failure,0,6.478509642208569
34,admin.,married,secondary,no,124,yes,no,telephone,14,may,604,4,366,2,other,1,4.8283137373023015
55,blue-collar,married,primary,no,-219,yes,no,telephone,14,may,427,2,364,4,failure,0,0.0
30,entrepreneur,single,tertiary,no,303,yes,no,cellular,14,may,176,2,365,4,failure,0,5.717027701406222
46,management,divorced,tertiary,no,24598,yes,no,cellular,14,may,118,4,374,3,failure,0,10.1104610706877
26,admin.,single,secondary,no,681,yes,no,cellular,14,may,336,2,322,3,failure,0,6.525029657843462
41,admin.,divorced,secondary,no,783,yes,yes,cellular,14,may,135,3,363,2,failure,0,6.664409020350408
41,blue-collar,single,primary,no,3237,no,no,cellular,14,may,240,3,363,4,other,0,8.08271113423758
35,blue-collar,married,secondary,no,911,yes,no,cellular,14,may,136,2,175,7,failure,0,6.815639990074331
36,blue-collar,married,primary,no,994,yes,no,cellular,14,may,154,2,356,8,success,0,6.902742737158593
41,admin.,single,secondary,no,3895,yes,no,cellular,14,may,305,3,296,11,other,0,8.267705664762426
47,blue-collar,married,primary,no,-169,yes,yes,cellular,14,may,172,2,310,1,failure,0,0.0
41,blue-collar,divorced,secondary,no,174,yes,no,cellular,14,may,367,2,297,1,other,0,5.1647859739235145
40,blue-collar,married,primary,no,2805,yes,no,cellular,14,may,173,6,353,23,failure,0,7.939515260662406
55,admin.,divorced,secondary,no,-288,yes,no,cellular,14,may,62,4,352,2,failure,0,0.0
33,blue-collar,married,primary,no,170,yes,yes,telephone,14,may,113,3,367,4,other,0,5.14166355650266
47,blue-collar,single,primary,no,355,yes,no,cellular,14,may,144,3,366,1,failure,0,5.87493073085203
33,blue-collar,married,secondary,no,331,yes,no,cellular,14,may,178,7,365,5,other,0,5.805134968916488
42,blue-collar,married,secondary,no,343,yes,no,telephone,14,may,33,7,365,7,failure,0,5.840641657373398
32,services,married,secondary,no,687,no,no,cellular,14,may,415,3,296,2,other,0,6.5337888379333435
32,admin.,single,secondary,no,45,yes,yes,cellular,14,may,908,3,344,7,other,0,3.828641396489095
31,student,single,tertiary,no,2030,yes,no,cellular,14,may,168,2,351,2,failure,0,7.616283561580385
49,blue-collar,married,primary,no,584,yes,no,telephone,14,may,167,6,365,1,failure,0,6.371611847231857
35,blue-collar,married,secondary,no,667,yes,no,cellular,14,may,10,5,324,27,other,0,6.504288173536645
46,blue-collar,married,primary,no,1291,yes,no,cellular,14,may,142,3,259,17,failure,0,7.163946684342547
33,blue-collar,married,secondary,no,686,yes,yes,telephone,14,may,30,6,343,12,other,0,6.532334292222349
48,blue-collar,married,primary,no,430,no,no,cellular,14,may,340,3,371,8,failure,0,6.066108090103747
39,blue-collar,single,secondary,no,522,yes,no,telephone,14,may,225,7,350,2,failure,0,6.259581464064923
42,services,married,secondary,no,154,yes,no,telephone,14,may,346,5,372,1,other,0,5.043425116919247
37,services,married,secondary,no,4954,yes,no,cellular,14,may,290,4,356,3,other,0,8.508152446764088
38,self-employed,married,secondary,no,215,yes,no,cellular,14,may,115,2,175,2,failure,0,5.375278407684165
42,blue-collar,married,primary,no,191,yes,no,telephone,14,may,382,3,371,1,failure,0,5.2574953720277815
29,blue-collar,married,secondary,no,59,yes,yes,cellular,14,may,100,3,356,2,failure,0,4.0943445622221
52,management,married,tertiary,no,751,no,no,cellular,14,may,165,4,371,5,failure,0,6.62273632394984
32,student,married,tertiary,no,744,yes,no,cellular,14,may,506,2,352,1,other,0,6.61338421837956
36,services,single,secondary,no,568,yes,no,cellular,15,may,140,3,364,2,failure,0,6.343880434126331
35,blue-collar,married,primary,no,-167,yes,no,cellular,15,may,195,3,359,1,failure,0,0.0
33,blue-collar,married,secondary,no,101,yes,no,cellular,15,may,235,2,361,4,failure,0,4.624972813284271
26,admin.,single,secondary,no,787,yes,no,cellular,15,may,68,2,371,1,failure,0,6.669498089857879
30,technician,divorced,tertiary,no,317,yes,no,cellular,15,may,165,3,294,5,failure,0,5.762051382780177
48,technician,divorced,secondary,no,168,yes,yes,cellular,15,may,100,2,361,1,other,0,5.1298987149230735
40,technician,married,tertiary,no,602,yes,no,cellular,15,may,145,4,360,7,failure,0,6.401917196727186
39,blue-collar,married,secondary,no,164,yes,no,telephone,15,may,26,6,373,2,failure,0,5.10594547390058
31,services,single,secondary,no,342,yes,no,cellular,15,may,117,5,366,7,other,0,5.8377304471659395
40,admin.,single,secondary,no,60,yes,no,cellular,15,may,460,3,352,6,other,0,4.110873864173311
33,technician,single,tertiary,no,109,yes,yes,telephone,15,may,12,4,176,3,other,0,4.700480365792417
50,blue-collar,married,primary,no,111,yes,no,telephone,15,may,8,6,366,1,other,0,4.718498871295094
39,services,single,secondary,no,7066,yes,no,cellular,15,may,667,3,357,3,other,1,8.863191340690854
42,services,married,secondary,no,146,yes,yes,cellular,15,may,670,4,346,1,failure,1,4.990432586778736
37,blue-collar,married,primary,no,357,yes,no,cellular,15,may,14,2,344,3,other,0,5.8805329864007
57,services,married,secondary,no,530,yes,no,telephone,15,may,10,7,360,7,failure,0,6.274762021241939
47,admin.,married,secondary,no,175,yes,no,cellular,15,may,236,4,262,7,failure,0,5.170483995038151
30,management,single,tertiary,no,872,yes,no,cellular,15,may,61,1,298,2,failure,0,6.771935555839602
42,blue-collar,married,secondary,no,680,yes,no,cellular,15,may,306,4,365,2,failure,0,6.523562306149512
30,technician,single,secondary,yes,28,yes,no,cellular,15,may,778,5,301,1,failure,0,3.367295829986474
27,blue-collar,married,primary,no,500,yes,no,cellular,15,may,16,6,365,6,failure,0,6.2166061010848646
32,services,married,secondary,no,-538,no,yes,cellular,15,may,233,1,353,1,failure,0,0.0
43,management,married,tertiary,no,28,yes,no,cellular,15,may,136,1,176,1,failure,0,3.367295829986474
35,blue-collar,married,secondary,no,253,yes,no,cellular,15,may,452,1,345,1,other,0,5.537334267018537
36,self-employed,single,tertiary,no,577,yes,no,cellular,15,may,33,1,298,1,failure,0,6.359573868672378
31,entrepreneur,single,secondary,no,0,yes,no,cellular,15,may,56,1,176,1,failure,0,0.0
28,technician,married,secondary,no,916,yes,no,cellular,15,may,191,1,371,2,other,0,6.821107472256465
28,services,married,secondary,no,511,yes,no,cellular,15,may,274,1,319,5,failure,0,6.238324625039508
44,blue-collar,single,primary,no,36,yes,no,cellular,15,may,551,1,371,2,failure,1,3.6109179126442243
25,admin.,married,secondary,no,541,yes,no,cellular,15,may,607,1,344,4,failure,0,6.295266001439646
34,blue-collar,divorced,secondary,no,176,yes,no,cellular,15,may,67,1,368,5,failure,0,5.176149732573829
21,blue-collar,married,primary,no,-172,yes,yes,cellular,15,may,409,1,361,3,failure,1,0.0
52,blue-collar,divorced,primary,no,-100,yes,no,cellular,15,may,7,4,340,15,other,0,0.0
47,blue-collar,divorced,secondary,no,1480,yes,no,cellular,15,may,144,1,365,1,failure,0,7.300472814267799
41,blue-collar,divorced,secondary,no,793,yes,no,cellular,15,may,123,1,365,1,failure,0,6.677083461247136
51,management,married,tertiary,no,0,yes,no,cellular,15,may,60,1,343,7,failure,0,0.0
34,blue-collar,married,secondary,no,-257,yes,no,cellular,15,may,160,1,368,4,failure,0,0.0
56,services,single,secondary,no,-40,yes,no,cellular,15,may,311,1,368,2,failure,1,0.0
23,blue-collar,single,primary,no,3198,yes,no,cellular,15,may,224,1,352,2,failure,0,8.070593539949519
33,management,single,tertiary,no,7419,yes,no,cellular,15,may,21,8,331,29,failure,0,8.911934336161426
33,technician,single,tertiary,no,849,yes,no,cellular,15,may,128,2,291,5,failure,0,6.745236349484363
57,management,married,tertiary,no,334,yes,no,cellular,15,may,169,2,365,2,failure,0,5.814130531825066
38,services,married,secondary,no,773,yes,no,cellular,15,may,198,1,359,1,other,0,6.651571873589727
26,services,married,secondary,no,77,yes,no,cellular,15,may,619,1,340,4,failure,1,4.356708826689592
35,blue-collar,single,primary,no,85,no,no,cellular,15,may,213,1,364,1,failure,0,4.454347296253507
31,admin.,married,secondary,no,122,yes,no,cellular,15,may,49,1,364,1,failure,0,4.812184355372417
39,blue-collar,married,secondary,no,1102,yes,no,cellular,15,may,124,1,357,3,failure,0,7.005789019253503
29,blue-collar,married,secondary,no,368,yes,no,cellular,15,may,345,1,310,7,failure,0,5.910796644040527
48,management,married,tertiary,yes,-13,yes,no,cellular,15,may,20,6,291,2,other,0,0.0
40,technician,married,secondary,no,192,yes,yes,cellular,15,may,16,8,351,5,failure,0,5.262690188904886
38,housemaid,divorced,tertiary,no,4312,no,no,cellular,15,may,67,4,175,6,failure,0,8.369388996647842
60,admin.,divorced,secondary,no,174,yes,no,cellular,15,may,241,1,364,1,failure,0,5.1647859739235145
42,blue-collar,single,primary,no,156,yes,no,telephone,15,may,7,4,371,5,failure,0,5.056245805348308
57,admin.,divorced,primary,no,179,yes,no,cellular,15,may,67,1,368,2,failure,0,5.19295685089021
34,management,single,tertiary,no,11350,yes,no,cellular,15,may,153,1,176,1,failure,0,9.337061124755339
35,blue-collar,divorced,secondary,no,286,yes,no,cellular,15,may,158,1,365,4,other,0,5.659482215759621
33,entrepreneur,married,secondary,no,1996,yes,no,cellular,15,may,72,2,178,1,failure,0,7.599401333415815
37,blue-collar,divorced,secondary,no,-59,yes,no,cellular,15,may,169,1,352,1,failure,0,0.0
34,management,single,tertiary,no,4782,yes,no,cellular,15,may,160,1,277,1,failure,0,8.472823243680297
33,services,divorced,secondary,no,1156,yes,no,cellular,15,may,612,1,177,2,failure,0,7.053585727193677
37,blue-collar,married,secondary,no,222,yes,no,cellular,15,may,7,6,357,1,failure,0,5.407171771460119
32,technician,single,tertiary,no,388,yes,no,cellular,15,may,58,1,266,2,failure,0,5.963579343618446
28,technician,single,secondary,no,769,yes,no,cellular,15,may,153,1,371,2,failure,0,6.646390514847729
50,blue-collar,married,primary,no,226,yes,no,cellular,15,may,98,1,330,5,failure,0,5.424950017481403
35,self-employed,married,primary,no,712,yes,no,cellular,15,may,192,1,347,3,failure,0,6.569481420414296
24,blue-collar,single,primary,no,145,yes,no,cellular,15,may,520,1,345,1,failure,0,4.983606621708336
31,blue-collar,married,primary,no,290,yes,no,cellular,15,may,148,1,291,3,failure,0,5.673323267171493
32,blue-collar,divorced,secondary,no,91,yes,no,cellular,15,may,119,2,351,12,other,0,4.5217885770490405
35,blue-collar,married,primary,no,22,yes,no,cellular,15,may,1190,2,302,2,other,1,3.1354942159291497
33,self-employed,married,secondary,no,217,yes,yes,cellular,15,may,132,5,304,5,failure,0,5.384495062789089
27,blue-collar,married,secondary,no,484,yes,no,cellular,15,may,210,1,361,2,failure,0,6.184148890937483
43,services,married,secondary,no,-1,yes,no,cellular,15,may,51,1,311,2,failure,0,0.0
36,technician,single,tertiary,no,391,yes,no,cellular,15,may,185,1,350,8,failure,0,5.971261839790462
28,blue-collar,married,secondary,no,-42,yes,no,cellular,15,may,192,1,364,3,other,0,0.0
31,blue-collar,single,secondary,no,178,yes,no,cellular,15,may,415,1,360,5,failure,0,5.187385805840755
31,technician,single,tertiary,no,699,yes,no,cellular,15,may,282,4,277,4,failure,0,6.551080335043404
47,services,married,secondary,no,1474,yes,no,cellular,15,may,77,1,368,3,failure,0,7.29641326877392
28,admin.,single,secondary,no,154,yes,no,cellular,15,may,536,1,364,1,other,1,5.043425116919247
30,admin.,single,secondary,yes,-228,yes,no,cellular,15,may,101,1,371,1,failure,0,0.0
31,technician,married,tertiary,no,-256,yes,no,cellular,15,may,272,1,365,5,failure,0,0.0
39,blue-collar,married,secondary,no,1254,yes,no,cellular,15,may,133,1,353,5,other,0,7.134890851565884
33,blue-collar,single,secondary,no,1211,yes,no,cellular,15,may,39,1,361,4,failure,0,7.10002716662926
32,self-employed,divorced,tertiary,no,3695,yes,no,cellular,15,may,34,1,353,3,other,0,8.215006432761575
30,services,single,secondary,no,581,yes,no,cellular,15,may,267,1,354,1,other,0,6.366470447731438
45,self-employed,married,tertiary,no,-497,yes,yes,cellular,15,may,217,1,176,1,failure,0,0.0
27,technician,single,tertiary,no,808,yes,no,cellular,15,may,578,1,364,1,other,0,6.695798917058491
51,housemaid,divorced,primary,no,94,yes,no,cellular,15,may,77,1,297,4,failure,0,4.553876891600541
35,admin.,divorced,secondary,no,534,no,no,cellular,15,may,669,1,312,3,failure,1,6.282266746896006
42,admin.,divorced,secondary,no,-106,yes,no,cellular,15,may,495,1,347,3,failure,0,0.0
32,blue-collar,single,secondary,no,2597,yes,no,cellular,15,may,233,1,368,1,failure,0,7.862497197230545
28,blue-collar,single,tertiary,no,1372,no,no,cellular,15,may,48,4,298,1,failure,0,7.224753405767971
27,management,married,tertiary,no,1531,yes,no,cellular,15,may,187,1,367,4,failure,0,7.3343293503005365
35,housemaid,married,tertiary,no,1265,yes,no,cellular,15,may,326,5,179,4,failure,1,7.143617602704121
32,admin.,single,tertiary,no,1531,yes,no,cellular,15,may,58,1,352,5,failure,0,7.3343293503005365
37,blue-collar,single,primary,no,851,yes,no,cellular,15,may,151,1,352,1,failure,0,6.747586526829315
31,technician,single,tertiary,no,4561,yes,no,cellular,15,may,301,1,274,2,failure,0,8.425516402844334
26,technician,single,secondary,no,276,yes,no,cellular,15,may,106,1,368,4,failure,0,5.6240175061873385
30,blue-collar,single,primary,no,413,yes,no,cellular,15,may,148,1,345,4,other,0,6.025865973825314
33,blue-collar,married,primary,no,1138,yes,yes,cellular,15,may,122,2,343,4,failure,0,7.037905963447182
26,student,single,tertiary,no,641,yes,no,cellular,15,may,55,1,368,1,failure,0,6.464588303689961
35,technician,single,secondary,no,705,yes,yes,cellular,15,may,177,1,361,3,failure,0,6.559615237493242
28,management,single,secondary,no,703,yes,no,cellular,15,may,485,1,88,1,other,1,6.556778356158042
31,admin.,divorced,secondary,no,360,no,no,cellular,15,may,332,1,297,2,other,0,5.8888779583328805
53,blue-collar,single,primary,no,210,yes,no,cellular,15,may,984,1,368,1,failure,0,5.351858133476067
37,blue-collar,married,primary,no,-29,yes,yes,cellular,15,may,25,1,350,5,other,0,0.0
31,admin.,married,secondary,no,685,yes,no,cellular,15,may,552,1,329,3,failure,1,6.530877627725885
32,services,single,secondary,no,-341,no,no,cellular,15,may,339,1,345,3,failure,0,0.0
29,admin.,single,secondary,no,710,yes,yes,cellular,15,may,51,1,345,2,failure,0,6.566672429803241
42,services,married,secondary,no,9277,yes,no,cellular,15,may,395,1,361,3,other,0,9.135401285311689
33,services,married,secondary,no,174,yes,no,cellular,15,may,45,1,298,1,other,0,5.1647859739235145
36,blue-collar,divorced,secondary,no,421,yes,no,cellular,15,may,34,7,360,4,other,0,6.045005314036012
35,technician,single,secondary,no,-89,yes,no,cellular,15,may,75,1,368,1,failure,0,0.0
56,technician,married,secondary,no,276,yes,no,cellular,15,may,301,1,368,1,failure,0,5.6240175061873385
38,technician,single,secondary,no,1270,yes,yes,cellular,15,may,164,1,337,6,other,0,7.147559271189454
46,blue-collar,married,primary,no,1085,yes,yes,cellular,15,may,523,2,353,58,other,1,6.990256500493881
27,services,single,secondary,no,-74,yes,no,cellular,15,may,151,1,345,1,failure,0,0.0
32,services,single,secondary,no,1987,yes,no,telephone,15,may,36,2,176,2,failure,0,7.59488438721652
39,services,married,secondary,no,3165,yes,no,cellular,15,may,56,1,368,2,failure,0,8.060224240440958
23,blue-collar,married,secondary,no,-295,yes,no,cellular,15,may,411,1,323,2,failure,0,0.0
29,technician,single,secondary,no,213,yes,no,cellular,15,may,174,1,361,1,failure,0,5.365976015021851
33,services,single,secondary,no,450,yes,no,cellular,15,may,148,2,365,2,other,0,6.111467339502679
28,blue-collar,single,secondary,no,-267,yes,no,cellular,15,may,145,2,329,4,failure,0,0.0
32,technician,single,tertiary,no,1710,yes,no,cellular,15,may,439,1,175,3,other,0,7.444833273892193
25,blue-collar,single,secondary,no,171,yes,no,cellular,15,may,178,1,359,2,failure,0,5.147494476813453
35,unemployed,divorced,tertiary,no,8903,yes,no,cellular,15,may,171,1,175,6,failure,0,9.094255892955381
45,blue-collar,married,primary,no,900,yes,no,telephone,15,may,26,1,340,1,failure,0,6.803505257608338
33,services,single,secondary,no,-198,yes,no,cellular,15,may,256,1,359,3,success,0,0.0
22,student,single,secondary,no,2589,yes,no,cellular,15,may,239,1,352,1,other,0,7.859413154693583
60,blue-collar,married,primary,no,38,yes,no,cellular,15,may,109,11,373,1,other,0,3.6635616461296463
30,entrepreneur,married,tertiary,no,3037,yes,no,cellular,15,may,10,5,175,7,other,0,8.018954683155718
38,technician,single,secondary,no,553,yes,no,cellular,15,may,178,2,270,8,other,0,6.317164686747284
58,housemaid,married,primary,no,260,yes,no,telephone,15,may,71,5,364,3,failure,0,5.564520407322694
32,blue-collar,married,secondary,no,2,yes,no,cellular,15,may,16,9,309,1,failure,0,1.0986122886681098
41,management,married,tertiary,no,526,yes,no,cellular,15,may,229,5,268,4,failure,0,6.267200548541362
29,services,married,secondary,no,6567,yes,no,cellular,15,may,792,2,298,1,failure,1,8.789964651132264
25,technician,married,secondary,no,691,yes,no,cellular,15,may,333,1,330,2,failure,0,6.539585955617669
34,blue-collar,married,secondary,no,2994,yes,no,cellular,15,may,358,1,176,1,failure,0,8.00469951054955
29,admin.,single,secondary,no,405,yes,no,cellular,15,may,84,1,345,1,other,0,6.0063531596017325
39,entrepreneur,married,secondary,no,2139,yes,no,cellular,15,may,576,4,371,1,failure,1,7.668561108015897
44,blue-collar,married,secondary,no,167,yes,no,cellular,15,may,79,2,373,1,failure,0,5.123963979403259
53,management,divorced,tertiary,no,50,yes,no,cellular,15,may,669,1,337,3,failure,1,3.9318256327243257
27,services,married,secondary,no,311,yes,no,cellular,15,may,50,1,352,1,failure,0,5.7430031878094825
39,entrepreneur,married,secondary,no,680,yes,no,cellular,15,may,135,1,361,2,failure,0,6.523562306149512
33,management,married,primary,no,142,yes,no,cellular,15,may,87,1,368,1,failure,0,4.962844630259907
29,blue-collar,single,primary,no,722,yes,no,cellular,15,may,78,1,359,1,failure,0,6.583409222158765
32,admin.,single,secondary,no,6042,yes,no,cellular,15,may,183,1,361,1,failure,0,8.706655856361559
49,admin.,divorced,secondary,no,132,yes,no,cellular,15,may,98,1,350,1,failure,0,4.890349128221754
54,unemployed,married,secondary,no,582,yes,no,cellular,15,may,693,5,372,2,failure,1,6.368187186350492
29,student,single,tertiary,no,80,yes,no,cellular,15,may,15,5,361,1,failure,0,4.394449154672439
26,services,single,secondary,no,212,yes,no,cellular,15,may,144,2,352,1,other,0,5.3612921657094255
34,management,married,secondary,no,-285,yes,no,cellular,15,may,192,1,276,3,failure,0,0.0
28,student,single,secondary,no,217,yes,no,cellular,15,may,238,2,372,1,failure,0,5.384495062789089
26,student,single,secondary,no,2138,yes,no,cellular,15,may,18,8,371,1,other,0,7.668093709082406
39,admin.,married,secondary,no,-650,no,no,cellular,15,may,123,2,364,1,failure,0,0.0
52,blue-collar,married,primary,no,134,yes,no,cellular,15,may,81,2,295,3,failure,0,4.90527477843843
28,services,single,secondary,no,341,yes,no,cellular,15,may,437,3,347,3,other,1,5.834810737062605
37,services,single,secondary,no,1175,yes,no,cellular,15,may,102,1,333,2,failure,0,7.069874128458572
29,blue-collar,married,secondary,no,339,yes,no,cellular,15,may,63,3,354,2,failure,0,5.8289456176102075
41,self-employed,married,tertiary,no,6000,yes,no,cellular,15,may,217,6,178,1,failure,0,8.699681400989514
32,blue-collar,married,primary,no,2198,no,no,cellular,15,may,463,1,175,4,failure,0,7.695757990554761
37,blue-collar,married,primary,no,-212,yes,no,cellular,15,may,189,3,352,1,other,0,0.0
30,technician,married,primary,no,95,yes,no,cellular,15,may,220,2,298,1,failure,0,4.564348191467836
39,technician,single,secondary,no,12,yes,no,cellular,15,may,500,2,352,2,failure,0,2.5649493574615367
41,admin.,single,secondary,no,2002,yes,no,cellular,15,may,172,2,350,1,failure,0,7.602401335665818
58,blue-collar,married,primary,no,5431,yes,yes,cellular,15,may,327,3,374,1,failure,0,8.600062669238532
41,admin.,divorced,secondary,no,2550,yes,no,cellular,15,may,894,2,347,2,failure,0,7.844240718141811
31,admin.,married,secondary,no,728,yes,yes,cellular,15,may,152,1,352,4,failure,0,6.591673732008658
28,admin.,single,secondary,no,-215,yes,no,cellular,15,may,188,1,360,3,failure,0,0.0
50,admin.,single,primary,no,181,yes,no,cellular,15,may,119,4,372,3,failure,0,5.204006687076795
33,blue-collar,married,secondary,no,1,yes,no,cellular,15,may,67,4,178,3,failure,0,0.6931471805599453
30,management,single,secondary,no,340,yes,no,cellular,15,may,136,2,361,1,other,0,5.831882477283517
41,services,married,secondary,no,2399,yes,no,cellular,15,may,303,2,351,2,failure,0,7.783224016336037
34,blue-collar,divorced,secondary,no,1614,yes,no,cellular,15,may,228,2,297,1,other,0,7.387090235656757
39,blue-collar,married,primary,no,315,yes,no,cellular,15,may,259,3,353,3,failure,0,5.755742213586912
25,admin.,single,secondary,no,507,yes,no,cellular,15,may,832,1,367,3,failure,1,6.230481447578482
23,blue-collar,single,primary,no,8627,yes,no,cellular,15,may,169,1,346,1,failure,0,9.062768007509048
21,admin.,single,secondary,no,66,yes,no,cellular,15,may,31,1,330,2,failure,0,4.204692619390966
28,technician,single,tertiary,no,372,yes,yes,cellular,15,may,201,3,294,2,success,0,5.921578419643816
44,blue-collar,married,primary,no,-101,yes,no,cellular,15,may,679,1,366,4,failure,1,0.0
33,management,married,tertiary,no,287,yes,no,cellular,15,may,199,2,274,3,other,0,5.662960480135946
41,blue-collar,married,primary,no,89,yes,no,cellular,15,may,58,3,359,2,other,0,4.499809670330265
27,blue-collar,single,secondary,no,940,yes,no,cellular,15,may,141,1,343,3,failure,0,6.846943139585379
41,blue-collar,divorced,secondary,no,2540,yes,no,cellular,15,may,82,2,366,1,failure,0,7.840312983320164
48,blue-collar,married,secondary,no,480,yes,no,cellular,15,may,830,1,352,2,failure,1,6.175867270105761
35,technician,single,secondary,no,1501,yes,no,cellular,15,may,26,1,357,1,other,0,7.31455283232408
46,management,married,tertiary,no,810,yes,yes,cellular,15,may,33,2,176,1,other,0,6.698268054115413
40,admin.,married,secondary,no,2574,yes,no,cellular,15,may,432,1,176,1,failure,1,7.853604813097837
26,blue-collar,single,primary,no,17,yes,no,cellular,15,may,86,2,367,2,failure,0,2.8903717578961645
27,blue-collar,single,secondary,no,20,yes,no,cellular,15,may,175,1,364,3,other,0,3.044522437723423
30,management,single,tertiary,no,1761,yes,no,cellular,15,may,229,2,294,1,other,0,7.474204806496124
29,technician,single,tertiary,no,940,yes,no,cellular,15,may,757,1,330,1,failure,0,6.846943139585379
25,student,single,secondary,no,1919,yes,no,cellular,15,may,264,1,351,4,failure,0,7.560080465021827
31,admin.,single,secondary,no,-1,yes,no,cellular,15,may,99,1,352,1,failure,0,0.0
26,services,single,secondary,no,46,yes,no,cellular,15,may,17,3,351,6,other,0,3.8501476017100584
30,blue-collar,married,secondary,no,3,no,no,cellular,15,may,42,2,297,1,failure,0,1.3862943611198906
49,blue-collar,married,secondary,no,1230,yes,yes,cellular,15,may,167,2,373,3,failure,0,7.115582126184454
31,management,married,tertiary,no,527,yes,yes,cellular,15,may,98,2,359,1,failure,0,6.269096283706261
29,blue-collar,married,secondary,no,-114,yes,no,cellular,15,may,132,2,359,2,failure,0,0.0
56,retired,divorced,tertiary,no,-458,yes,no,cellular,15,may,406,4,296,3,failure,0,0.0
30,technician,single,secondary,no,-109,yes,no,cellular,15,may,73,2,297,2,other,0,0.0
34,blue-collar,divorced,primary,no,390,yes,no,cellular,15,may,372,2,371,2,success,0,5.968707559985366
34,management,single,tertiary,no,2360,yes,no,cellular,15,may,137,2,176,1,failure,0,7.766840537085513
45,unemployed,married,secondary,no,-407,yes,no,cellular,15,may,320,3,371,2,failure,0,0.0
59,self-employed,married,primary,no,671,yes,no,cellular,15,may,57,2,332,3,failure,0,6.51025834052315
52,blue-collar,divorced,primary,no,29,yes,no,cellular,15,may,223,2,298,1,failure,0,3.4011973816621555
29,student,single,secondary,no,949,yes,no,cellular,15,may,109,2,352,1,success,0,6.856461984594587
28,management,single,tertiary,no,41,yes,no,cellular,15,may,885,3,352,2,other,1,3.7376696182833684
38,technician,married,tertiary,no,432,yes,no,cellular,15,may,10,2,373,1,other,0,6.07073772800249
28,blue-collar,married,primary,no,278,yes,yes,telephone,15,may,31,9,373,4,other,0,5.631211781821365
28,technician,single,tertiary,no,-594,yes,yes,cellular,15,may,296,2,353,2,other,0,0.0
57,technician,married,secondary,no,225,yes,no,telephone,15,may,22,7,337,12,failure,0,5.420534999272286
36,admin.,single,secondary,no,148,yes,no,cellular,15,may,1357,4,374,2,failure,1,5.003946305945459
30,admin.,married,primary,no,624,yes,no,cellular,15,may,212,2,368,1,failure,0,6.437751649736401
27,management,single,tertiary,no,7944,yes,no,cellular,15,may,99,3,346,1,other,0,8.980298078970817
30,technician,single,secondary,no,1395,yes,no,cellular,15,may,199,2,354,1,failure,0,7.241366283322318
55,services,married,secondary,no,841,yes,no,cellular,15,may,140,9,372,4,failure,0,6.7357800142423265
33,management,married,tertiary,no,2044,yes,no,cellular,15,may,102,3,177,1,failure,0,7.623153068476902
33,admin.,married,secondary,no,1293,yes,no,cellular,15,may,245,9,373,2,failure,0,7.165493475060845
38,self-employed,single,tertiary,no,5774,yes,no,cellular,15,may,406,4,359,5,other,1,8.661293535389994
44,blue-collar,divorced,primary,no,-97,yes,yes,cellular,15,may,197,3,288,4,failure,0,0.0
32,blue-collar,divorced,secondary,no,201,yes,no,cellular,15,may,63,8,365,24,other,0,5.308267697401205
40,management,married,tertiary,no,-1212,yes,no,cellular,15,may,1259,2,333,18,failure,0,0.0
34,management,single,tertiary,no,-184,yes,yes,cellular,15,may,80,3,352,1,other,0,0.0
45,services,married,secondary,no,-1621,yes,yes,cellular,15,may,8,2,346,5,failure,0,0.0
44,services,single,secondary,no,532,yes,no,cellular,15,may,550,2,340,2,failure,0,6.278521424165844
41,admin.,single,secondary,no,90,yes,no,cellular,15,may,77,2,347,4,failure,0,4.51085950651685
34,technician,married,secondary,no,393,yes,no,cellular,15,may,314,2,177,6,other,0,5.976350909297934
30,technician,married,secondary,no,-910,yes,no,cellular,15,may,124,2,298,1,failure,0,0.0
39,technician,single,tertiary,no,1674,no,no,cellular,15,may,12,10,178,1,failure,0,7.423568444259167
34,technician,married,secondary,no,656,yes,no,cellular,15,may,10,7,372,1,other,0,6.48768401848461
54,admin.,divorced,secondary,no,-394,yes,no,cellular,15,may,895,5,365,2,failure,0,0.0
34,unemployed,married,secondary,no,-16,yes,no,cellular,15,may,212,3,364,2,other,0,0.0
56,technician,single,secondary,no,751,yes,no,cellular,15,may,43,8,177,5,failure,0,6.62273632394984
28,services,single,secondary,no,118,yes,yes,cellular,15,may,376,3,368,1,failure,0,4.77912349311153
40,admin.,married,secondary,no,0,yes,no,cellular,15,may,13,8,366,7,other,0,0.0
60,blue-collar,married,primary,no,14,yes,yes,cellular,15,may,781,4,178,3,failure,0,2.70805020110221
39,services,married,secondary,no,435,yes,no,cellular,15,may,411,6,175,3,other,0,6.077642243349034
48,blue-collar,married,primary,no,108,yes,no,telephone,15,may,74,5,367,7,other,0,4.6913478822291435
36,blue-collar,married,primary,no,49,yes,no,cellular,15,may,232,2,365,5,other,0,3.912023005428146
30,admin.,divorced,secondary,no,891,no,no,cellular,15,may,340,2,368,1,failure,0,6.79346613258001
31,blue-collar,married,secondary,no,1803,yes,no,telephone,15,may,350,8,360,1,failure,0,7.4977617006225685
28,blue-collar,single,secondary,no,-208,yes,no,cellular,15,may,136,3,359,2,failure,0,0.0
24,admin.,single,secondary,no,290,yes,no,cellular,15,may,80,3,368,4,failure,0,5.673323267171493
35,blue-collar,divorced,secondary,no,1780,yes,no,cellular,15,may,306,3,347,9,failure,0,7.484930283289661
36,admin.,single,secondary,no,185,yes,no,cellular,15,may,61,4,371,5,other,0,5.225746673713202
45,blue-collar,single,primary,no,116,yes,no,cellular,15,may,16,5,365,1,failure,0,4.762173934797756
32,admin.,married,secondary,no,337,no,no,cellular,15,may,51,3,368,1,failure,0,5.823045895483019
29,entrepreneur,married,secondary,no,422,yes,no,cellular,15,may,69,3,361,2,failure,0,6.0473721790462776
33,management,married,secondary,no,1423,yes,no,cellular,15,may,333,2,364,3,failure,0,7.261225091971921
25,retired,single,secondary,no,366,no,yes,cellular,15,may,102,2,364,2,failure,0,5.905361848054571
32,management,single,tertiary,no,6248,yes,no,cellular,15,may,64,3,371,2,failure,0,8.740176729929082
41,management,married,tertiary,no,30,yes,no,cellular,15,may,101,4,291,6,failure,0,3.4339872044851463
45,admin.,married,secondary,no,72,yes,yes,cellular,15,may,262,2,352,2,failure,0,4.290459441148391
33,admin.,single,secondary,no,5,yes,no,cellular,15,may,934,2,368,2,failure,1,1.791759469228055
39,management,single,tertiary,no,11971,yes,no,telephone,15,may,75,10,179,5,failure,0,9.390325868972589
35,self-employed,married,secondary,no,-56,yes,no,cellular,15,may,162,2,361,3,failure,0,0.0
26,student,single,secondary,no,372,yes,no,cellular,15,may,34,11,374,2,other,0,5.921578419643816
34,admin.,single,secondary,no,3160,no,no,cellular,15,may,22,8,331,13,failure,0,8.058643712215618
44,blue-collar,single,primary,no,-234,yes,yes,cellular,15,may,71,3,347,1,failure,0,0.0
34,admin.,married,secondary,no,-297,yes,no,cellular,15,may,92,4,353,3,failure,0,0.0
32,blue-collar,married,secondary,no,9714,yes,no,cellular,15,may,1237,2,361,2,failure,0,9.18142636181154
37,blue-collar,married,primary,no,2120,yes,no,cellular,15,may,655,3,175,4,failure,1,7.659642954564682
46,services,married,secondary,no,-119,yes,no,cellular,15,may,138,2,297,3,failure,0,0.0
36,admin.,married,secondary,no,2278,yes,no,cellular,15,may,200,3,298,1,failure,0,7.731492029245684
41,services,divorced,secondary,no,5745,yes,yes,cellular,15,may,69,3,357,1,failure,0,8.656259239539235
45,services,single,secondary,no,1378,yes,no,cellular,15,may,25,5,372,2,failure,0,7.229113877793302
55,technician,divorced,tertiary,no,525,yes,no,cellular,15,may,28,8,366,4,other,0,6.26530121273771
37,blue-collar,divorced,secondary,no,625,yes,no,cellular,15,may,68,4,359,2,failure,0,6.439350371100098
29,admin.,married,secondary,no,252,yes,no,cellular,15,may,1223,3,371,1,failure,0,5.53338948872752
38,management,married,secondary,no,341,no,no,cellular,15,may,136,3,346,2,failure,0,5.834810737062605
40,admin.,divorced,secondary,no,952,yes,no,cellular,15,may,126,2,333,1,failure,0,6.859614903654202
43,blue-collar,married,primary,no,-67,yes,no,telephone,15,may,137,7,371,1,failure,0,0.0
23,blue-collar,married,primary,no,531,yes,no,cellular,15,may,509,3,345,9,other,0,6.2766434893416445
27,admin.,married,secondary,no,1417,yes,no,cellular,15,may,143,2,343,3,failure,0,7.257002707092073
29,technician,single,secondary,no,-219,yes,no,cellular,15,may,85,3,368,2,failure,0,0.0
51,management,single,tertiary,no,297,yes,no,cellular,15,may,415,4,375,1,failure,1,5.697093486505405
46,blue-collar,married,primary,no,494,yes,no,cellular,15,may,131,3,365,1,other,0,6.20455776256869
50,self-employed,married,secondary,no,358,yes,yes,cellular,15,may,315,3,367,3,failure,0,5.883322388488279
39,technician,single,secondary,no,-529,yes,no,cellular,15,may,22,8,175,5,failure,0,0.0
42,blue-collar,married,primary,no,686,yes,no,cellular,15,may,1326,6,175,3,failure,0,6.532334292222349
33,blue-collar,single,primary,no,-104,yes,no,cellular,15,may,34,10,331,16,other,0,0.0
28,blue-collar,single,primary,no,1518,yes,no,cellular,15,may,204,3,359,3,failure,0,7.325807502595773
44,management,single,secondary,no,3684,yes,no,cellular,15,may,31,5,179,3,failure,0,8.212025804623437
27,admin.,single,tertiary,no,3672,yes,no,cellular,15,may,157,2,351,5,failure,0,8.208764045819667
43,blue-collar,married,primary,no,46,yes,no,cellular,15,may,38,7,332,6,failure,0,3.8501476017100584
30,technician,married,secondary,no,3123,yes,no,cellular,15,may,49,2,333,5,other,0,8.046869510959576
27,student,single,tertiary,no,4869,yes,no,cellular,15,may,258,2,343,4,other,0,8.490849216076635
33,technician,single,secondary,no,930,yes,no,cellular,15,may,163,5,359,1,failure,0,6.836259277277067
33,admin.,single,primary,no,-258,yes,no,cellular,15,may,158,2,352,2,failure,0,0.0
33,blue-collar,married,secondary,no,-63,yes,no,cellular,15,may,126,2,350,1,failure,0,0.0
42,technician,married,tertiary,no,-378,yes,yes,cellular,15,may,11,7,330,2,failure,0,0.0
35,blue-collar,married,secondary,no,205,yes,yes,cellular,15,may,1313,7,312,1,failure,1,5.327876168789581
35,management,married,tertiary,yes,-10,yes,no,cellular,15,may,168,2,364,1,other,0,0.0
32,management,single,tertiary,no,6542,yes,no,cellular,15,may,1598,4,175,5,failure,1,8.78615105486974
31,management,married,tertiary,no,1010,yes,no,cellular,15,may,385,3,364,9,other,0,6.918695219020472
38,entrepreneur,married,secondary,no,157,no,yes,cellular,15,may,57,11,366,1,other,0,5.062595033026967
24,blue-collar,single,secondary,no,1690,yes,yes,cellular,15,may,543,3,350,3,failure,0,7.43307534889858
32,management,married,tertiary,no,91,no,no,cellular,18,may,126,2,356,2,failure,0,4.5217885770490405
54,blue-collar,married,secondary,no,1777,yes,no,cellular,18,may,13,5,178,6,success,0,7.48324441607385
38,technician,married,secondary,no,525,yes,yes,telephone,18,may,15,7,178,1,other,0,6.26530121273771
38,management,divorced,tertiary,no,4335,yes,no,cellular,18,may,157,7,179,1,failure,0,8.374707543119483
40,blue-collar,single,primary,no,-21,no,no,cellular,18,may,68,2,368,3,failure,0,0.0
34,blue-collar,single,tertiary,no,-303,yes,no,cellular,18,may,17,5,355,2,failure,0,0.0
47,blue-collar,single,primary,no,159,yes,no,cellular,18,may,7,6,357,13,other,0,5.075173815233827
57,blue-collar,married,secondary,no,1521,yes,yes,cellular,18,may,102,2,178,5,failure,0,7.3277805384216315
25,services,single,secondary,no,-141,yes,no,cellular,18,may,113,2,348,2,failure,0,0.0
29,blue-collar,married,secondary,no,-493,yes,no,cellular,18,may,536,2,334,4,failure,1,0.0
29,services,single,secondary,no,-79,yes,yes,cellular,18,may,16,4,355,4,other,0,0.0
35,management,single,tertiary,no,13,yes,no,cellular,18,may,17,8,178,5,other,0,2.6390573296152584
34,admin.,married,secondary,no,95,yes,no,cellular,18,may,114,4,364,22,other,0,4.564348191467836
29,services,single,secondary,no,23,yes,yes,cellular,18,may,159,3,371,2,other,0,3.1780538303479458
27,services,single,secondary,no,504,yes,no,cellular,18,may,106,5,362,8,other,0,6.22455842927536
54,blue-collar,divorced,secondary,no,244,yes,yes,cellular,18,may,9,11,350,11,other,0,5.501258210544727
49,blue-collar,married,primary,no,490,yes,no,telephone,18,may,19,5,364,2,failure,0,6.19644412779452
26,admin.,single,secondary,no,141,yes,no,cellular,18,may,19,4,349,6,other,0,4.955827057601261
30,blue-collar,married,secondary,no,-28,yes,no,cellular,18,may,284,2,371,1,failure,0,0.0
33,blue-collar,married,secondary,no,523,yes,no,cellular,18,may,18,5,360,5,failure,0,6.261491684321042
35,blue-collar,married,primary,no,2281,yes,no,cellular,18,may,126,2,362,1,other,0,7.732807530422021
28,blue-collar,single,secondary,no,2486,yes,no,telephone,18,may,26,5,354,1,success,0,7.818832443803404
30,management,married,tertiary,no,1022,yes,no,cellular,18,may,97,2,298,1,failure,0,6.930494765951626
30,admin.,single,secondary,no,127,yes,no,cellular,18,may,16,6,368,1,other,0,4.852030263919617
38,technician,divorced,secondary,no,1559,yes,no,cellular,18,may,22,6,179,10,failure,0,7.352441100243583
32,blue-collar,married,primary,no,-283,yes,no,cellular,18,may,24,2,349,2,other,0,0.0
33,services,married,secondary,no,2533,yes,no,cellular,18,may,16,6,180,2,other,0,7.837554360881084
35,blue-collar,married,secondary,no,305,yes,no,cellular,18,may,7,7,367,25,failure,0,5.723585101952381
30,services,single,secondary,no,0,yes,no,cellular,18,may,131,6,363,9,failure,0,0.0
31,admin.,divorced,secondary,no,11,yes,no,cellular,18,may,17,7,350,9,other,0,2.4849066497880004
31,technician,single,secondary,no,1447,yes,no,cellular,18,may,236,3,178,15,failure,0,7.277938572945661
40,admin.,single,secondary,no,2040,yes,no,cellular,18,may,906,2,350,2,failure,1,7.621195162809845
40,services,married,secondary,no,191,yes,no,cellular,18,may,201,2,293,6,other,0,5.2574953720277815
36,admin.,single,secondary,no,507,yes,no,cellular,18,may,264,1,300,2,success,0,6.230481447578482
24,technician,single,secondary,yes,-1329,yes,no,cellular,18,may,50,1,356,2,other,0,0.0
54,blue-collar,divorced,primary,no,215,yes,no,cellular,18,may,34,7,348,5,failure,0,5.375278407684165
29,blue-collar,married,secondary,no,-95,yes,no,cellular,18,may,164,1,370,1,failure,0,0.0
36,entrepreneur,single,tertiary,no,145,yes,no,cellular,18,may,450,2,304,2,success,0,4.983606621708336
28,student,single,secondary,no,404,yes,no,cellular,18,may,33,2,367,4,other,0,6.003887067106539
34,blue-collar,single,primary,no,464,yes,no,cellular,18,may,173,1,299,2,other,0,6.142037405587356
31,admin.,single,secondary,no,-449,yes,no,cellular,18,may,197,1,355,2,failure,0,0.0
28,services,single,secondary,no,1636,yes,no,cellular,18,may,97,1,355,2,failure,0,7.400620577371135
32,management,married,tertiary,no,477,yes,no,telephone,18,may,87,6,178,5,failure,0,6.169610732491456
34,blue-collar,married,primary,no,3868,yes,no,cellular,18,may,134,1,350,1,failure,0,8.260751354700513
32,blue-collar,single,secondary,no,33,yes,no,cellular,18,may,125,1,368,4,failure,0,3.5263605246161616
32,management,single,tertiary,no,347,yes,no,cellular,18,may,213,1,264,6,failure,0,5.8522024797744745
32,services,single,secondary,no,545,yes,no,cellular,18,may,192,1,180,1,failure,0,6.302618975744905
33,management,single,tertiary,no,2667,yes,no,cellular,18,may,57,1,180,3,failure,0,7.889084407035514
43,blue-collar,married,primary,no,714,yes,no,cellular,18,may,16,6,362,28,failure,0,6.5722825426940075
26,blue-collar,single,secondary,no,384,yes,no,cellular,18,may,16,1,364,2,other,0,5.953243334287785
32,technician,single,secondary,no,230,yes,no,cellular,18,may,442,1,266,8,failure,1,5.442417710521793
32,self-employed,married,secondary,no,-33,yes,no,cellular,18,may,158,1,355,3,failure,0,0.0
25,admin.,single,secondary,no,845,yes,no,cellular,18,may,217,1,370,1,failure,0,6.740519359606223
30,admin.,single,secondary,no,1450,yes,no,cellular,18,may,298,1,355,1,failure,0,7.280008252884188
27,services,married,secondary,no,54,yes,no,cellular,18,may,97,1,370,1,failure,0,4.007333185232471
36,entrepreneur,married,secondary,no,1163,yes,no,cellular,18,may,420,7,363,1,failure,0,7.059617628291383
29,admin.,single,secondary,no,543,yes,yes,cellular,18,may,166,1,349,5,other,0,6.298949246855942
41,services,married,primary,no,4903,yes,no,cellular,18,may,155,1,180,2,failure,0,8.497806477616047
32,services,single,tertiary,no,748,yes,no,cellular,18,may,166,2,357,2,other,0,6.618738983517219
33,entrepreneur,married,tertiary,no,964,yes,no,cellular,18,may,97,1,180,3,failure,0,6.872128101338986
33,blue-collar,married,secondary,no,4996,yes,no,cellular,18,may,15,9,363,2,failure,0,8.516593011344206
35,blue-collar,married,primary,no,2490,yes,no,cellular,18,may,170,1,180,3,failure,0,7.820439515262181
33,blue-collar,married,secondary,no,1219,yes,no,cellular,18,may,51,3,367,4,other,0,7.106606137727303
48,management,single,tertiary,no,336,yes,no,cellular,18,may,17,1,369,4,other,0,5.820082930352362
27,blue-collar,single,primary,no,-579,yes,no,cellular,18,may,220,1,367,3,failure,0,0.0
31,management,single,tertiary,no,62,yes,no,cellular,18,may,175,1,293,5,failure,0,4.143134726391533
32,admin.,single,secondary,no,396,yes,no,cellular,18,may,88,1,364,1,failure,0,5.983936280687191
35,blue-collar,married,primary,no,1749,yes,no,cellular,18,may,63,5,363,11,other,0,7.4673710669175595
53,services,single,secondary,no,1162,yes,no,cellular,18,may,185,1,178,1,failure,0,7.0587581525186645
43,entrepreneur,married,secondary,no,-480,yes,yes,cellular,18,may,1126,1,350,6,failure,0,0.0
40,entrepreneur,married,secondary,no,285,no,no,cellular,18,may,261,1,178,1,failure,0,5.655991810819852
27,blue-collar,married,secondary,no,30,no,yes,cellular,18,may,110,1,334,4,other,0,3.4339872044851463
42,blue-collar,married,secondary,no,429,yes,no,cellular,18,may,110,1,370,1,failure,0,6.063785208687608
27,management,single,secondary,no,565,yes,no,cellular,18,may,170,2,346,11,failure,0,6.338594078203183
37,blue-collar,married,secondary,no,-100,yes,no,cellular,18,may,108,2,349,2,failure,0,0.0
29,admin.,single,secondary,no,305,yes,no,cellular,18,may,18,4,304,1,failure,0,5.723585101952381
31,blue-collar,single,secondary,no,239,yes,no,cellular,18,may,666,1,360,1,success,1,5.480638923341991
41,admin.,divorced,secondary,no,1967,yes,no,cellular,18,may,115,1,341,1,failure,0,7.584773077612199
24,services,single,secondary,no,414,yes,no,cellular,18,may,493,1,370,1,other,1,6.028278520230698
27,technician,married,secondary,no,876,yes,no,cellular,18,may,268,1,355,1,failure,0,6.776506992372183
43,blue-collar,married,primary,no,249,yes,no,cellular,18,may,33,5,298,2,other,0,5.521460917862246
30,blue-collar,single,secondary,no,3950,yes,no,telephone,18,may,152,4,370,3,other,0,8.281723990411392
36,management,single,tertiary,no,1496,yes,no,cellular,18,may,40,1,269,4,failure,0,7.311218384419629
26,blue-collar,single,secondary,no,330,yes,no,cellular,18,may,156,1,348,1,failure,0,5.802118375377063
57,admin.,married,secondary,no,403,yes,no,cellular,18,may,603,1,340,2,other,1,6.0014148779611505
30,services,single,secondary,no,438,yes,no,cellular,18,may,98,1,178,1,failure,0,6.0844994130751715
44,blue-collar,married,secondary,no,2979,yes,no,cellular,18,may,18,5,178,3,other,0,7.9996785794994505
36,services,divorced,tertiary,no,162,yes,no,cellular,18,may,69,1,367,6,other,0,5.093750200806762
23,services,single,secondary,no,279,yes,no,cellular,18,may,843,1,370,1,failure,1,5.634789603169249
39,blue-collar,married,secondary,no,4430,yes,no,cellular,18,may,13,4,362,1,other,0,8.39638057119949
32,services,married,secondary,no,-489,yes,yes,cellular,18,may,93,1,180,3,failure,0,0.0
35,technician,married,secondary,no,1092,no,no,cellular,18,may,132,1,360,1,failure,0,6.996681488176539
33,services,single,secondary,no,1659,yes,no,cellular,18,may,133,2,353,6,failure,0,7.414572881350589
27,technician,married,tertiary,no,8,yes,yes,cellular,18,may,398,1,370,2,failure,0,2.1972245773362196
31,admin.,single,secondary,no,1374,yes,no,cellular,18,may,290,2,370,1,failure,0,7.226209010100671
29,admin.,single,secondary,no,460,yes,no,cellular,18,may,191,2,357,6,success,0,6.133398042996649
29,admin.,married,secondary,no,22171,yes,no,cellular,18,may,44,1,355,3,failure,0,10.006585510539695
48,admin.,divorced,secondary,no,-480,no,no,cellular,18,may,380,2,355,1,failure,0,0.0
33,admin.,married,secondary,no,48,yes,no,cellular,18,may,164,5,294,3,failure,0,3.8918202981106265
33,management,divorced,tertiary,no,47,no,no,cellular,18,may,47,3,178,3,failure,0,3.871201010907891
58,blue-collar,married,secondary,no,1859,yes,no,cellular,18,may,277,2,264,5,failure,0,7.528331766707247
33,technician,single,tertiary,no,8047,yes,no,cellular,18,may,202,1,263,13,failure,0,8.99317889233952
32,blue-collar,married,secondary,no,-667,yes,no,cellular,18,may,152,7,349,1,other,0,0.0
32,admin.,married,secondary,no,97,yes,no,cellular,18,may,165,2,364,1,success,0,4.584967478670572
30,management,married,tertiary,no,168,yes,no,cellular,18,may,229,2,355,1,failure,0,5.1298987149230735
33,admin.,single,secondary,no,1430,yes,no,cellular,18,may,74,3,349,2,other,0,7.266128779556451
23,technician,single,secondary,no,356,yes,no,cellular,18,may,224,2,356,2,failure,0,5.877735781779639
25,management,married,tertiary,no,-242,yes,yes,cellular,18,may,600,4,332,4,other,1,0.0
48,services,divorced,secondary,no,-203,yes,no,cellular,18,may,156,5,297,1,other,0,0.0
45,admin.,divorced,secondary,no,2353,yes,no,cellular,18,may,435,7,74,3,success,0,7.763871287820222
38,services,divorced,secondary,no,49,yes,no,cellular,18,may,43,1,367,2,success,0,3.912023005428146
33,management,single,tertiary,no,2294,yes,no,cellular,18,may,81,1,178,1,other,0,7.738488122494646
37,blue-collar,divorced,primary,no,117,yes,no,cellular,18,may,125,3,350,4,failure,0,4.770684624465665
55,retired,divorced,tertiary,no,0,no,no,cellular,18,may,616,1,370,1,success,1,0.0
32,admin.,single,secondary,no,92,yes,no,cellular,18,may,110,1,315,2,failure,0,4.532599493153256
32,admin.,single,secondary,no,3950,yes,no,cellular,18,may,232,1,178,1,success,0,8.281723990411392
24,technician,single,tertiary,no,10,yes,no,cellular,18,may,78,2,367,2,other,0,2.3978952727983707
30,self-employed,married,tertiary,no,163,yes,no,cellular,18,may,149,1,362,8,other,0,5.099866427824199
47,blue-collar,married,primary,no,2269,yes,no,cellular,18,may,132,1,279,2,failure,0,7.727535110475448
36,housemaid,single,secondary,no,1015,yes,no,cellular,18,may,1008,1,347,2,success,1,6.923628628138427
32,admin.,married,secondary,no,3540,yes,no,cellular,18,may,213,1,178,1,failure,0,8.172164452111904
33,technician,single,secondary,no,315,yes,no,cellular,18,may,179,3,374,2,other,0,5.755742213586912
27,blue-collar,single,primary,no,409,yes,no,cellular,18,may,276,4,301,2,success,0,6.016157159698354
29,technician,single,secondary,no,468,yes,no,cellular,18,may,37,1,370,3,failure,0,6.150602768446279
24,admin.,single,secondary,no,3505,yes,no,cellular,18,may,317,1,355,1,other,0,8.16223106548118
29,services,single,secondary,no,40,yes,no,cellular,18,may,105,1,355,2,failure,0,3.713572066704308
45,technician,divorced,secondary,no,-357,yes,yes,cellular,18,may,618,1,355,2,failure,1,0.0
27,technician,divorced,secondary,no,21,yes,no,cellular,18,may,336,1,356,1,failure,0,3.091042453358316
53,blue-collar,married,primary,no,273,yes,no,cellular,18,may,248,1,279,2,failure,0,5.6131281063880705
21,student,single,tertiary,no,2764,yes,no,cellular,18,may,78,2,354,2,failure,0,7.9247959139564355
47,technician,married,secondary,no,536,yes,no,cellular,18,may,778,2,336,2,success,0,6.285998094508865
39,services,single,primary,no,471,yes,no,cellular,18,may,61,4,362,1,failure,0,6.156978985585555
26,blue-collar,single,secondary,no,154,yes,no,cellular,18,may,1010,2,356,2,failure,0,5.043425116919247
27,technician,single,secondary,no,2293,yes,no,cellular,18,may,317,3,364,1,other,0,7.738052297689316
34,entrepreneur,single,tertiary,no,1068,yes,no,cellular,18,may,46,6,378,2,failure,0,6.974478911025045
34,admin.,single,tertiary,no,4254,yes,no,cellular,18,may,104,3,178,1,success,0,8.355850041007475
33,admin.,married,secondary,no,1077,yes,no,cellular,18,may,432,3,374,3,other,0,6.982862751468942
44,admin.,divorced,secondary,no,777,yes,no,cellular,18,may,517,3,350,2,failure,0,6.656726524178391
34,blue-collar,married,primary,no,392,yes,no,cellular,18,may,180,3,360,1,failure,0,5.973809611869261
25,services,single,secondary,no,-371,yes,no,cellular,18,may,147,2,347,3,other,0,0.0
32,blue-collar,married,primary,no,-454,yes,yes,cellular,18,may,801,5,355,2,failure,1,0.0
50,technician,divorced,secondary,no,116,yes,no,cellular,18,may,40,2,321,14,other,0,4.762173934797756
44,admin.,married,secondary,no,429,yes,yes,cellular,18,may,35,3,349,32,failure,0,6.063785208687608
28,management,single,secondary,no,1609,yes,no,cellular,18,may,98,2,315,3,failure,0,7.383989457978509
44,technician,single,secondary,no,59,yes,no,cellular,18,may,9,4,341,19,failure,0,4.0943445622221
30,management,single,tertiary,no,264,yes,no,cellular,18,may,36,2,370,2,other,0,5.579729825986222
27,admin.,single,primary,no,528,yes,yes,cellular,18,may,267,2,311,2,failure,0,6.270988431858299
52,blue-collar,married,secondary,no,266,yes,no,cellular,18,may,87,2,299,3,other,0,5.58724865840025
34,technician,married,secondary,no,966,yes,no,cellular,18,may,16,4,273,7,other,0,6.874198495453294
35,blue-collar,divorced,secondary,no,164,yes,no,cellular,18,may,11,5,364,13,failure,0,5.10594547390058
38,admin.,single,secondary,no,1560,yes,no,cellular,18,may,9,2,178,3,failure,0,7.353081920515432
28,blue-collar,married,secondary,no,1072,yes,no,cellular,18,may,630,2,356,4,other,0,6.9782137426306985
23,student,single,secondary,no,234,yes,no,cellular,18,may,33,5,354,7,other,0,5.459585514144159
30,services,divorced,secondary,no,1336,yes,no,cellular,18,may,13,3,355,5,failure,0,7.198183577101943
54,retired,divorced,secondary,no,451,no,yes,cellular,18,may,42,4,280,5,failure,0,6.113682179832232
28,technician,single,secondary,no,3,no,no,telephone,18,may,40,8,349,6,failure,0,1.3862943611198906
36,technician,single,secondary,no,23,yes,no,cellular,18,may,69,2,333,2,failure,0,3.1780538303479458
30,technician,single,secondary,no,778,yes,no,cellular,18,may,22,2,346,2,failure,0,6.658011045870748
43,services,single,secondary,no,-63,yes,no,cellular,18,may,92,3,374,1,other,0,0.0
35,management,single,tertiary,no,-292,yes,no,cellular,18,may,166,2,272,6,failure,0,0.0
33,admin.,single,secondary,no,-371,yes,yes,cellular,18,may,221,2,350,4,other,0,0.0
42,blue-collar,married,primary,no,1687,yes,no,cellular,18,may,14,3,178,3,other,0,7.431299675155903
40,technician,single,secondary,no,191,yes,no,cellular,18,may,19,4,374,1,other,0,5.2574953720277815
29,entrepreneur,single,tertiary,no,219,yes,no,cellular,18,may,76,2,356,1,failure,0,5.393627546352362
30,retired,single,secondary,no,48,no,no,cellular,18,may,142,2,300,1,other,0,3.8918202981106265
46,entrepreneur,divorced,tertiary,no,148,yes,no,cellular,18,may,61,3,350,5,other,0,5.003946305945459
33,blue-collar,married,secondary,no,139,yes,yes,cellular,18,may,732,2,291,5,failure,1,4.941642422609304
31,technician,single,tertiary,no,-241,yes,no,cellular,18,may,333,2,355,1,failure,0,0.0
33,technician,single,secondary,no,1279,yes,no,cellular,18,may,239,2,349,3,success,0,7.154615356913663
29,management,married,tertiary,no,318,yes,no,cellular,18,may,1434,2,356,4,failure,0,5.765191102784844
37,admin.,single,secondary,no,16,no,no,cellular,18,may,488,5,336,2,failure,0,2.833213344056216
34,blue-collar,married,secondary,no,355,yes,no,cellular,18,may,189,3,348,3,failure,0,5.87493073085203
23,student,single,secondary,no,2530,yes,no,cellular,18,may,194,3,364,3,other,0,7.836369760545124
34,management,married,tertiary,no,1657,yes,no,cellular,18,may,566,2,356,4,failure,0,7.4133673356952405
26,services,single,primary,no,-32,yes,no,cellular,18,may,486,2,336,6,other,0,0.0
35,admin.,single,secondary,no,181,yes,no,cellular,18,may,217,4,301,1,failure,0,5.204006687076795
29,blue-collar,married,secondary,no,1958,yes,no,cellular,18,may,112,4,349,1,failure,0,7.580189417944541
34,admin.,married,secondary,no,393,yes,no,cellular,18,may,222,4,355,1,failure,0,5.976350909297934
59,retired,divorced,primary,no,47,yes,no,telephone,18,may,110,3,374,1,failure,0,3.871201010907891
26,blue-collar,single,secondary,no,-350,yes,no,cellular,18,may,80,3,329,3,failure,0,0.0
43,self-employed,married,secondary,no,487,yes,no,telephone,18,may,54,2,279,4,failure,0,6.1903154058531475
38,blue-collar,married,primary,no,5643,yes,no,cellular,18,may,106,2,362,1,failure,0,8.638348312972704
30,blue-collar,single,secondary,no,8950,yes,no,cellular,18,may,11,4,355,1,other,0,9.099520536870939
45,admin.,married,secondary,no,14,no,yes,cellular,18,may,8,9,353,5,failure,0,2.70805020110221
30,services,single,secondary,no,177,yes,no,cellular,18,may,187,4,356,2,other,0,5.181783550292085
34,blue-collar,married,primary,no,-1,yes,no,cellular,18,may,1057,6,355,1,other,1,0.0
36,blue-collar,single,primary,no,90,yes,no,cellular,18,may,50,2,360,1,failure,0,4.51085950651685
48,blue-collar,married,secondary,no,5306,yes,no,cellular,18,may,66,2,368,1,failure,0,8.576781982827894
47,blue-collar,single,secondary,no,57,yes,no,cellular,18,may,72,3,369,4,failure,0,4.060443010546419
29,admin.,single,secondary,no,596,yes,no,cellular,18,may,172,2,346,6,failure,0,6.391917113392602
34,blue-collar,married,secondary,no,463,yes,no,cellular,18,may,11,11,360,4,failure,0,6.139884552226255
26,blue-collar,married,primary,no,172,yes,no,cellular,18,may,410,3,354,3,failure,0,5.153291594497779
34,technician,married,secondary,no,118,yes,no,cellular,18,may,53,4,262,2,failure,0,4.77912349311153
33,self-employed,single,secondary,no,136,yes,no,cellular,18,may,30,2,336,13,other,0,4.919980925828125
28,services,married,secondary,no,38,yes,no,cellular,18,may,16,5,355,3,other,0,3.6635616461296463
34,blue-collar,single,primary,no,18,no,no,cellular,18,may,324,4,360,3,other,0,2.9444389791664403
39,technician,married,secondary,no,6,yes,no,cellular,18,may,122,3,357,4,failure,0,1.9459101490553132
24,blue-collar,single,secondary,no,-398,yes,no,cellular,18,may,14,3,355,4,other,0,0.0
27,technician,married,tertiary,no,176,yes,no,cellular,18,may,10,2,350,7,other,0,5.176149732573829
32,admin.,divorced,secondary,yes,5,yes,yes,cellular,18,may,82,3,363,2,other,0,1.791759469228055
31,entrepreneur,married,primary,no,-98,yes,no,cellular,18,may,9,3,362,7,failure,0,0.0
31,admin.,single,secondary,no,-422,yes,no,cellular,18,may,64,2,329,15,other,0,0.0
32,technician,married,secondary,no,580,yes,no,cellular,18,may,8,4,279,2,other,0,6.364750756851911
31,unemployed,single,secondary,no,500,yes,no,cellular,18,may,184,2,350,2,failure,0,6.2166061010848646
28,technician,single,tertiary,no,426,no,no,cellular,18,may,11,4,355,1,other,0,6.056784013228625
27,technician,single,secondary,no,1842,yes,yes,cellular,18,may,687,2,300,1,failure,0,7.519149957669823
40,blue-collar,married,primary,no,592,yes,no,cellular,18,may,80,3,350,2,failure,0,6.385194398997726
47,admin.,married,secondary,no,-121,yes,yes,cellular,18,may,167,4,314,4,failure,0,0.0
49,admin.,single,secondary,no,1150,yes,no,cellular,18,may,126,2,355,1,failure,0,7.048386408721883
40,management,married,tertiary,no,198,yes,no,cellular,18,may,214,5,364,8,failure,0,5.293304824724492
26,blue-collar,single,secondary,no,23,yes,no,cellular,18,may,11,6,367,1,other,0,3.1780538303479458
24,student,single,secondary,no,508,yes,no,telephone,18,may,12,3,374,1,other,0,6.2324480165505225
46,services,married,primary,no,116,yes,no,cellular,18,may,267,4,341,3,failure,0,4.762173934797756
38,technician,single,secondary,no,-242,yes,no,cellular,18,may,1173,3,278,6,success,1,0.0
29,blue-collar,married,primary,no,79,yes,no,cellular,18,may,27,4,356,2,failure,0,4.382026634673881
25,services,married,secondary,no,121,yes,no,cellular,18,may,477,3,356,3,other,0,4.804021044733257
35,services,single,secondary,no,719,yes,no,cellular,18,may,1359,3,368,3,failure,1,6.579251212010101
38,technician,married,secondary,no,976,yes,no,cellular,18,may,32,8,308,3,success,0,6.884486652042782
29,unemployed,single,tertiary,no,497,yes,no,cellular,18,may,642,3,298,6,success,1,6.210600077024653
28,blue-collar,married,secondary,no,1113,yes,no,cellular,22,may,135,1,108,2,other,0,7.01571242048723
46,management,single,tertiary,no,6651,no,no,cellular,22,may,114,1,60,1,failure,0,8.802672840312818
42,blue-collar,married,secondary,no,366,yes,no,cellular,22,may,324,1,106,1,failure,1,5.905361848054571
45,admin.,divorced,secondary,no,397,yes,yes,cellular,22,may,582,1,95,2,success,1,5.986452005284438
32,technician,single,tertiary,no,1625,no,no,cellular,22,may,796,1,109,1,failure,1,7.3938782901077555
33,management,married,tertiary,no,81,yes,no,cellular,22,may,104,1,186,1,failure,0,4.406719247264253
30,management,married,tertiary,no,877,no,no,cellular,22,may,122,2,108,3,failure,0,6.777646593635117
39,technician,married,secondary,no,2266,no,no,cellular,22,may,86,1,93,4,success,0,7.726212650507529
37,admin.,married,secondary,no,1314,yes,no,cellular,22,may,74,1,14,9,failure,0,7.181591944611865
49,unemployed,married,tertiary,no,377,no,no,cellular,22,may,158,1,59,2,failure,0,5.934894195619588
37,services,married,secondary,no,1543,yes,no,cellular,22,may,298,1,10,6,failure,1,7.342131730584722
28,student,single,secondary,no,5916,no,no,cellular,22,may,259,1,63,5,failure,0,8.685584842676693
39,management,single,tertiary,no,0,yes,no,cellular,22,may,271,1,93,3,success,1,0.0
58,retired,divorced,primary,no,720,no,no,telephone,22,may,250,1,94,4,success,0,6.580639137284949
58,retired,divorced,primary,no,1194,yes,no,cellular,22,may,807,1,310,1,other,0,7.085901464365611
43,services,married,secondary,no,2145,no,no,cellular,22,may,271,1,183,3,failure,1,7.671360923190644
39,management,married,tertiary,no,622,no,no,cellular,22,may,181,2,184,1,failure,0,6.434546518787453
54,management,married,tertiary,no,511,no,no,cellular,22,may,264,2,94,3,failure,0,6.238324625039508
26,student,single,secondary,no,620,no,no,cellular,22,may,223,1,94,1,success,1,6.431331081933479
44,technician,married,secondary,no,2981,yes,yes,cellular,22,may,106,1,101,2,failure,0,8.000349495324684
27,student,single,tertiary,no,3733,yes,no,cellular,22,may,198,1,98,6,success,1,8.225235324101668
46,services,married,secondary,no,1381,yes,no,cellular,22,may,115,3,379,1,failure,0,7.231287004327616
36,unemployed,single,tertiary,no,953,yes,no,cellular,22,may,169,1,94,2,other,0,6.860663671448287
42,management,married,primary,no,5310,yes,no,cellular,22,may,545,2,186,1,success,1,8.577535420422398
28,technician,single,secondary,no,1532,no,no,cellular,22,may,253,1,107,5,failure,0,7.334981878871814
36,management,married,tertiary,no,255,no,no,cellular,22,may,970,2,92,2,other,1,5.545177444479562
27,management,single,tertiary,no,616,yes,no,cellular,22,may,685,1,101,1,other,1,6.424869023905388
31,admin.,single,secondary,no,554,yes,no,cellular,25,may,97,3,103,2,failure,0,6.318968113746434
43,admin.,single,secondary,no,733,yes,no,cellular,25,may,282,1,187,3,success,1,6.598509028614515
54,blue-collar,married,primary,no,258,no,no,telephone,25,may,86,1,88,1,failure,0,5.556828061699537
32,technician,married,tertiary,no,8023,no,no,cellular,25,may,146,1,97,1,other,0,8.990192329641772
33,technician,single,secondary,no,2583,no,no,cellular,25,may,241,1,108,1,failure,0,7.857093864902493
60,retired,divorced,tertiary,no,439,no,yes,cellular,25,may,464,1,321,1,failure,1,6.0867747269123065
35,admin.,married,secondary,no,514,yes,no,cellular,25,may,56,1,185,1,other,0,6.244166900663736
26,student,single,tertiary,no,5169,yes,no,cellular,25,may,397,1,35,2,failure,1,8.550627967502475
36,management,single,tertiary,no,1379,no,no,cellular,25,may,189,1,186,1,failure,1,7.22983877815125
28,technician,single,tertiary,no,0,yes,no,cellular,25,may,269,1,40,2,failure,1,0.0
56,retired,married,tertiary,no,281,no,no,cellular,25,may,185,1,83,2,success,0,5.641907070938114
30,technician,single,secondary,no,156,yes,no,cellular,25,may,157,4,363,5,failure,0,5.056245805348308
24,blue-collar,single,secondary,no,167,no,yes,cellular,25,may,288,1,96,2,success,1,5.123963979403259
38,management,married,tertiary,no,93,yes,no,cellular,25,may,74,1,272,4,failure,0,4.543294782270004
30,admin.,married,secondary,no,1165,no,no,cellular,25,may,205,1,35,2,failure,0,7.061334366910438
31,admin.,single,secondary,no,8626,no,no,cellular,25,may,159,1,111,1,failure,0,9.062652099076578
37,management,married,tertiary,no,900,yes,no,cellular,25,may,116,1,18,3,failure,0,6.803505257608338
39,management,married,tertiary,no,246,yes,no,cellular,25,may,217,1,306,8,failure,0,5.5093883366279774
38,admin.,married,secondary,no,755,yes,no,cellular,25,may,531,1,97,1,success,0,6.628041376179533
33,management,married,secondary,no,369,no,no,cellular,25,may,115,2,103,1,success,0,5.91350300563827
43,technician,divorced,secondary,no,1612,no,no,cellular,25,may,262,2,353,1,other,1,7.385851078125209
36,technician,married,tertiary,no,911,yes,yes,cellular,25,may,117,2,21,3,failure,1,6.815639990074331
31,technician,single,secondary,no,863,yes,no,cellular,25,may,166,3,111,6,failure,0,6.761572768804055
29,admin.,married,tertiary,no,238,no,no,cellular,25,may,344,2,88,1,failure,1,5.476463551931511
54,unemployed,married,secondary,no,1561,no,no,cellular,25,may,352,3,186,2,failure,1,7.3537223303996315
35,technician,single,secondary,no,27,yes,no,cellular,25,may,214,1,305,1,other,1,3.332204510175204
32,technician,single,tertiary,no,705,yes,no,cellular,25,may,414,2,35,4,failure,1,6.559615237493242
27,technician,single,tertiary,no,11862,no,no,telephone,25,may,281,5,101,1,success,0,9.381179591661104
33,technician,single,tertiary,no,109,yes,yes,cellular,25,may,601,2,10,7,failure,1,4.700480365792417
40,blue-collar,married,primary,no,-310,yes,yes,cellular,26,may,133,2,363,5,failure,0,0.0
48,management,single,tertiary,no,5689,no,no,cellular,26,may,527,2,103,1,success,0,8.646465527120377
32,management,married,tertiary,no,937,no,no,cellular,26,may,61,1,190,1,failure,0,6.843749949006225
40,management,married,secondary,no,363,yes,yes,cellular,26,may,135,1,104,2,failure,0,5.8971538676367405
24,student,single,secondary,no,23878,no,no,cellular,26,may,133,1,97,1,success,1,10.080754690582811
35,blue-collar,single,secondary,no,142,yes,no,cellular,26,may,293,2,19,3,failure,0,4.962844630259907
42,technician,married,secondary,no,1066,no,no,cellular,26,may,125,1,104,3,success,0,6.9726062513017535
32,technician,single,tertiary,no,2340,no,no,cellular,26,may,94,1,97,2,success,0,7.75833346749091
56,entrepreneur,married,secondary,no,339,yes,no,cellular,26,may,251,1,98,3,other,0,5.8289456176102075
30,technician,single,tertiary,no,411,no,no,cellular,26,may,111,1,35,1,failure,0,6.021023349349527
58,technician,married,secondary,no,3399,no,no,cellular,26,may,1078,1,97,7,other,1,8.131530710604252
36,management,married,tertiary,no,753,no,no,cellular,26,may,71,5,40,4,failure,0,6.625392368007956
31,technician,single,secondary,no,138,no,no,cellular,26,may,91,1,285,2,other,1,4.9344739331306915
31,management,single,tertiary,no,816,yes,no,cellular,26,may,302,1,40,1,failure,0,6.705639094860003
30,management,single,tertiary,no,938,no,no,cellular,26,may,172,2,105,1,other,0,6.844815479208263
51,entrepreneur,married,primary,no,1443,no,no,cellular,26,may,574,1,97,10,success,0,7.275172319452771
33,management,married,tertiary,no,1778,no,no,cellular,26,may,134,1,103,1,success,0,7.483806687665835
34,management,single,tertiary,no,808,no,no,cellular,26,may,376,2,97,1,other,0,6.695798917058491
35,technician,married,tertiary,no,8029,yes,no,cellular,26,may,167,1,285,4,success,0,8.990939806940807
58,retired,married,secondary,no,2714,no,no,cellular,26,may,165,1,287,2,failure,1,7.906547232368036
60,retired,divorced,tertiary,no,4,yes,no,cellular,26,may,400,3,358,2,failure,0,1.6094379124341003
35,technician,single,secondary,no,1693,yes,no,cellular,26,may,58,1,105,1,success,0,7.434847875211999
34,technician,married,tertiary,no,23076,no,no,cellular,26,may,243,2,35,6,other,1,10.046591729504579
48,management,divorced,tertiary,no,17964,yes,no,cellular,26,may,208,2,96,3,other,1,9.79618069954762
26,admin.,single,tertiary,no,2170,yes,no,cellular,26,may,81,1,29,1,failure,0,7.682943169878292
43,management,married,tertiary,no,228,yes,no,cellular,26,may,55,1,113,1,failure,0,5.43372200355424
36,technician,married,secondary,no,15485,no,no,cellular,26,may,83,1,42,1,success,0,9.647691668946669
31,technician,married,secondary,no,180,no,no,cellular,26,may,222,1,70,2,success,0,5.198497031265826
52,technician,married,secondary,no,195,yes,no,cellular,26,may,145,1,98,2,failure,0,5.278114659230517
43,management,divorced,tertiary,no,36,no,no,cellular,26,may,118,1,102,2,failure,0,3.6109179126442243
28,self-employed,single,tertiary,no,805,no,no,cellular,26,may,69,1,99,1,success,0,6.692083742506628
59,management,married,tertiary,no,1831,no,no,cellular,26,may,245,2,98,2,failure,0,7.513163545234075
57,self-employed,married,tertiary,no,350,no,no,cellular,26,may,132,6,112,3,failure,0,5.860786223465865
34,housemaid,married,tertiary,no,0,no,no,cellular,26,may,141,1,188,1,failure,0,0.0
32,technician,married,tertiary,no,4089,no,no,cellular,26,may,114,7,287,3,failure,0,8.316300249036848
34,management,single,tertiary,no,0,yes,yes,cellular,26,may,197,2,98,1,other,0,0.0
29,services,married,secondary,no,1135,yes,no,cellular,26,may,407,2,98,1,success,0,7.035268599281097
36,admin.,single,tertiary,no,635,no,no,cellular,26,may,80,1,102,1,failure,0,6.455198563340122
36,technician,single,secondary,no,144,no,no,cellular,26,may,87,1,308,2,failure,0,4.976733742420574
28,technician,single,secondary,no,6551,no,no,cellular,26,may,362,1,77,1,failure,0,8.787525625532906
60,retired,married,tertiary,no,3461,no,no,cellular,26,may,94,2,112,2,failure,0,8.149601735736155
60,management,married,tertiary,no,1574,no,no,cellular,26,may,189,2,349,1,failure,0,7.362010551259734
32,management,single,tertiary,no,312,no,no,cellular,26,may,208,2,98,2,success,1,5.746203190540153
47,housemaid,single,secondary,no,17023,no,no,cellular,26,may,379,2,97,4,other,0,9.742379392141371
29,management,single,tertiary,no,15459,no,no,cellular,26,may,245,3,97,7,success,0,9.646011322141414
47,admin.,divorced,secondary,no,2232,no,no,cellular,27,may,439,1,103,1,success,1,7.711101251840158
37,admin.,married,secondary,no,1967,no,no,cellular,27,may,242,1,212,1,success,1,7.584773077612199
26,management,single,tertiary,no,155,yes,no,cellular,27,may,74,4,43,5,other,0,5.049856007249537
26,admin.,single,secondary,no,2509,no,no,cellular,27,may,776,3,97,3,success,1,7.828038032125829
30,admin.,single,secondary,no,1027,yes,no,cellular,27,may,136,2,114,1,success,0,6.93537044601511
37,admin.,married,secondary,no,7,yes,no,cellular,27,may,224,7,105,1,other,0,2.0794415416798357
60,housemaid,divorced,secondary,no,2063,no,no,cellular,27,may,95,1,99,2,failure,0,7.6324011266014535
32,blue-collar,married,secondary,no,10287,yes,no,cellular,27,may,281,4,188,1,failure,1,9.2387334464774
30,management,single,tertiary,no,5359,no,no,cellular,27,may,119,1,98,1,success,1,8.586719254064848
35,technician,married,secondary,no,1368,no,no,cellular,27,may,329,1,41,2,other,1,7.221835825288449
43,management,married,tertiary,no,1336,yes,yes,cellular,27,may,82,2,309,1,failure,0,7.198183577101943
38,technician,single,secondary,no,2442,no,no,cellular,27,may,161,1,100,3,success,0,7.8009820712577405
21,blue-collar,single,secondary,no,2265,no,no,cellular,27,may,156,4,99,2,success,0,7.725771441587952
25,admin.,single,tertiary,no,760,yes,no,cellular,27,may,223,3,89,2,failure,1,6.634633357861686
55,admin.,divorced,secondary,no,1872,no,no,cellular,27,may,76,3,103,5,success,0,7.5352967024440884
28,management,married,tertiary,no,1109,yes,no,cellular,27,may,89,4,310,5,failure,0,7.01211529430638
30,self-employed,single,tertiary,no,48,no,no,cellular,27,may,144,2,187,1,failure,0,3.8918202981106265
52,technician,married,secondary,no,196,yes,yes,cellular,27,may,99,2,99,1,success,0,5.2832037287379885
43,admin.,married,secondary,no,132,no,no,cellular,27,may,187,2,71,1,success,1,4.890349128221754
26,management,single,tertiary,no,2506,no,no,cellular,28,may,210,2,100,1,success,0,7.826842098158293
58,retired,married,secondary,no,3382,no,yes,cellular,28,may,294,2,309,2,failure,0,8.12651816878071
36,admin.,married,secondary,no,953,yes,no,cellular,28,may,77,1,100,1,failure,0,6.860663671448287
25,technician,single,secondary,no,7103,yes,no,cellular,28,may,188,3,10,1,failure,1,8.868413284672005
37,admin.,married,tertiary,no,23,yes,no,telephone,28,may,71,1,90,1,other,0,3.1780538303479458
55,admin.,married,secondary,no,602,no,no,cellular,1,jun,324,3,90,2,success,1,6.401917196727186
55,technician,married,secondary,no,511,yes,no,cellular,1,jun,108,1,94,2,other,0,6.238324625039508
26,management,single,tertiary,no,1274,yes,no,cellular,1,jun,190,1,84,1,failure,0,7.150701457592526
49,management,married,tertiary,no,1808,yes,no,cellular,1,jun,205,1,95,1,success,1,7.500529485395295
41,technician,divorced,tertiary,no,2611,yes,no,cellular,1,jun,129,1,314,2,failure,0,7.867871490396322
60,technician,married,secondary,no,1740,no,no,cellular,1,jun,814,1,80,2,success,0,7.462214939768189
46,management,divorced,tertiary,no,4629,no,no,cellular,1,jun,67,1,41,1,failure,0,8.440312147080279
45,admin.,married,tertiary,no,2552,no,no,cellular,1,jun,69,1,293,7,failure,1,7.845024417241484
25,student,single,secondary,no,1116,yes,no,cellular,1,jun,119,1,20,5,failure,0,7.018401799069201
34,admin.,single,secondary,no,528,no,no,cellular,1,jun,165,1,124,1,other,0,6.270988431858299
58,management,married,tertiary,no,2764,no,no,cellular,1,jun,459,1,196,1,failure,0,7.9247959139564355
42,entrepreneur,married,secondary,no,707,no,no,cellular,1,jun,233,1,348,1,success,0,6.56244409369372
47,technician,married,secondary,no,293,no,no,cellular,1,jun,251,1,90,1,success,1,5.683579767338681
55,technician,married,secondary,no,0,yes,yes,cellular,1,jun,106,1,91,1,success,0,0.0
52,technician,married,secondary,no,0,yes,no,cellular,1,jun,144,1,83,1,failure,0,0.0
37,management,married,tertiary,no,1352,no,no,cellular,1,jun,93,1,347,1,success,0,7.210079628170788
60,management,married,tertiary,no,261,yes,yes,cellular,1,jun,128,1,192,1,failure,0,5.568344503761097
57,retired,married,tertiary,no,1292,no,no,cellular,1,jun,151,1,69,1,failure,0,7.164720378771857
35,management,single,tertiary,no,671,yes,no,cellular,1,jun,128,1,83,1,success,0,6.51025834052315
49,management,single,tertiary,no,493,no,no,cellular,1,jun,161,1,39,1,failure,0,6.202535517187923
54,services,divorced,secondary,no,0,no,no,cellular,1,jun,174,1,81,2,success,1,0.0
53,admin.,married,secondary,no,2851,no,yes,telephone,1,jun,89,1,119,1,failure,0,7.955775781534187
43,management,divorced,tertiary,no,2367,no,no,cellular,1,jun,114,1,38,2,other,1,7.769800996003896
42,management,divorced,tertiary,no,0,no,no,cellular,1,jun,450,1,196,1,failure,0,0.0
46,admin.,divorced,secondary,no,2087,no,no,cellular,1,jun,111,1,119,4,other,0,7.643961949002529
27,management,single,tertiary,no,1840,no,no,cellular,1,jun,220,1,28,8,other,1,7.518064181233078
44,management,divorced,tertiary,no,7541,yes,no,telephone,1,jun,55,2,82,1,other,0,8.928242677818302
36,technician,married,tertiary,no,202,no,no,cellular,1,jun,206,1,192,1,failure,0,5.313205979041787
47,management,married,tertiary,no,2351,no,no,cellular,2,jun,163,2,84,1,success,1,7.763021309018518
29,management,single,tertiary,no,92,no,no,cellular,2,jun,101,1,92,5,success,0,4.532599493153256
34,management,divorced,tertiary,no,2466,no,no,cellular,2,jun,143,1,281,5,other,0,7.810758116529357
32,admin.,single,secondary,no,6981,yes,no,cellular,2,jun,154,1,194,3,failure,0,8.851090687664982
36,management,single,tertiary,no,688,no,no,cellular,2,jun,126,1,120,1,failure,0,6.535241271013659
48,blue-collar,married,secondary,no,238,yes,yes,cellular,2,jun,118,2,81,1,success,0,5.476463551931511
26,admin.,single,tertiary,no,313,no,yes,cellular,2,jun,199,1,96,2,success,1,5.749392985908253
45,management,married,tertiary,no,1788,no,no,cellular,2,jun,177,2,301,2,failure,0,7.489412083508719
40,services,married,secondary,no,0,yes,no,cellular,2,jun,297,1,28,3,failure,0,0.0
47,management,married,tertiary,no,1147,no,no,cellular,2,jun,654,1,95,1,failure,1,7.045776576879511
41,management,married,secondary,no,280,yes,no,cellular,2,jun,88,1,95,2,success,0,5.638354669333745
34,self-employed,married,tertiary,no,2427,no,no,telephone,2,jun,50,2,120,1,other,0,7.794823152179389
38,admin.,married,tertiary,no,1988,no,no,cellular,2,jun,103,1,67,4,success,1,7.5953872788539725
38,technician,married,secondary,no,1931,no,no,cellular,2,jun,167,1,298,10,other,0,7.566311014772463
49,technician,divorced,tertiary,no,1807,yes,no,cellular,2,jun,225,1,82,1,success,0,7.4999765409521215
39,admin.,single,secondary,no,782,yes,no,cellular,2,jun,162,2,28,15,failure,0,6.663132695990803
56,services,divorced,secondary,no,935,no,no,cellular,2,jun,136,1,96,3,failure,0,6.841615476477592
42,services,married,secondary,no,1376,yes,no,cellular,2,jun,271,2,92,4,success,1,7.227662498728654
45,management,married,tertiary,no,273,yes,no,cellular,2,jun,163,1,95,2,failure,0,5.6131281063880705
49,technician,married,tertiary,no,523,yes,no,cellular,2,jun,712,1,60,3,failure,1,6.261491684321042
27,technician,single,tertiary,no,15161,no,no,cellular,2,jun,74,1,120,1,success,1,9.626547576616248
60,retired,married,primary,no,1906,no,no,telephone,2,jun,79,1,60,2,other,0,7.553286605600419
38,technician,married,secondary,no,5115,yes,no,cellular,2,jun,318,1,95,7,success,1,8.540128162698734
49,services,married,secondary,no,7019,yes,no,cellular,2,jun,263,1,368,3,failure,1,8.856518497019858
26,admin.,single,secondary,no,96,no,no,cellular,2,jun,696,1,27,2,failure,0,4.574710978503383
32,management,married,secondary,no,625,yes,no,cellular,2,jun,352,1,56,2,failure,0,6.439350371100098
34,admin.,single,secondary,no,4447,yes,no,cellular,2,jun,159,1,84,2,failure,0,8.400209835930418
32,management,divorced,tertiary,no,530,yes,no,cellular,2,jun,118,1,60,1,failure,0,6.274762021241939
46,blue-collar,married,secondary,no,1568,yes,no,cellular,2,jun,310,1,55,6,other,1,7.358193752733032
45,technician,divorced,tertiary,no,10768,yes,no,cellular,2,jun,147,3,78,2,failure,0,9.284426915328881
28,technician,single,tertiary,no,4987,no,no,cellular,2,jun,924,2,113,21,success,1,8.514790306799927
35,management,married,tertiary,no,5367,no,no,cellular,2,jun,80,1,92,1,failure,0,8.588210678651517
49,management,married,tertiary,no,5887,no,no,cellular,2,jun,181,3,293,2,failure,1,8.680671660408713
34,admin.,married,tertiary,no,21,no,yes,cellular,2,jun,269,1,92,2,failure,0,3.091042453358316
35,technician,divorced,secondary,no,2823,yes,no,cellular,2,jun,102,4,96,2,failure,0,7.945909598613133
54,management,married,tertiary,no,446,no,no,cellular,2,jun,122,2,91,8,failure,0,6.102558594613569
29,technician,married,secondary,no,23,yes,no,cellular,2,jun,163,1,55,2,failure,1,3.1780538303479458
34,unemployed,married,secondary,no,978,no,no,cellular,3,jun,262,2,71,1,success,1,6.88653164253051
32,self-employed,married,secondary,no,409,no,no,cellular,3,jun,115,2,86,2,success,1,6.016157159698354
42,blue-collar,married,secondary,no,2913,no,no,cellular,3,jun,705,1,195,1,failure,1,7.97728198675515
41,blue-collar,married,secondary,no,140,yes,no,cellular,3,jun,96,1,125,2,failure,0,4.948759890378168
39,technician,married,tertiary,no,794,no,no,telephone,3,jun,116,2,121,1,failure,0,6.678342114654332
29,management,single,tertiary,no,637,yes,no,cellular,3,jun,340,1,119,1,failure,1,6.45833828334479
26,technician,single,secondary,no,1231,yes,no,cellular,3,jun,385,2,96,5,success,1,7.116394144093465
33,services,single,tertiary,no,1268,yes,no,cellular,3,jun,2219,1,28,2,failure,0,7.1459844677143876
45,technician,married,secondary,no,406,yes,no,cellular,3,jun,240,1,307,10,other,0,6.008813185442595
32,management,married,tertiary,no,3154,no,no,cellular,3,jun,126,1,44,4,failure,0,8.056743774975313
34,management,married,tertiary,no,1047,no,no,cellular,3,jun,342,1,90,7,other,0,6.954638864880987
38,technician,married,secondary,no,1442,yes,no,cellular,3,jun,113,1,119,1,failure,0,7.274479558773871
50,management,married,secondary,no,268,no,no,cellular,3,jun,74,2,90,2,failure,0,5.594711379601839
46,technician,single,secondary,no,4367,yes,no,cellular,3,jun,65,1,96,1,failure,0,8.38206051742474
28,technician,single,tertiary,no,3623,no,no,cellular,3,jun,138,2,85,1,success,0,8.19533366716287
58,management,married,tertiary,no,2261,yes,no,cellular,3,jun,1361,1,391,1,failure,0,7.724004656676065
37,technician,married,secondary,no,6384,yes,yes,cellular,3,jun,254,1,96,2,failure,0,8.76170676846664
42,unemployed,married,tertiary,no,576,no,no,cellular,3,jun,447,2,96,1,success,1,6.3578422665081
44,management,married,tertiary,no,423,no,no,cellular,3,jun,136,6,83,5,success,0,6.049733455231958
26,management,single,tertiary,no,2786,no,no,cellular,3,jun,300,2,72,1,success,1,7.932721027481948
39,unemployed,married,tertiary,no,201,no,no,cellular,3,jun,699,1,119,1,failure,1,5.308267697401205
40,technician,married,secondary,no,694,yes,no,cellular,3,jun,431,2,119,9,failure,1,6.543911845564792
56,retired,married,primary,no,1947,no,no,cellular,3,jun,124,1,34,2,failure,0,7.5745584842024805
41,admin.,divorced,secondary,no,1076,yes,no,cellular,3,jun,77,2,391,2,other,0,6.981934677156389
58,housemaid,married,primary,no,0,no,no,cellular,3,jun,334,3,79,3,other,0,0.0
43,blue-collar,married,primary,no,3917,no,no,cellular,3,jun,725,2,93,1,success,1,8.273336598504486
32,blue-collar,married,secondary,no,889,yes,no,cellular,3,jun,1076,2,85,3,other,1,6.7912214627261855
33,technician,single,secondary,no,781,yes,no,cellular,3,jun,266,1,27,1,failure,0,6.661854740545311
38,management,married,tertiary,no,7255,yes,no,cellular,3,jun,78,2,44,2,failure,0,8.889583991794973
43,management,divorced,tertiary,no,481,yes,no,cellular,3,jun,187,1,20,1,other,1,6.1779441140506
34,technician,married,secondary,no,114,yes,yes,cellular,4,jun,153,1,309,3,other,0,4.74493212836325
35,services,married,secondary,no,52,yes,no,cellular,4,jun,328,2,94,4,success,1,3.970291913552122
42,management,married,tertiary,no,2665,yes,no,cellular,4,jun,280,2,126,11,failure,1,7.888334500738654
37,services,single,secondary,no,1045,no,no,cellular,4,jun,106,1,79,3,success,0,6.952728644624869
33,management,single,tertiary,no,506,no,no,cellular,4,jun,176,1,91,2,success,0,6.2285110035911835
33,technician,single,tertiary,no,154,no,no,cellular,4,jun,111,2,78,2,failure,0,5.043425116919247
41,services,married,secondary,no,0,yes,yes,cellular,4,jun,352,2,122,2,failure,1,0.0
33,technician,single,tertiary,no,317,yes,no,cellular,4,jun,323,1,80,14,other,1,5.762051382780177
32,management,married,tertiary,no,4945,no,no,cellular,4,jun,160,1,119,2,other,1,8.506334448081361
26,technician,married,secondary,no,523,no,no,cellular,4,jun,221,1,126,1,failure,0,6.261491684321042
43,management,married,tertiary,no,2987,no,no,cellular,4,jun,156,1,85,3,failure,1,8.002359546252707
38,technician,single,secondary,no,1130,no,no,cellular,4,jun,96,2,98,1,success,1,7.030857476116121
38,entrepreneur,divorced,secondary,no,1190,yes,no,cellular,4,jun,81,2,391,3,failure,1,7.0825485693553
41,management,divorced,tertiary,no,3426,no,no,cellular,4,jun,102,2,297,3,failure,1,8.139440521874608
31,services,married,secondary,no,447,no,no,cellular,4,jun,327,3,77,3,success,1,6.104793232414985
35,blue-collar,married,secondary,no,563,no,yes,cellular,4,jun,147,1,119,3,failure,1,6.335054251498059
37,technician,married,tertiary,no,549,no,no,cellular,4,jun,217,2,94,1,success,0,6.309918278226516
38,management,married,tertiary,no,1988,yes,no,cellular,4,jun,422,1,79,4,other,0,7.5953872788539725
31,management,single,tertiary,no,617,no,no,cellular,4,jun,1161,1,97,2,success,1,6.42648845745769
34,services,married,secondary,no,2918,no,yes,cellular,4,jun,246,1,196,2,success,1,7.978996370854115
34,admin.,single,secondary,no,303,no,no,cellular,4,jun,282,3,126,3,failure,1,5.717027701406222
30,admin.,married,secondary,no,779,yes,no,cellular,4,jun,156,2,17,3,other,0,6.659293919683638
29,admin.,single,tertiary,no,261,no,no,cellular,4,jun,66,1,79,19,failure,0,5.568344503761097
27,admin.,single,secondary,no,827,yes,no,cellular,4,jun,73,1,107,1,failure,0,6.71901315438526
40,admin.,single,secondary,no,985,yes,no,cellular,4,jun,592,3,50,8,failure,1,6.893656354602635
46,admin.,married,secondary,no,974,no,no,cellular,5,jun,174,2,80,1,success,1,6.882437470997847
28,management,single,secondary,no,171,no,no,cellular,5,jun,324,1,87,1,success,1,5.147494476813453
35,admin.,divorced,secondary,no,1085,no,no,cellular,5,jun,199,1,86,7,success,1,6.990256500493881
34,services,single,tertiary,no,88,no,no,cellular,5,jun,206,1,99,1,failure,0,4.48863636973214
25,self-employed,single,tertiary,no,42,yes,no,cellular,5,jun,149,1,94,1,success,1,3.7612001156935624
24,management,single,tertiary,no,1004,yes,no,cellular,5,jun,133,1,67,2,failure,0,6.912742820493176
34,blue-collar,single,secondary,no,215,no,no,cellular,5,jun,329,1,94,3,success,0,5.375278407684165
38,management,married,tertiary,no,1187,yes,yes,cellular,5,jun,76,2,123,1,failure,0,7.080026499922591
21,services,single,secondary,no,361,no,no,telephone,5,jun,329,1,95,1,other,0,5.8916442118257715
31,management,single,tertiary,no,924,no,no,cellular,5,jun,207,2,98,1,success,1,6.829793737512425
35,management,married,tertiary,no,697,no,no,cellular,5,jun,57,2,304,1,failure,0,6.548219102762372
29,technician,single,secondary,no,5763,no,yes,cellular,5,jun,271,2,92,2,success,0,8.659386957119413
55,management,divorced,tertiary,no,9756,yes,no,cellular,5,jun,103,2,95,1,other,1,9.18574025510795
57,management,married,tertiary,no,256,no,no,cellular,5,jun,304,2,91,1,success,1,5.54907608489522
22,blue-collar,single,secondary,no,682,no,no,cellular,5,jun,126,2,91,1,success,1,6.52649485957079
50,housemaid,married,secondary,no,388,no,no,cellular,8,jun,152,2,89,2,success,0,5.963579343618446
46,technician,married,secondary,no,3434,no,yes,cellular,8,jun,148,2,101,1,success,1,8.14177220465645
38,management,married,tertiary,no,1354,yes,no,cellular,8,jun,127,3,130,2,failure,0,7.2115567333138015
28,technician,single,secondary,no,1363,no,no,cellular,9,jun,431,3,102,1,success,0,7.218176838403408
32,admin.,single,tertiary,no,8866,no,no,cellular,9,jun,234,2,83,2,success,1,9.090091799380007
43,entrepreneur,divorced,secondary,no,3780,yes,no,cellular,9,jun,67,2,202,3,failure,0,8.237743803890933
36,entrepreneur,divorced,tertiary,no,3407,no,no,cellular,9,jun,993,4,85,4,success,1,8.133880887949207
41,management,married,tertiary,no,254,no,no,cellular,9,jun,183,2,294,2,failure,1,5.541263545158426
37,services,married,secondary,no,3,yes,no,cellular,12,jun,105,4,318,6,failure,0,1.3862943611198906
52,management,married,tertiary,no,437,no,no,telephone,12,jun,137,3,113,1,other,0,6.082218910376446
24,management,single,tertiary,no,1506,no,no,cellular,12,jun,239,2,95,4,success,1,7.317876198626496
30,management,married,tertiary,no,27,yes,no,cellular,12,jun,175,2,319,2,other,0,3.332204510175204
30,technician,single,secondary,no,601,no,no,cellular,12,jun,80,3,105,1,failure,0,6.400257445308821
60,management,married,secondary,no,544,no,no,cellular,12,jun,95,7,357,2,failure,1,6.300785794663244
29,technician,married,tertiary,no,858,yes,no,cellular,12,jun,234,7,330,1,failure,0,6.755768921984255
30,admin.,single,secondary,no,523,no,yes,cellular,12,jun,136,3,101,1,success,0,6.261491684321042
40,self-employed,single,tertiary,no,10346,no,no,cellular,15,jun,491,2,207,1,other,1,9.24445190160495
50,management,married,tertiary,no,1612,no,no,cellular,15,jun,532,2,98,2,other,1,7.385851078125209
34,technician,married,tertiary,no,1539,yes,no,cellular,15,jun,441,1,56,1,other,1,7.3395376954076745
33,management,married,tertiary,no,1390,no,no,cellular,15,jun,92,2,312,2,failure,0,7.237778191923443
33,unemployed,married,tertiary,no,3335,no,no,cellular,15,jun,92,1,301,6,failure,0,8.112527763478637
59,technician,married,secondary,no,259,no,no,cellular,15,jun,415,1,89,1,success,1,5.560681631015528
28,services,single,secondary,no,102,no,no,cellular,15,jun,64,1,89,3,other,0,4.634728988229636
31,student,single,secondary,no,1776,no,no,cellular,15,jun,220,1,207,1,other,1,7.482681828154651
26,admin.,married,secondary,no,1595,no,no,cellular,15,jun,155,1,105,1,failure,1,7.3752557780097545
23,blue-collar,single,primary,no,382,no,no,cellular,15,jun,74,1,108,1,other,0,5.948034989180646
37,admin.,single,tertiary,no,1000,yes,no,cellular,15,jun,322,1,90,1,success,1,6.90875477931522
35,management,single,tertiary,no,2015,no,no,cellular,15,jun,60,1,390,1,failure,0,7.60887062919126
35,services,single,secondary,no,1701,yes,no,cellular,15,jun,175,1,67,3,other,0,7.43955930913332
39,services,single,secondary,no,1048,yes,no,cellular,15,jun,108,1,32,1,failure,0,6.955592608396297
35,management,married,tertiary,no,2461,no,no,cellular,15,jun,205,2,81,4,other,0,7.808729306744399
30,management,single,tertiary,no,2,no,no,cellular,16,jun,102,1,85,1,failure,0,1.0986122886681098
48,technician,married,secondary,no,1981,yes,no,cellular,16,jun,404,3,92,5,failure,0,7.591861714889934
59,admin.,married,secondary,no,3735,no,no,cellular,17,jun,243,3,91,6,success,1,8.225770799348734
37,management,married,tertiary,no,26,no,no,cellular,17,jun,151,7,62,4,failure,0,3.295836866004329
42,management,married,secondary,no,6526,no,no,cellular,18,jun,133,2,399,3,failure,0,8.783702698635217
34,management,married,tertiary,no,2374,yes,yes,cellular,18,jun,270,2,314,2,failure,1,7.772752716468742
26,services,single,secondary,no,1347,no,no,telephone,18,jun,280,6,92,5,other,1,7.206377291472252
42,technician,married,secondary,no,1539,no,no,cellular,19,jun,63,5,211,2,failure,0,7.3395376954076745
49,management,single,tertiary,no,7443,no,no,telephone,19,jun,293,5,211,2,failure,1,8.915163617762142
28,self-employed,single,tertiary,no,442,no,no,cellular,19,jun,474,3,95,3,other,1,6.093569770045136
59,self-employed,married,tertiary,no,185,no,no,cellular,22,jun,177,5,138,1,failure,0,5.225746673713202
55,admin.,married,secondary,no,9329,no,no,cellular,22,jun,136,1,95,1,failure,0,9.140990293841389
30,technician,married,secondary,no,2326,no,no,cellular,22,jun,67,1,108,1,success,0,7.752335163302292
83,retired,married,primary,no,425,no,no,telephone,22,jun,883,1,140,1,failure,1,6.054439346269371
61,management,married,tertiary,no,997,no,no,cellular,22,jun,269,1,104,1,success,1,6.905753276311464
73,retired,married,tertiary,no,448,no,no,cellular,22,jun,68,1,90,1,success,0,6.1070228877422545
26,unemployed,single,secondary,no,771,no,no,cellular,22,jun,113,1,109,1,failure,0,6.648984550024776
58,management,married,secondary,no,111,no,no,telephone,22,jun,39,1,90,2,failure,0,4.718498871295094
37,admin.,married,secondary,no,2061,yes,yes,cellular,22,jun,459,1,109,3,failure,1,7.631431664576906
19,student,single,secondary,no,1803,no,no,cellular,23,jun,124,1,105,1,failure,0,7.4977617006225685
48,admin.,divorced,secondary,no,0,yes,yes,cellular,23,jun,248,1,89,1,failure,0,0.0
58,admin.,married,secondary,no,4348,yes,no,cellular,23,jun,790,4,141,1,other,1,8.37770121259764
52,admin.,divorced,tertiary,no,0,yes,yes,cellular,30,jun,122,1,64,1,failure,0,0.0
33,technician,single,tertiary,no,6281,yes,no,cellular,1,jul,1057,1,393,4,success,0,8.745443680098592
72,self-employed,married,tertiary,no,132,no,no,cellular,1,jul,260,2,65,1,success,1,4.890349128221754
51,unemployed,married,tertiary,no,1801,no,no,cellular,2,jul,82,1,77,3,success,0,7.496652438168283
50,management,divorced,tertiary,no,405,no,no,cellular,2,jul,146,1,91,6,failure,0,6.0063531596017325
40,management,married,tertiary,no,2763,yes,no,cellular,2,jul,566,1,395,2,success,1,7.92443418488756
42,entrepreneur,married,secondary,no,2959,yes,no,telephone,2,jul,711,1,342,1,failure,1,7.992944547318106
37,management,married,primary,no,22856,no,no,cellular,2,jul,154,1,388,1,failure,0,10.037012695141119
60,retired,married,secondary,no,263,no,no,cellular,2,jul,317,1,330,2,failure,0,5.575949103146316
30,blue-collar,married,primary,no,1101,yes,yes,cellular,2,jul,590,1,225,3,failure,0,7.004881989712859
28,management,single,tertiary,no,12956,yes,no,cellular,2,jul,940,1,399,3,success,1,9.469391461628812
39,admin.,divorced,secondary,no,19,yes,no,cellular,2,jul,503,2,147,5,success,1,2.995732273553991
31,blue-collar,married,secondary,no,625,yes,no,cellular,2,jul,135,2,49,3,failure,1,6.439350371100098
30,unemployed,married,tertiary,no,330,no,no,cellular,3,jul,264,1,80,1,success,1,5.802118375377063
34,management,married,tertiary,no,0,no,no,cellular,3,jul,122,1,72,1,failure,0,0.0
31,admin.,married,secondary,no,873,yes,no,cellular,3,jul,147,2,233,4,failure,0,6.773080375655535
41,entrepreneur,married,primary,no,0,no,no,cellular,3,jul,438,2,389,1,other,1,0.0
37,technician,married,secondary,no,1824,yes,no,cellular,3,jul,112,2,324,2,other,0,7.509335266016592
40,services,married,tertiary,no,35,no,no,cellular,3,jul,318,4,317,3,failure,0,3.58351893845611
47,management,married,tertiary,no,4879,no,no,cellular,6,jul,96,3,340,3,failure,0,8.492900498847193
33,management,single,tertiary,no,1160,yes,yes,cellular,7,jul,139,1,391,2,failure,0,7.057036981697891
34,technician,married,secondary,no,-74,yes,no,cellular,7,jul,98,2,347,4,failure,0,0.0
48,management,married,secondary,no,2892,no,no,cellular,7,jul,407,1,385,1,success,1,7.970049304976135
53,admin.,single,secondary,no,1958,no,no,telephone,7,jul,82,2,75,4,failure,0,7.580189417944541
69,retired,married,tertiary,no,473,no,no,cellular,7,jul,112,1,78,1,failure,0,6.161207321695077
37,services,married,secondary,no,981,no,no,cellular,7,jul,682,2,386,1,success,1,6.889591308354466
32,management,single,tertiary,no,0,no,no,cellular,7,jul,98,1,159,1,other,0,0.0
36,management,single,tertiary,no,4,yes,no,cellular,7,jul,529,1,61,3,success,0,1.6094379124341003
38,unemployed,married,primary,no,7005,yes,no,cellular,7,jul,370,1,412,1,failure,1,8.854522203757432
31,services,married,secondary,no,132,no,no,cellular,7,jul,148,1,152,1,other,0,4.890349128221754
55,admin.,married,secondary,no,865,yes,no,cellular,8,jul,105,1,82,2,failure,0,6.763884908562435
31,management,single,secondary,no,202,yes,no,cellular,8,jul,167,1,62,1,failure,1,5.313205979041787
31,management,single,tertiary,no,307,no,no,cellular,8,jul,361,1,229,2,failure,1,5.730099782973574
52,technician,married,tertiary,no,2557,no,no,cellular,8,jul,340,1,156,1,other,1,7.846980982138788
42,management,married,secondary,no,406,yes,no,cellular,8,jul,194,1,391,2,success,0,6.008813185442595
29,technician,married,secondary,no,1599,yes,no,cellular,8,jul,115,1,61,1,failure,0,7.3777589082278725
34,admin.,married,secondary,no,1551,yes,yes,cellular,8,jul,188,2,82,4,other,0,7.347299700743164
58,retired,married,secondary,no,1227,no,no,cellular,8,jul,625,1,156,1,failure,0,7.113142108707088
34,self-employed,married,tertiary,no,980,no,no,cellular,8,jul,243,1,348,3,failure,0,6.8885724595653635
26,student,single,tertiary,no,10086,no,no,cellular,8,jul,475,3,78,2,success,0,9.219002745054835
27,management,single,tertiary,no,2489,no,no,cellular,15,jul,323,2,163,2,other,1,7.820037989458753
32,management,single,tertiary,no,1017,no,no,cellular,15,jul,166,7,163,1,failure,0,6.925595197110468
37,admin.,married,tertiary,no,3913,yes,no,cellular,16,jul,57,2,80,1,success,0,8.272315147956022
34,technician,single,tertiary,no,144,yes,yes,cellular,21,jul,213,3,89,16,failure,0,4.976733742420574
42,management,single,tertiary,no,11008,no,no,cellular,28,jul,822,6,405,1,success,1,9.306468399070404
34,technician,married,secondary,no,603,yes,no,cellular,28,jul,51,4,434,1,failure,0,6.403574197934815
50,admin.,divorced,secondary,no,769,no,no,cellular,28,jul,72,2,363,4,failure,0,6.646390514847729
49,technician,married,tertiary,no,0,no,yes,cellular,28,jul,67,5,252,1,failure,0,0.0
44,management,married,tertiary,no,1646,yes,no,cellular,29,jul,292,6,251,1,failure,0,7.4067107301776405
26,admin.,single,secondary,no,125,no,no,cellular,4,aug,92,1,118,6,other,0,4.836281906951478
37,admin.,single,secondary,no,115,no,no,cellular,4,aug,236,1,92,4,failure,0,4.7535901911063645
46,self-employed,single,secondary,no,526,no,no,cellular,4,aug,326,1,96,3,success,0,6.267200548541362
25,management,single,tertiary,no,219,no,no,cellular,4,aug,576,1,96,1,success,1,5.393627546352362
29,management,married,tertiary,no,451,no,no,cellular,4,aug,152,1,92,2,failure,0,6.113682179832232
47,technician,married,secondary,no,1167,yes,no,cellular,4,aug,505,1,96,6,success,1,7.0630481633881725
62,retired,married,secondary,no,3340,no,no,cellular,4,aug,259,1,35,1,failure,0,8.114025442356757
40,technician,single,tertiary,no,1646,yes,no,cellular,4,aug,173,1,92,5,success,1,7.4067107301776405
46,management,married,tertiary,no,242,no,no,cellular,4,aug,120,2,96,1,success,1,5.493061443340548
31,admin.,single,secondary,no,40,no,no,cellular,4,aug,158,1,104,2,failure,0,3.713572066704308
47,management,married,tertiary,no,699,no,no,cellular,5,aug,432,3,97,2,success,0,6.551080335043404
55,management,divorced,tertiary,no,2383,no,no,cellular,5,aug,1019,2,63,2,success,1,7.776535028185241
30,self-employed,married,tertiary,no,2666,no,no,cellular,5,aug,475,2,93,4,success,1,7.888709524182015
53,management,married,tertiary,no,1356,yes,no,cellular,5,aug,397,2,93,2,failure,0,7.213031659834869
48,management,married,tertiary,no,1147,no,no,cellular,5,aug,389,1,64,2,success,1,7.045776576879511
41,management,married,tertiary,no,2487,no,no,cellular,5,aug,206,1,97,1,failure,0,7.81923445385907
27,unemployed,single,secondary,no,3276,no,no,cellular,5,aug,106,1,110,2,other,0,8.094683648698815
47,management,single,tertiary,no,86,no,no,cellular,5,aug,253,1,97,4,success,1,4.465908118654584
27,management,single,tertiary,no,6791,no,no,cellular,5,aug,179,2,69,26,other,1,8.823500727991183
25,student,single,secondary,no,41,yes,no,telephone,5,aug,100,2,93,2,failure,0,3.7376696182833684
47,housemaid,married,secondary,no,3940,yes,no,cellular,5,aug,226,3,97,2,failure,1,8.279189777195004
37,unemployed,single,tertiary,no,1291,no,no,cellular,5,aug,150,1,97,2,success,1,7.163946684342547
36,management,married,tertiary,no,495,no,no,cellular,5,aug,157,3,97,2,success,1,6.206575926724928
45,management,married,tertiary,no,6945,no,no,cellular,5,aug,131,5,356,3,failure,0,8.845921233304018
53,management,married,tertiary,no,1624,no,no,cellular,6,aug,107,1,98,6,success,1,7.393263094763838
30,admin.,single,secondary,no,81,yes,no,cellular,6,aug,121,6,112,3,other,0,4.406719247264253
50,management,married,tertiary,no,938,no,no,cellular,6,aug,148,2,98,1,success,0,6.844815479208263
65,retired,married,secondary,no,1176,no,no,cellular,6,aug,111,1,184,1,failure,0,7.0707241072602764
32,services,single,secondary,no,6857,no,no,cellular,6,aug,85,1,185,1,failure,0,8.833171133022866
40,management,married,tertiary,no,0,no,no,cellular,6,aug,131,2,98,6,success,1,0.0
53,admin.,divorced,secondary,no,0,yes,yes,cellular,6,aug,1452,1,98,2,failure,1,0.0
44,admin.,married,secondary,no,0,yes,no,cellular,6,aug,142,1,260,1,other,0,0.0
65,retired,married,tertiary,no,162,no,no,cellular,6,aug,280,3,185,2,failure,0,5.093750200806762
46,management,married,tertiary,no,4693,no,yes,cellular,7,aug,79,1,394,2,failure,1,8.454040376410969
59,housemaid,married,secondary,no,0,no,no,telephone,7,aug,107,2,63,1,failure,0,0.0
47,housemaid,married,primary,no,201,yes,no,cellular,7,aug,58,2,382,1,failure,0,5.308267697401205
30,technician,married,secondary,no,776,no,no,cellular,7,aug,72,1,99,2,success,0,6.655440350367647
41,admin.,married,tertiary,no,1536,no,no,cellular,7,aug,273,1,95,2,failure,1,7.337587743538596
37,admin.,married,secondary,no,96,no,no,cellular,7,aug,155,1,99,2,success,1,4.574710978503383
32,admin.,single,tertiary,no,4041,no,no,cellular,7,aug,325,1,99,2,success,0,8.304494897963567
57,services,married,secondary,no,2476,yes,no,cellular,7,aug,239,1,459,1,success,0,7.814803429489359
37,admin.,single,secondary,no,262,no,no,cellular,7,aug,305,1,179,5,other,0,5.572154032177765
37,technician,married,secondary,no,318,no,no,cellular,7,aug,83,1,95,4,other,0,5.765191102784844
32,management,single,tertiary,no,697,no,no,cellular,7,aug,119,1,99,3,failure,0,6.548219102762372
34,management,married,tertiary,no,0,yes,no,cellular,7,aug,262,1,99,2,success,1,0.0
44,admin.,single,secondary,no,1534,no,no,cellular,7,aug,166,1,99,2,other,1,7.336285660021297
49,technician,married,secondary,no,305,no,no,cellular,7,aug,140,1,99,1,failure,0,5.723585101952381
42,services,single,secondary,no,3403,yes,no,cellular,7,aug,215,1,99,1,failure,1,8.132706489693264
58,unemployed,married,secondary,no,687,yes,no,cellular,7,aug,221,1,99,2,success,1,6.5337888379333435
33,services,married,secondary,no,1076,no,no,cellular,7,aug,88,1,259,4,failure,0,6.981934677156389
35,entrepreneur,married,secondary,no,2971,no,no,cellular,7,aug,158,2,95,6,success,0,7.99699040583765
41,management,married,tertiary,no,2226,no,no,cellular,7,aug,182,2,99,1,failure,1,7.708410667257367
23,student,single,secondary,no,0,no,no,cellular,7,aug,217,1,99,7,success,1,0.0
33,management,single,tertiary,no,5437,no,no,cellular,10,aug,131,1,98,2,success,0,8.601166625192416
39,blue-collar,single,tertiary,no,172,yes,no,cellular,10,aug,248,1,131,1,success,0,5.153291594497779
54,technician,married,secondary,no,10185,no,no,cellular,10,aug,559,1,70,2,other,1,9.22876950744455
33,management,married,tertiary,no,22867,yes,no,cellular,10,aug,73,1,440,2,failure,0,10.037493832383863
32,management,single,tertiary,no,935,no,no,cellular,10,aug,161,2,375,5,failure,1,6.841615476477592
59,retired,married,tertiary,no,1425,no,no,cellular,10,aug,489,2,102,1,success,0,7.262628600974241
38,admin.,married,secondary,no,47,yes,no,cellular,10,aug,120,1,98,5,success,0,3.871201010907891
48,blue-collar,married,secondary,no,1730,yes,no,cellular,10,aug,158,1,102,1,success,0,7.456454555176209
59,retired,divorced,tertiary,no,3444,no,no,cellular,10,aug,252,1,185,2,success,1,8.144679183447758
28,blue-collar,single,tertiary,no,1984,yes,no,cellular,10,aug,89,1,98,3,failure,0,7.59337419312129
46,blue-collar,married,secondary,no,4855,yes,no,cellular,10,aug,1529,1,397,1,failure,0,8.487970332739334
32,self-employed,single,tertiary,no,1815,no,no,telephone,10,aug,235,1,102,2,failure,1,7.504391559161238
33,admin.,married,secondary,no,95,yes,no,cellular,10,aug,155,1,102,1,success,0,4.564348191467836
40,blue-collar,married,secondary,no,1508,no,no,cellular,10,aug,153,2,383,1,failure,0,7.319202458767849
52,housemaid,married,primary,no,618,yes,yes,cellular,10,aug,352,2,102,2,failure,0,6.428105272684596
40,technician,married,secondary,no,694,yes,no,cellular,10,aug,107,4,68,11,success,0,6.543911845564792
26,student,single,secondary,no,1608,no,no,cellular,10,aug,89,2,102,2,success,0,7.3833681469923835
30,management,married,tertiary,no,805,no,no,cellular,10,aug,134,3,194,1,failure,0,6.692083742506628
62,retired,married,primary,no,3738,no,no,telephone,10,aug,151,3,185,1,failure,0,8.226573474977114
50,management,married,tertiary,no,0,no,no,cellular,10,aug,232,3,130,3,other,0,0.0
55,admin.,divorced,secondary,no,1693,no,no,cellular,10,aug,247,1,102,3,success,0,7.434847875211999
33,technician,married,secondary,no,218,yes,yes,cellular,10,aug,162,1,161,4,failure,0,5.389071729816501
31,management,married,tertiary,no,10884,no,no,cellular,10,aug,294,3,98,2,success,1,9.295140973668648
26,student,single,tertiary,no,2,no,no,cellular,10,aug,121,1,102,2,failure,0,1.0986122886681098
30,management,single,tertiary,no,697,no,no,cellular,10,aug,179,3,102,2,success,1,6.548219102762372
45,management,married,tertiary,no,3857,yes,no,cellular,11,aug,425,2,190,1,failure,0,8.257904193465674
83,retired,married,tertiary,no,6236,no,no,cellular,11,aug,155,1,190,2,failure,0,8.738254576526122
34,self-employed,married,tertiary,no,2427,no,no,telephone,11,aug,90,3,70,3,failure,0,7.794823152179389
71,management,married,tertiary,no,13297,no,no,cellular,11,aug,265,1,190,2,failure,0,9.495368926962401
42,blue-collar,married,primary,no,201,yes,no,cellular,11,aug,265,1,103,3,success,1,5.308267697401205
64,retired,married,secondary,no,504,no,no,cellular,11,aug,157,1,14,3,other,0,6.22455842927536
34,admin.,single,secondary,no,-32,no,yes,cellular,11,aug,89,3,103,2,success,0,0.0
24,self-employed,single,tertiary,no,2376,no,no,cellular,11,aug,123,1,106,1,success,0,7.773594467360194
42,services,single,tertiary,no,94,yes,no,cellular,11,aug,176,2,90,4,failure,1,4.553876891600541
20,student,single,secondary,no,130,no,no,telephone,11,aug,88,1,99,3,failure,0,4.875197323201151
28,student,single,secondary,no,5916,no,no,cellular,11,aug,344,1,81,6,failure,0,8.685584842676693
40,admin.,married,tertiary,no,1108,no,no,cellular,11,aug,170,2,112,1,success,0,7.011213987350367
57,technician,married,secondary,no,589,yes,no,cellular,11,aug,167,1,190,5,failure,1,6.380122536899765
31,management,married,tertiary,no,199,yes,yes,cellular,11,aug,127,2,461,4,success,0,5.298317366548036
30,management,single,tertiary,no,533,no,no,cellular,11,aug,229,2,99,4,success,1,6.280395838960195
60,technician,married,tertiary,no,6573,yes,no,cellular,11,aug,75,1,274,1,failure,0,8.790877754224164
61,retired,married,tertiary,no,2557,yes,no,cellular,11,aug,139,3,190,1,success,1,7.846980982138788
32,management,single,tertiary,no,131,yes,no,cellular,11,aug,112,1,81,1,other,0,4.882801922586371
31,services,single,tertiary,no,620,no,no,cellular,11,aug,153,1,103,2,failure,0,6.431331081933479
37,management,married,tertiary,no,789,yes,yes,cellular,11,aug,93,1,190,2,other,0,6.672032945461067
42,technician,married,secondary,no,994,yes,no,cellular,11,aug,149,1,78,5,failure,1,6.902742737158593
26,admin.,single,secondary,no,96,no,no,cellular,11,aug,349,1,70,3,failure,1,4.574710978503383
33,admin.,divorced,secondary,no,661,yes,no,cellular,11,aug,108,1,99,7,failure,0,6.495265555937008
40,admin.,single,secondary,no,100,yes,no,cellular,11,aug,221,1,461,1,success,1,4.61512051684126
29,admin.,married,tertiary,no,238,no,no,cellular,11,aug,97,1,78,3,success,0,5.476463551931511
45,admin.,married,secondary,no,1435,yes,no,cellular,11,aug,201,1,103,1,failure,0,7.269616749608169
55,technician,single,secondary,no,1199,no,yes,telephone,11,aug,91,1,99,10,failure,0,7.090076835776092
39,admin.,married,secondary,no,260,yes,no,cellular,11,aug,175,2,116,2,failure,1,5.564520407322694
55,retired,married,tertiary,no,357,yes,no,cellular,11,aug,526,1,103,1,failure,0,5.8805329864007
58,self-employed,married,primary,no,1013,yes,no,cellular,11,aug,206,1,461,1,failure,1,6.921658184151129
42,admin.,married,secondary,no,437,yes,no,cellular,11,aug,120,3,190,1,failure,0,6.082218910376446
32,blue-collar,single,tertiary,no,60,yes,yes,cellular,11,aug,248,2,462,1,failure,0,4.110873864173311
33,management,single,tertiary,no,312,no,no,cellular,11,aug,271,1,369,3,failure,0,5.746203190540153
32,management,single,tertiary,no,3283,no,no,cellular,12,aug,623,2,191,2,success,1,8.096817470572319
37,management,married,tertiary,no,393,yes,no,cellular,12,aug,62,2,104,2,success,0,5.976350909297934
44,self-employed,divorced,tertiary,no,1070,yes,no,cellular,12,aug,137,2,104,3,success,1,6.976348070447749
31,services,single,secondary,no,181,no,no,cellular,12,aug,182,1,104,1,success,1,5.204006687076795
32,technician,married,secondary,no,484,yes,no,cellular,12,aug,668,2,463,1,success,1,6.184148890937483
24,student,single,primary,no,474,no,no,cellular,12,aug,249,1,104,1,success,0,6.163314804034641
28,technician,single,tertiary,no,0,yes,no,cellular,12,aug,150,1,79,3,success,0,0.0
36,management,single,tertiary,no,3850,yes,no,cellular,12,aug,239,2,100,4,failure,1,8.25608813381491
59,housemaid,married,primary,no,182,no,no,cellular,12,aug,90,1,104,2,failure,0,5.209486152841421
38,admin.,single,secondary,no,245,yes,yes,cellular,12,aug,251,2,117,4,failure,0,5.5053315359323625
35,housemaid,married,tertiary,no,11219,no,no,cellular,12,aug,699,2,79,1,failure,0,9.325453179076687
41,management,married,tertiary,no,27696,no,no,cellular,12,aug,147,2,104,1,failure,1,10.229079383061112
59,technician,married,secondary,no,116,no,no,cellular,12,aug,398,4,422,3,failure,1,4.762173934797756
53,services,married,secondary,no,341,no,no,cellular,12,aug,90,2,104,2,success,0,5.834810737062605
47,technician,married,tertiary,no,2408,no,no,cellular,12,aug,236,1,104,1,success,0,7.786967002614872
61,management,single,tertiary,no,2,no,no,cellular,12,aug,131,1,114,3,failure,1,1.0986122886681098
32,management,married,tertiary,no,1331,no,no,cellular,12,aug,93,1,104,4,success,0,7.194436851100335
51,retired,divorced,secondary,no,1679,no,no,cellular,12,aug,417,1,365,9,other,1,7.426549072397305
37,admin.,single,tertiary,no,3954,yes,no,cellular,12,aug,87,1,117,2,failure,0,8.282735880201754
34,technician,married,secondary,no,256,yes,no,cellular,12,aug,201,2,267,1,failure,0,5.54907608489522
34,management,single,tertiary,no,48,yes,no,cellular,12,aug,810,3,93,6,failure,1,3.8918202981106265
35,management,married,tertiary,no,2088,yes,no,cellular,12,aug,94,1,51,3,failure,0,7.644440761556566
32,services,married,secondary,no,386,no,no,cellular,12,aug,305,3,104,1,failure,0,5.958424693029782
55,management,married,primary,no,113,no,no,cellular,12,aug,306,1,457,3,failure,1,4.736198448394496
69,retired,married,primary,no,324,no,no,cellular,12,aug,875,1,189,4,success,0,5.783825182329737
33,blue-collar,single,secondary,no,498,no,no,cellular,12,aug,338,2,104,1,success,1,6.212606095751519
49,entrepreneur,single,secondary,no,5802,no,no,cellular,12,aug,175,3,104,2,success,0,8.666130304190608
32,management,single,tertiary,no,354,no,no,cellular,12,aug,363,1,104,3,success,0,5.872117789475416
43,technician,married,tertiary,no,2643,no,no,cellular,12,aug,188,3,100,5,success,1,7.880048200971577
33,technician,married,tertiary,no,4401,no,no,cellular,12,aug,96,2,104,1,success,0,8.389814262086407
46,technician,married,secondary,no,0,no,no,cellular,12,aug,107,1,104,3,success,0,0.0
49,technician,married,secondary,no,905,no,no,cellular,12,aug,90,1,68,1,success,0,6.80903930604298
34,services,married,secondary,no,1337,no,no,cellular,12,aug,255,2,104,1,success,1,7.198931240688173
25,management,single,tertiary,no,2305,no,no,cellular,12,aug,222,2,104,2,failure,0,7.743269700829004
44,technician,married,tertiary,no,1818,yes,yes,cellular,12,aug,120,1,104,1,failure,0,7.506042178518122
46,unemployed,married,secondary,no,1040,no,no,telephone,12,aug,542,1,78,5,failure,0,6.947937068614969
31,management,married,tertiary,no,1812,no,no,cellular,12,aug,112,1,104,1,success,0,7.502738210754851
30,unemployed,single,tertiary,no,1159,no,no,cellular,12,aug,95,1,68,1,success,0,7.05617528410041
32,self-employed,divorced,tertiary,no,3271,no,no,cellular,12,aug,162,1,100,3,success,0,8.093156697722637
32,technician,single,tertiary,no,1246,yes,no,cellular,12,aug,68,1,104,3,success,0,7.1284959456800365
38,blue-collar,single,secondary,no,0,no,no,cellular,13,aug,255,2,105,1,failure,0,0.0
47,services,married,secondary,no,4,no,no,cellular,13,aug,73,2,105,6,success,0,1.6094379124341003
32,technician,single,tertiary,no,696,no,yes,cellular,13,aug,101,4,105,4,failure,0,6.546785410760524
38,blue-collar,married,secondary,no,1165,yes,no,cellular,13,aug,784,3,94,10,failure,1,7.061334366910438
71,retired,married,secondary,no,3,no,no,cellular,13,aug,1175,3,189,1,other,0,1.3862943611198906
32,management,married,tertiary,no,1388,yes,no,cellular,13,aug,102,1,105,1,success,0,7.236339342754344
32,admin.,single,secondary,no,5,yes,yes,cellular,13,aug,200,1,127,1,failure,0,1.791759469228055
40,technician,married,tertiary,no,99,no,no,cellular,13,aug,220,2,364,2,failure,0,4.605170185988092
31,admin.,married,secondary,no,35,no,no,cellular,13,aug,315,2,105,1,success,1,3.58351893845611
29,student,single,secondary,no,314,no,no,cellular,13,aug,485,3,105,1,success,0,5.752572638825633
50,services,married,secondary,no,3169,no,no,cellular,13,aug,399,1,430,1,failure,1,8.061486866871327
67,technician,married,secondary,no,0,no,no,cellular,13,aug,1152,2,188,1,success,0,0.0
26,student,single,secondary,no,611,no,no,cellular,13,aug,138,2,69,3,failure,0,6.416732282512326
37,technician,married,secondary,no,24,yes,no,cellular,13,aug,136,1,105,2,failure,0,3.2188758248682006
56,management,married,tertiary,no,616,no,no,cellular,13,aug,293,2,105,2,success,1,6.424869023905388
76,retired,married,primary,no,3324,no,no,cellular,13,aug,227,2,192,1,failure,1,8.109224953089955
72,retired,married,primary,no,2079,no,no,cellular,13,aug,100,1,191,3,other,0,7.640123172695364
24,student,single,secondary,no,382,no,no,cellular,13,aug,103,1,105,2,success,0,5.948034989180646
42,management,single,tertiary,no,3371,yes,yes,cellular,13,aug,284,1,92,2,failure,0,8.123261319121745
33,admin.,married,secondary,no,920,no,no,cellular,13,aug,111,1,105,1,success,0,6.825460036255307
29,management,married,tertiary,no,30,no,no,cellular,13,aug,83,1,105,1,failure,0,3.4339872044851463
21,management,single,secondary,no,691,no,no,cellular,13,aug,219,1,101,2,other,0,6.539585955617669
35,admin.,single,tertiary,no,5007,yes,no,cellular,13,aug,73,1,112,2,other,0,8.518791912779934
28,technician,single,secondary,no,113,no,no,cellular,13,aug,204,3,105,1,failure,1,4.736198448394496
27,admin.,single,secondary,no,4590,yes,no,cellular,13,aug,75,1,442,2,failure,0,8.431853144249223
35,technician,married,secondary,no,1368,no,no,cellular,13,aug,159,2,78,3,success,0,7.221835825288449
48,self-employed,married,secondary,no,1559,no,no,cellular,13,aug,344,1,190,2,failure,0,7.352441100243583
34,admin.,married,tertiary,no,882,no,no,cellular,13,aug,135,1,113,5,success,0,6.78332520060396
36,admin.,single,tertiary,no,994,no,no,cellular,13,aug,185,2,105,3,success,0,6.902742737158593
26,technician,single,tertiary,no,-67,yes,no,cellular,13,aug,143,1,90,1,success,0,0.0
30,admin.,single,tertiary,no,305,no,no,cellular,13,aug,75,1,105,3,success,0,5.723585101952381
56,retired,married,primary,no,9367,no,no,cellular,13,aug,320,2,101,2,success,1,9.145054905277552
50,housemaid,divorced,secondary,no,0,no,no,telephone,13,aug,43,1,105,2,failure,0,0.0
30,management,single,tertiary,no,499,yes,no,cellular,13,aug,92,2,90,1,failure,0,6.214608098422191
45,management,single,tertiary,no,2067,yes,no,cellular,13,aug,393,2,462,1,success,1,7.63433723562832
34,management,single,tertiary,no,1228,no,no,cellular,13,aug,99,2,105,10,success,0,7.113956109566034
30,management,married,tertiary,no,877,no,no,cellular,13,aug,202,1,83,5,failure,0,6.777646593635117
33,blue-collar,married,secondary,no,5164,no,no,cellular,13,aug,238,2,265,1,failure,0,8.549660381553739
49,management,married,tertiary,no,1,no,no,telephone,13,aug,640,2,101,4,success,1,0.6931471805599453
33,admin.,married,secondary,no,1737,no,no,cellular,14,aug,228,2,106,2,failure,0,7.460490305825338
58,retired,married,secondary,no,1227,no,no,cellular,14,aug,182,2,37,2,failure,0,7.113142108707088
67,retired,married,primary,no,10776,no,no,telephone,14,aug,176,2,99,17,other,0,9.285169512596832
59,unemployed,divorced,secondary,no,2026,no,no,cellular,14,aug,185,3,73,1,failure,0,7.614312146452
68,retired,married,primary,no,2301,no,no,cellular,14,aug,90,3,120,1,failure,0,7.741533589281828
21,student,single,secondary,no,6844,no,no,cellular,14,aug,126,3,127,7,other,0,8.83127373772255
57,admin.,married,secondary,no,169,no,no,cellular,14,aug,180,1,106,2,failure,0,5.135798437050262
29,unemployed,single,secondary,no,486,no,no,telephone,14,aug,151,1,106,1,failure,0,6.18826412308259
43,unemployed,married,secondary,no,775,no,no,cellular,14,aug,98,1,106,1,failure,0,6.654152520183219
26,admin.,single,secondary,no,255,no,no,cellular,14,aug,209,2,106,2,success,1,5.545177444479562
54,retired,married,tertiary,no,1778,no,no,cellular,14,aug,319,1,268,2,failure,0,7.483806687665835
33,self-employed,married,tertiary,no,263,no,no,cellular,14,aug,257,1,102,2,failure,0,5.575949103146316
47,unemployed,married,secondary,no,926,no,no,cellular,14,aug,436,1,403,5,success,1,6.831953565565855
58,management,divorced,tertiary,no,5701,no,no,cellular,14,aug,92,3,106,2,success,0,8.648572269472618
28,admin.,single,tertiary,no,373,yes,no,cellular,14,aug,78,1,79,4,other,0,5.924255797414532
26,technician,single,tertiary,no,777,yes,no,cellular,14,aug,260,2,463,1,failure,0,6.656726524178391
37,management,married,tertiary,no,332,yes,no,cellular,14,aug,190,2,84,7,failure,0,5.808142489980444
38,technician,divorced,secondary,no,902,yes,no,cellular,14,aug,108,1,102,4,success,0,6.805722553416985
44,management,married,tertiary,no,226,yes,no,cellular,14,aug,190,3,270,3,failure,1,5.424950017481403
32,management,single,tertiary,no,12607,no,no,cellular,14,aug,203,5,84,1,failure,0,9.44208681209766
33,unemployed,single,tertiary,no,1974,no,no,cellular,14,aug,498,2,191,1,failure,1,7.5883236773352225
39,entrepreneur,married,tertiary,no,942,yes,no,cellular,14,aug,880,3,267,1,other,1,6.849066282633458
36,technician,single,secondary,no,1228,yes,no,cellular,14,aug,153,2,102,3,success,0,7.113956109566034
41,admin.,divorced,secondary,no,220,yes,no,cellular,14,aug,142,2,88,2,failure,0,5.3981627015177525
54,technician,married,secondary,no,0,no,no,telephone,14,aug,159,2,106,6,success,0,0.0
39,technician,married,tertiary,no,11766,yes,no,cellular,14,aug,313,4,102,5,failure,0,9.37305428246393
35,technician,married,secondary,no,1577,yes,yes,cellular,17,aug,80,1,273,1,failure,0,7.363913501405819
32,technician,married,tertiary,no,8023,no,no,cellular,17,aug,219,1,84,2,failure,0,8.990192329641772
42,admin.,married,primary,no,-306,yes,no,cellular,17,aug,308,1,459,1,success,1,0.0
34,technician,single,secondary,no,1227,no,no,telephone,17,aug,122,1,109,1,other,0,7.113142108707088
26,student,single,secondary,no,0,no,no,cellular,17,aug,237,1,82,2,failure,0,0.0
45,technician,divorced,secondary,no,982,yes,no,cellular,17,aug,123,2,454,3,success,0,6.890609120147166
35,management,single,tertiary,no,431,no,no,cellular,17,aug,343,2,397,1,failure,1,6.068425588244111
58,management,married,tertiary,no,1394,no,no,cellular,17,aug,628,1,83,1,other,0,7.240649694255466
36,admin.,married,secondary,no,953,yes,no,cellular,17,aug,80,1,81,2,failure,0,6.860663671448287
62,retired,married,secondary,no,1495,no,no,cellular,17,aug,606,1,196,1,success,1,7.310550158534422
26,management,single,tertiary,no,828,yes,no,cellular,17,aug,156,1,199,1,failure,1,6.720220155135295
26,management,single,tertiary,no,2506,no,no,cellular,18,aug,134,1,82,3,failure,0,7.826842098158293
52,management,married,tertiary,no,583,no,no,cellular,18,aug,61,1,84,1,failure,0,6.369900982828227
58,technician,married,tertiary,no,883,no,no,cellular,18,aug,543,1,78,2,failure,0,6.784457062637643
37,management,married,tertiary,no,3794,no,no,cellular,18,aug,147,1,379,1,failure,0,8.24143968982973
22,student,single,secondary,no,948,no,no,telephone,18,aug,215,1,197,2,failure,1,6.855408798609928
30,student,single,secondary,no,48,no,no,cellular,18,aug,161,1,173,1,failure,1,3.8918202981106265
35,management,divorced,tertiary,no,3751,yes,no,cellular,18,aug,210,2,124,2,failure,0,8.230044310126114
34,housemaid,married,tertiary,no,0,no,no,cellular,18,aug,148,1,84,2,failure,1,0.0
55,technician,married,secondary,no,1938,no,yes,cellular,18,aug,193,1,386,3,success,1,7.569927655242652
49,technician,single,secondary,no,9131,yes,no,cellular,18,aug,532,1,461,5,failure,1,9.119540007649686
69,housemaid,married,primary,no,1080,no,no,cellular,18,aug,197,2,118,2,failure,0,6.985641817639208
56,housemaid,divorced,secondary,no,256,no,no,cellular,19,aug,220,5,117,2,other,0,5.54907608489522
57,retired,married,tertiary,no,1458,no,no,cellular,19,aug,250,1,107,5,failure,0,7.285506548522785
43,admin.,married,secondary,no,132,no,no,cellular,19,aug,574,1,84,3,success,1,4.890349128221754
63,retired,married,secondary,no,1612,no,no,cellular,19,aug,399,2,183,2,success,0,7.385851078125209
35,technician,single,tertiary,no,2658,yes,no,cellular,19,aug,768,2,141,3,failure,1,7.88570539124302
51,management,married,tertiary,no,0,yes,yes,cellular,19,aug,263,1,84,1,other,0,0.0
44,admin.,married,secondary,no,10905,no,no,cellular,19,aug,240,2,271,1,other,1,9.297068375486006
30,management,single,tertiary,no,5359,no,no,cellular,19,aug,145,1,84,2,success,1,8.586719254064848
39,technician,single,tertiary,no,139,no,no,telephone,19,aug,328,1,79,1,failure,0,4.941642422609304
38,technician,married,secondary,no,10596,no,no,cellular,19,aug,195,1,197,4,other,1,9.268326221174837
34,management,married,tertiary,no,4859,no,no,cellular,20,aug,262,2,112,2,failure,0,8.48879371689454
28,student,single,secondary,no,67,no,no,cellular,20,aug,329,3,199,2,other,1,4.219507705176107
59,management,married,tertiary,no,2239,no,no,cellular,20,aug,377,6,90,1,success,1,7.7142311448490855
27,technician,single,tertiary,no,11862,no,no,cellular,20,aug,217,1,87,6,failure,1,9.381179591661104
28,student,single,secondary,no,1925,no,no,cellular,20,aug,147,1,90,1,failure,0,7.563200592358071
24,student,single,secondary,no,228,no,no,cellular,20,aug,99,1,79,1,failure,0,5.43372200355424
33,admin.,single,secondary,no,0,no,no,cellular,20,aug,201,2,204,2,other,0,0.0
46,admin.,married,secondary,no,368,no,no,cellular,20,aug,293,1,90,4,other,1,5.910796644040527
34,admin.,married,secondary,no,1406,yes,no,cellular,20,aug,63,2,85,1,success,1,7.249215057114389
42,management,married,primary,no,5310,yes,no,cellular,20,aug,273,1,90,3,success,1,8.577535420422398
20,student,single,secondary,no,215,no,no,cellular,21,aug,228,4,183,1,other,1,5.375278407684165
60,admin.,married,secondary,no,106,no,no,cellular,21,aug,216,3,91,1,success,1,4.672828834461906
60,housemaid,divorced,secondary,no,2063,no,no,cellular,21,aug,54,5,86,3,failure,0,7.6324011266014535
39,management,married,secondary,no,18,yes,no,cellular,21,aug,102,1,91,1,failure,0,2.9444389791664403
52,admin.,divorced,secondary,no,363,yes,no,cellular,21,aug,168,1,462,1,success,1,5.8971538676367405
31,management,married,tertiary,no,1251,no,no,cellular,21,aug,282,1,197,5,failure,0,7.132497551660044
25,student,single,secondary,no,469,no,no,cellular,21,aug,273,1,86,1,other,1,6.152732694704104
34,admin.,married,tertiary,no,10,no,no,cellular,21,aug,90,1,91,1,failure,0,2.3978952727983707
37,admin.,married,secondary,no,1314,yes,no,cellular,21,aug,200,1,91,10,failure,0,7.181591944611865
50,technician,married,secondary,no,3370,no,no,cellular,21,aug,531,2,80,2,success,1,8.12296471523406
27,student,single,tertiary,no,5741,no,no,cellular,21,aug,72,1,88,1,failure,0,8.655562860681009
43,admin.,single,secondary,no,733,yes,no,cellular,21,aug,126,1,88,4,success,1,6.598509028614515
27,management,single,tertiary,no,377,no,no,cellular,21,aug,171,3,91,1,failure,0,5.934894195619588
53,retired,divorced,tertiary,no,-309,yes,no,cellular,21,aug,343,2,428,2,success,1,0.0
28,student,single,tertiary,no,3733,yes,no,cellular,21,aug,419,5,91,7,success,0,8.225235324101668
28,blue-collar,married,secondary,no,61,yes,no,cellular,21,aug,744,1,109,3,success,1,4.127134385045092
59,unemployed,married,secondary,no,1047,no,no,cellular,21,aug,438,1,184,3,success,1,6.954638864880987
71,retired,married,tertiary,no,2651,no,no,cellular,24,aug,73,3,200,2,failure,0,7.883069351305753
29,management,single,tertiary,no,265,no,no,cellular,24,aug,130,2,94,1,success,1,5.583496308781699
51,technician,married,secondary,no,117,no,no,cellular,24,aug,467,2,88,4,other,1,4.770684624465665
70,retired,married,primary,no,2346,no,no,cellular,24,aug,190,3,194,2,success,0,7.760893195851024
37,management,married,tertiary,no,165,no,no,cellular,24,aug,315,1,83,1,other,0,5.111987788356544
39,technician,married,secondary,no,116,no,no,cellular,24,aug,79,2,94,2,success,0,4.762173934797756
42,admin.,married,secondary,no,16517,no,no,cellular,24,aug,497,2,279,2,failure,0,9.712205974370661
40,management,single,tertiary,no,0,yes,no,cellular,25,aug,79,2,95,4,success,0,0.0
35,admin.,single,secondary,no,1810,yes,no,cellular,25,aug,52,2,92,2,failure,0,7.501634457883413
57,housemaid,married,secondary,no,5631,no,no,telephone,25,aug,68,1,90,5,other,0,8.636219897837877
37,blue-collar,married,primary,no,106,yes,no,cellular,25,aug,511,1,392,13,failure,1,4.672828834461906
37,technician,married,tertiary,no,127,yes,no,cellular,25,aug,192,1,193,1,success,1,4.852030263919617
33,management,married,secondary,no,369,no,no,cellular,25,aug,83,1,92,3,failure,0,5.91350300563827
36,self-employed,married,tertiary,no,506,no,no,cellular,25,aug,47,1,120,1,failure,0,6.2285110035911835
36,management,married,tertiary,no,255,no,no,cellular,25,aug,242,6,95,4,success,1,5.545177444479562
43,services,married,secondary,no,2145,no,no,cellular,25,aug,291,2,95,4,success,1,7.671360923190644
49,technician,married,secondary,no,3466,yes,no,cellular,25,aug,161,3,410,2,success,0,8.151044945685024
43,management,divorced,tertiary,no,9,yes,no,cellular,26,aug,89,5,401,1,failure,0,2.302585092994046
28,management,single,tertiary,no,730,yes,no,cellular,26,aug,78,6,85,5,other,0,6.594413459749778
36,services,married,secondary,no,3064,yes,no,telephone,26,aug,240,3,107,4,failure,0,8.027802848370312
35,technician,single,tertiary,no,992,yes,no,cellular,26,aug,79,1,114,3,failure,0,6.900730664045173
26,student,single,secondary,no,620,no,no,cellular,26,aug,76,1,96,2,success,0,6.431331081933479
43,management,single,tertiary,no,1696,yes,no,cellular,26,aug,257,1,474,3,failure,1,7.436617265234227
39,technician,divorced,secondary,no,385,no,no,cellular,26,aug,143,1,93,1,failure,0,5.955837369464831
21,student,single,primary,no,1596,no,no,cellular,26,aug,115,1,93,2,failure,0,7.3758821482150125
29,technician,single,secondary,no,382,no,no,cellular,27,aug,64,3,202,3,other,0,5.948034989180646
28,management,single,tertiary,no,223,yes,no,telephone,27,aug,157,2,119,1,other,1,5.4116460518550396
36,blue-collar,single,secondary,no,40,yes,no,cellular,27,aug,259,3,475,4,success,1,3.713572066704308
59,retired,married,secondary,no,1341,no,no,cellular,27,aug,154,2,97,1,other,0,7.201916317531627
29,technician,single,secondary,no,323,no,no,cellular,27,aug,148,2,94,1,other,0,5.780743515792329
36,technician,single,secondary,no,539,yes,no,cellular,27,aug,398,2,477,1,failure,1,6.29156913955832
29,technician,single,secondary,no,590,no,no,cellular,27,aug,81,1,94,1,success,1,6.3818160174060985
43,technician,divorced,secondary,no,1612,no,no,cellular,28,aug,119,2,95,3,success,0,7.385851078125209
31,blue-collar,single,primary,no,660,yes,no,cellular,28,aug,207,3,478,2,failure,0,6.493753839851686
32,admin.,married,secondary,no,31,no,no,cellular,28,aug,125,2,95,1,failure,0,3.4657359027997265
36,admin.,divorced,tertiary,no,289,yes,yes,cellular,28,aug,67,3,280,4,failure,0,5.66988092298052
34,technician,single,secondary,no,2583,no,no,cellular,28,aug,64,1,95,2,failure,0,7.857093864902493
42,admin.,married,secondary,no,1535,yes,no,cellular,28,aug,121,1,108,2,failure,0,7.336936913707618
32,management,married,tertiary,no,937,no,no,cellular,28,aug,90,1,94,2,failure,0,6.843749949006225
34,technician,single,tertiary,no,612,no,no,cellular,28,aug,81,1,95,1,failure,0,6.418364935936212
39,management,married,tertiary,no,93,yes,no,cellular,28,aug,65,1,95,5,failure,0,4.543294782270004
34,blue-collar,married,secondary,no,1464,yes,no,cellular,28,aug,207,3,130,5,other,1,7.289610521451167
35,technician,single,tertiary,no,7546,yes,no,cellular,28,aug,255,1,88,2,other,0,8.928905412284868
30,management,married,tertiary,no,7,yes,no,cellular,28,aug,173,1,164,4,other,1,2.0794415416798357
28,management,single,tertiary,no,207,no,no,cellular,28,aug,129,1,94,4,failure,0,5.337538079701318
32,technician,married,tertiary,no,636,yes,no,cellular,28,aug,370,1,116,4,success,1,6.456769655572163
55,admin.,divorced,secondary,no,1872,no,no,cellular,28,aug,155,2,93,8,failure,1,7.5352967024440884
36,management,single,tertiary,no,490,no,no,cellular,28,aug,207,8,98,1,failure,1,6.19644412779452
34,blue-collar,married,secondary,no,0,yes,no,cellular,31,aug,79,5,110,7,failure,0,0.0
34,management,single,tertiary,no,747,no,no,cellular,31,aug,72,2,98,1,failure,0,6.617402977974478
33,technician,single,tertiary,no,2340,no,no,cellular,31,aug,65,5,97,3,failure,0,7.75833346749091
34,self-employed,married,tertiary,no,980,no,no,cellular,31,aug,69,2,54,4,failure,0,6.8885724595653635
36,unemployed,single,tertiary,no,953,yes,no,cellular,31,aug,102,2,101,3,failure,0,6.860663671448287
27,student,single,tertiary,no,118,no,no,cellular,31,aug,160,3,98,1,failure,1,4.77912349311153
45,management,married,tertiary,no,4119,yes,yes,telephone,31,aug,473,2,283,1,success,1,8.323608442343572
41,management,married,tertiary,no,285,yes,no,cellular,31,aug,90,4,147,4,failure,0,5.655991810819852
55,management,married,tertiary,no,2960,yes,no,cellular,31,aug,81,1,98,11,other,0,7.993282328101591
52,blue-collar,married,secondary,no,2087,yes,no,cellular,31,aug,267,1,474,1,failure,1,7.643961949002529
53,management,divorced,tertiary,no,6649,yes,no,cellular,31,aug,106,1,55,1,failure,0,8.8023721336499
49,management,single,tertiary,no,5689,no,no,cellular,31,aug,470,1,97,3,failure,1,8.646465527120377
37,unemployed,married,tertiary,no,7620,no,no,telephone,31,aug,164,3,98,3,failure,0,8.938662873666118
30,blue-collar,married,primary,no,201,yes,no,cellular,31,aug,219,1,157,12,failure,1,5.308267697401205
23,student,single,secondary,no,922,no,no,cellular,1,sep,81,5,99,3,other,0,6.827629234502852
74,retired,married,primary,no,2894,no,no,telephone,1,sep,97,5,204,2,other,0,7.970740390007095
39,management,married,tertiary,no,119,yes,no,cellular,1,sep,265,2,476,4,success,1,4.787491742782046
48,management,divorced,tertiary,no,17964,yes,no,cellular,1,sep,120,1,98,5,success,1,9.79618069954762
51,management,married,tertiary,no,2635,no,no,cellular,1,sep,181,1,98,2,failure,1,7.877017895622398
35,technician,single,secondary,no,183,no,no,cellular,1,sep,516,2,130,2,failure,0,5.214935757608986
48,technician,married,secondary,no,568,yes,no,cellular,2,sep,378,2,386,1,success,1,6.343880434126331
34,services,single,secondary,no,528,yes,no,cellular,2,sep,121,3,100,5,other,1,6.270988431858299
38,management,married,tertiary,no,1198,yes,no,cellular,3,sep,91,3,213,1,failure,0,7.089243155027514
44,admin.,married,secondary,no,764,yes,no,cellular,3,sep,232,1,213,1,failure,0,6.639875833826536
32,management,married,tertiary,no,1270,no,no,cellular,3,sep,420,1,15,3,success,0,7.147559271189454
46,admin.,married,tertiary,no,2552,no,no,cellular,3,sep,260,1,94,8,success,1,7.845024417241484
71,retired,married,tertiary,no,653,no,no,telephone,3,sep,471,1,189,1,success,1,6.483107351457199
44,technician,single,tertiary,no,2033,no,no,cellular,3,sep,444,1,99,1,failure,1,7.617759576608505
37,admin.,single,secondary,no,0,yes,yes,cellular,3,sep,144,2,463,6,failure,0,0.0
36,management,married,tertiary,no,86,yes,no,cellular,3,sep,104,1,380,3,failure,0,4.465908118654584
31,self-employed,single,tertiary,no,3343,no,no,cellular,3,sep,365,1,94,1,success,1,8.114922974204593
32,admin.,married,secondary,no,995,no,no,cellular,3,sep,331,1,99,2,other,1,6.903747257584598
51,management,married,tertiary,no,994,no,no,cellular,3,sep,268,1,98,3,failure,0,6.902742737158593
27,admin.,single,tertiary,no,313,no,yes,cellular,3,sep,167,1,93,3,success,0,5.749392985908253
45,housemaid,married,tertiary,no,40,yes,no,cellular,3,sep,81,1,213,1,failure,0,3.713572066704308
40,unemployed,single,tertiary,no,7968,no,no,cellular,3,sep,733,1,93,1,success,1,8.983314293397749
55,management,married,primary,no,2587,no,no,cellular,4,sep,328,2,94,2,success,1,7.858640655620791
35,technician,married,secondary,no,2789,yes,no,cellular,4,sep,256,2,94,1,failure,0,7.933796874815411
57,management,divorced,tertiary,no,6468,yes,no,cellular,4,sep,730,1,157,4,failure,1,8.774776816043985
52,technician,married,secondary,no,1423,no,no,telephone,4,sep,384,1,91,1,other,0,7.261225091971921
26,management,single,tertiary,no,9447,no,no,cellular,4,sep,113,1,100,2,other,0,9.153558357877198
31,technician,single,tertiary,no,882,no,no,cellular,4,sep,293,1,93,1,success,1,6.78332520060396
26,technician,single,secondary,no,1231,yes,no,cellular,4,sep,230,1,93,7,success,1,7.116394144093465
30,admin.,single,secondary,no,2568,no,no,cellular,4,sep,563,1,100,4,other,1,7.851271997109883
35,management,single,tertiary,no,80,no,no,cellular,4,sep,434,2,94,1,other,1,4.394449154672439
32,management,married,tertiary,no,2667,yes,no,cellular,4,sep,171,2,186,2,failure,0,7.889084407035514
48,management,married,primary,no,606,no,no,cellular,7,sep,589,3,186,6,failure,0,6.408528791059498
36,technician,married,tertiary,no,1354,no,no,cellular,7,sep,281,3,97,2,success,1,7.2115567333138015
55,admin.,married,secondary,no,602,no,no,cellular,7,sep,350,1,98,5,success,1,6.401917196727186
33,technician,married,secondary,no,2147,no,no,cellular,7,sep,669,1,94,1,other,0,7.672292455628756
33,management,married,tertiary,no,1390,no,no,cellular,7,sep,92,1,84,4,failure,0,7.237778191923443
24,admin.,single,tertiary,no,0,yes,no,cellular,7,sep,89,1,103,2,success,0,0.0
52,technician,married,secondary,no,0,yes,no,cellular,7,sep,211,1,294,1,failure,1,0.0
53,housemaid,married,secondary,no,1182,yes,no,cellular,7,sep,82,1,293,1,failure,0,7.075808863978387
36,services,married,secondary,no,52,yes,no,cellular,7,sep,351,1,95,6,success,1,3.970291913552122
31,management,single,tertiary,no,924,no,no,cellular,7,sep,231,1,94,3,success,1,6.829793737512425
45,management,single,tertiary,no,1411,no,no,cellular,7,sep,800,2,102,3,failure,1,7.252762418053187
35,self-employed,single,tertiary,no,44,no,no,cellular,7,sep,310,2,96,2,other,0,3.8066624897703196
57,management,married,primary,no,772,yes,no,telephone,8,sep,201,1,292,1,failure,0,6.650279048587422
50,admin.,married,tertiary,no,6574,no,no,cellular,8,sep,495,1,92,3,success,1,8.791029857045965
31,management,married,tertiary,no,155,yes,no,cellular,8,sep,214,1,99,1,failure,0,5.049856007249537
43,blue-collar,married,secondary,no,2160,no,no,cellular,8,sep,261,1,98,1,success,1,7.6783263565068856
33,self-employed,married,secondary,no,409,no,no,cellular,8,sep,165,1,97,4,success,1,6.016157159698354
25,admin.,single,secondary,no,1871,no,no,cellular,8,sep,260,1,96,1,success,1,7.534762657037537
32,management,single,tertiary,no,2915,no,no,cellular,8,sep,519,1,131,2,failure,1,7.977968093128549
28,management,single,secondary,no,1633,no,no,cellular,8,sep,233,1,95,1,success,0,7.3987862754199485
39,technician,married,secondary,no,1587,yes,no,cellular,8,sep,108,2,98,3,success,1,7.370230641807081
58,management,married,tertiary,no,1227,no,no,cellular,8,sep,400,2,95,1,success,1,7.113142108707088
37,blue-collar,married,secondary,no,4321,no,no,cellular,8,sep,421,2,95,1,success,0,8.371473537066832
79,retired,married,secondary,no,723,no,no,telephone,9,sep,276,1,79,3,failure,1,6.584791392385716
40,admin.,married,secondary,no,732,no,no,cellular,9,sep,71,1,139,4,success,0,6.597145701886651
30,management,single,tertiary,no,147,no,no,cellular,9,sep,234,1,100,1,failure,1,4.997212273764115
50,blue-collar,married,primary,no,3764,no,no,telephone,9,sep,214,2,99,4,failure,1,8.233503140233994
35,technician,married,secondary,no,114,yes,yes,cellular,9,sep,105,3,97,4,failure,0,4.74493212836325
31,management,single,tertiary,no,12569,no,no,cellular,9,sep,344,1,295,1,failure,1,9.439068301584292
45,admin.,married,secondary,no,129,yes,no,cellular,9,sep,307,2,191,1,failure,0,4.867534450455582
34,management,married,tertiary,no,158,no,no,cellular,9,sep,278,2,132,4,failure,1,5.0689042022202315
28,admin.,single,secondary,no,261,yes,yes,cellular,9,sep,259,2,98,4,success,1,5.568344503761097
32,blue-collar,married,secondary,no,889,yes,no,cellular,10,sep,185,1,99,5,success,1,6.7912214627261855
23,student,single,primary,no,1235,no,no,cellular,11,sep,122,2,91,3,failure,0,7.119635638017636
58,housemaid,married,primary,no,4605,no,no,cellular,11,sep,339,1,38,1,failure,0,8.43511508038063
27,student,single,tertiary,no,-148,yes,no,cellular,11,sep,146,3,224,1,other,0,0.0
61,retired,married,secondary,no,5207,no,no,cellular,11,sep,336,1,81,2,other,0,8.557951183888406
36,management,married,tertiary,no,495,no,no,cellular,11,sep,91,1,37,5,success,1,6.206575926724928
63,retired,married,secondary,no,2747,no,no,cellular,11,sep,113,1,80,1,failure,0,7.91862865334224
46,blue-collar,married,secondary,no,640,yes,no,cellular,11,sep,108,2,129,2,failure,1,6.46302945692067
28,blue-collar,single,secondary,no,322,no,no,telephone,11,sep,240,2,95,3,other,1,5.777652323222656
46,management,married,tertiary,no,7331,no,no,cellular,11,sep,658,4,95,2,other,1,8.900003608959596
28,management,married,secondary,no,3,yes,no,cellular,14,sep,112,2,24,2,other,0,1.3862943611198906
47,technician,divorced,secondary,no,1013,no,no,cellular,15,sep,170,1,92,3,failure,1,6.921658184151129
48,management,married,tertiary,no,2351,no,no,cellular,15,sep,150,1,105,3,success,1,7.763021309018518
46,management,married,tertiary,no,273,yes,no,cellular,15,sep,1962,1,105,3,failure,1,5.6131281063880705
57,blue-collar,married,primary,no,3109,no,no,cellular,15,sep,107,2,105,2,success,1,8.04237800517328
50,housemaid,married,secondary,no,388,no,no,cellular,15,sep,173,2,99,4,failure,1,5.963579343618446
34,blue-collar,married,secondary,no,262,no,no,cellular,15,sep,89,2,106,1,success,1,5.572154032177765
31,student,single,tertiary,no,64,no,no,cellular,15,sep,208,1,105,2,success,0,4.174387269895637
32,technician,single,tertiary,no,1855,no,no,cellular,15,sep,126,2,134,1,other,1,7.526178913346146
50,management,divorced,tertiary,no,810,no,no,cellular,15,sep,91,1,103,3,success,1,6.698268054115413
54,unemployed,divorced,secondary,no,1664,no,no,cellular,15,sep,106,1,105,3,success,1,7.417580402414544
48,management,married,tertiary,no,2,no,no,cellular,15,sep,103,1,91,2,failure,0,1.0986122886681098
26,management,single,tertiary,no,362,no,no,cellular,15,sep,925,1,104,2,success,1,5.8944028342648505
33,management,married,tertiary,no,1323,no,no,cellular,15,sep,109,2,106,1,success,0,7.188412736496954
50,management,married,tertiary,no,1612,no,no,cellular,15,sep,188,1,92,4,success,0,7.385851078125209
40,technician,married,tertiary,no,1293,no,no,cellular,16,sep,1702,3,105,2,success,1,7.165493475060845
31,management,single,tertiary,no,3384,no,no,cellular,16,sep,153,1,104,2,success,1,8.127109185346375
29,management,single,tertiary,no,874,yes,no,cellular,16,sep,152,1,103,1,success,1,6.774223886357614
40,technician,married,secondary,no,1819,no,no,cellular,16,sep,169,1,103,2,failure,0,7.506591780070841
34,management,single,tertiary,no,417,yes,no,cellular,16,sep,99,2,135,3,failure,0,6.035481432524756
25,management,single,tertiary,no,553,yes,no,cellular,17,sep,113,4,479,1,failure,0,6.317164686747284
25,management,single,tertiary,no,808,no,no,cellular,18,sep,267,2,114,2,failure,1,6.695798917058491
70,retired,married,tertiary,no,44,no,no,cellular,18,sep,1104,2,88,2,other,1,3.8066624897703196
59,technician,married,tertiary,no,883,no,no,cellular,18,sep,1551,1,31,3,failure,0,6.784457062637643
83,retired,married,primary,no,425,no,no,telephone,22,sep,773,1,92,2,success,1,6.054439346269371
43,management,divorced,tertiary,no,2367,no,no,cellular,22,sep,83,1,113,3,success,1,7.769800996003896
46,management,single,secondary,no,5993,no,no,cellular,22,sep,159,1,112,1,failure,0,8.69851424787661
45,blue-collar,married,secondary,no,10252,no,no,cellular,22,sep,173,1,141,2,success,1,9.235325624670091
37,admin.,single,tertiary,no,1000,yes,no,cellular,22,sep,239,1,99,2,success,1,6.90875477931522
27,management,single,tertiary,no,20585,no,no,cellular,23,sep,299,1,100,1,success,1,9.932366512086505
32,management,divorced,tertiary,no,530,yes,no,cellular,24,sep,91,1,114,2,failure,0,6.274762021241939
37,management,married,tertiary,no,539,no,no,cellular,25,sep,168,2,45,1,failure,0,6.29156913955832
39,admin.,married,secondary,no,150,no,no,cellular,25,sep,55,1,46,7,other,0,5.017279836814924
79,retired,married,secondary,no,909,no,no,cellular,25,sep,114,1,95,1,other,0,6.813444599510896
65,retired,married,secondary,no,1176,no,no,cellular,25,sep,64,1,50,2,failure,0,7.0707241072602764
23,technician,single,secondary,no,4545,no,no,cellular,25,sep,242,1,114,1,failure,0,8.422003004412488
20,student,single,secondary,no,1191,no,no,cellular,28,sep,500,2,228,1,failure,0,7.083387847625295
28,student,single,tertiary,no,0,no,no,cellular,28,sep,294,2,105,7,other,1,0.0
57,management,married,tertiary,no,10583,no,no,cellular,28,sep,341,3,98,3,success,1,9.267098705794792
29,admin.,single,tertiary,no,14,no,no,cellular,29,sep,87,1,120,1,failure,0,2.70805020110221
34,management,married,tertiary,no,16,yes,no,telephone,29,sep,316,1,119,1,other,1,2.833213344056216
50,technician,divorced,secondary,no,0,no,no,cellular,29,sep,159,1,120,2,failure,1,0.0
36,admin.,married,tertiary,no,1145,yes,no,cellular,29,sep,75,1,239,2,failure,0,7.044032897274685
41,technician,married,secondary,no,2152,no,no,cellular,30,sep,134,1,121,1,other,0,7.674617497364363
40,blue-collar,married,secondary,no,1451,no,no,cellular,30,sep,117,1,121,1,success,1,7.280697195384741
45,housemaid,married,secondary,no,4068,no,no,cellular,30,sep,314,1,41,1,success,0,8.31115254800169
53,admin.,married,secondary,no,109,no,no,telephone,30,sep,431,1,120,1,success,0,4.700480365792417
35,management,married,tertiary,no,611,no,no,cellular,1,oct,305,2,121,1,success,1,6.416732282512326
35,management,married,tertiary,no,2088,yes,no,cellular,1,oct,86,1,50,4,failure,0,7.644440761556566
26,student,single,secondary,no,132,no,no,cellular,1,oct,194,1,119,1,success,1,4.890349128221754
41,management,divorced,tertiary,no,3426,no,no,cellular,1,oct,302,1,119,5,success,0,8.139440521874608
36,technician,married,tertiary,no,202,no,no,cellular,1,oct,237,1,122,2,failure,0,5.313205979041787
48,management,married,tertiary,no,3842,no,no,cellular,1,oct,168,1,122,2,success,0,8.254008590564844
54,management,single,tertiary,no,2081,no,no,cellular,1,oct,395,2,108,1,failure,0,7.641084249174914
34,housemaid,single,secondary,no,1363,no,no,telephone,1,oct,258,1,93,1,failure,0,7.218176838403408
41,admin.,married,secondary,no,158,yes,no,cellular,1,oct,250,2,120,4,other,0,5.0689042022202315
59,management,married,tertiary,no,4152,yes,no,cellular,1,oct,67,6,141,13,failure,0,8.331586243630754
44,blue-collar,married,secondary,no,1495,yes,no,cellular,1,oct,82,1,142,1,failure,0,7.310550158534422
37,management,single,tertiary,no,1027,yes,no,cellular,1,oct,137,1,119,1,failure,1,6.93537044601511
28,management,single,tertiary,no,6784,no,no,cellular,1,oct,502,1,115,3,other,1,8.82246957226897
54,management,married,tertiary,no,1464,no,no,cellular,2,oct,194,2,94,1,success,1,7.289610521451167
54,management,married,tertiary,no,8295,no,no,cellular,2,oct,849,2,119,1,success,1,9.023528749909364
26,management,single,tertiary,no,170,no,no,cellular,2,oct,160,2,109,1,success,0,5.14166355650266
24,student,single,secondary,no,4126,no,no,cellular,2,oct,83,5,191,2,success,0,8.325306029752582
34,entrepreneur,single,secondary,no,318,yes,no,cellular,6,oct,88,1,169,3,failure,0,5.765191102784844
34,technician,married,tertiary,no,0,no,no,cellular,6,oct,89,1,133,1,failure,0,0.0
57,retired,married,secondary,no,415,no,no,cellular,6,oct,408,1,410,2,failure,0,6.030685260261263
26,admin.,single,secondary,no,125,no,no,cellular,6,oct,63,1,63,7,failure,0,4.836281906951478
19,student,single,secondary,no,55,no,no,telephone,6,oct,89,2,193,1,other,0,4.02535169073515
37,blue-collar,married,secondary,no,604,yes,no,cellular,7,oct,371,1,495,1,failure,1,6.405228458030842
33,management,single,tertiary,no,5437,no,no,cellular,7,oct,201,1,58,3,failure,1,8.601166625192416
37,admin.,married,secondary,no,2061,yes,yes,cellular,7,oct,867,2,107,4,success,0,7.631431664576906
25,admin.,single,tertiary,no,1185,no,no,cellular,7,oct,290,1,114,1,failure,1,7.078341579557671
30,admin.,single,secondary,no,873,no,no,cellular,7,oct,301,1,216,2,failure,0,6.773080375655535
31,management,single,tertiary,no,9629,no,no,cellular,7,oct,180,2,96,2,failure,0,9.172638504792172
29,technician,single,tertiary,no,172,yes,yes,cellular,7,oct,271,2,187,16,failure,0,5.153291594497779
24,blue-collar,single,secondary,no,1857,yes,no,cellular,8,oct,147,1,92,5,other,1,7.527255919373784
55,unemployed,married,secondary,no,377,no,no,cellular,8,oct,403,1,183,1,success,0,5.934894195619588
38,services,divorced,secondary,no,53,no,no,cellular,8,oct,78,1,58,1,other,0,3.9889840465642745
61,housemaid,married,tertiary,no,1389,no,no,cellular,8,oct,92,3,183,1,failure,0,7.237059026124737
36,technician,married,tertiary,no,4596,yes,no,cellular,8,oct,234,2,175,2,success,1,8.433159195806228
58,retired,married,primary,no,565,no,no,telephone,8,oct,153,1,93,1,success,1,6.338594078203183
33,management,single,tertiary,no,1781,no,no,cellular,8,oct,611,2,183,1,success,1,7.485491608030754
27,admin.,married,secondary,no,3415,no,no,cellular,9,oct,266,3,184,1,success,1,8.13622555490846
60,admin.,divorced,secondary,no,12039,no,no,telephone,12,oct,261,1,187,1,success,1,9.395989718862811
32,management,single,tertiary,no,2983,yes,no,cellular,12,oct,268,1,102,1,failure,0,8.001019961323651
56,unemployed,married,secondary,no,12,no,no,cellular,12,oct,511,3,187,1,failure,1,2.5649493574615367
83,retired,married,tertiary,no,6236,no,no,cellular,12,oct,766,1,62,3,failure,0,8.738254576526122
56,blue-collar,married,primary,no,1137,no,no,telephone,12,oct,99,3,102,1,success,0,7.037027614686276
45,blue-collar,married,secondary,no,6879,no,no,cellular,12,oct,99,1,131,1,other,0,8.836373930927389
30,technician,single,tertiary,no,1646,no,no,cellular,12,oct,251,3,98,6,other,0,7.4067107301776405
55,admin.,married,secondary,no,9329,no,no,cellular,13,oct,135,1,113,2,failure,0,9.140990293841389
55,entrepreneur,divorced,secondary,no,538,yes,no,cellular,13,oct,306,1,67,2,success,0,6.289715570908998
59,unemployed,married,secondary,no,0,no,no,cellular,13,oct,78,1,216,1,failure,0,0.0
46,entrepreneur,divorced,secondary,no,1187,no,yes,cellular,13,oct,92,1,327,1,failure,0,7.080026499922591
39,technician,divorced,secondary,no,385,no,no,cellular,13,oct,242,1,48,2,failure,1,5.955837369464831
31,self-employed,married,secondary,no,581,yes,no,cellular,13,oct,845,1,152,6,failure,0,6.366470447731438
28,blue-collar,single,secondary,no,2806,no,no,cellular,13,oct,285,1,120,1,other,0,7.939871576361883
48,technician,single,secondary,no,1245,no,no,cellular,13,oct,169,1,134,1,other,0,7.1276936993473985
35,management,single,tertiary,no,2646,no,no,cellular,13,oct,221,1,182,1,success,1,7.881182202227102
61,self-employed,divorced,tertiary,no,6,yes,no,cellular,13,oct,210,1,182,2,success,1,1.9459101490553132
49,admin.,married,secondary,no,197,yes,no,cellular,13,oct,404,1,68,1,other,0,5.288267030694535
43,management,married,tertiary,no,1188,no,no,cellular,13,oct,1573,2,139,2,failure,0,7.080867896690782
62,retired,married,secondary,no,1495,no,no,cellular,13,oct,896,1,57,2,success,1,7.310550158534422
36,admin.,divorced,secondary,no,592,no,no,cellular,13,oct,204,2,99,5,failure,1,6.385194398997726
32,technician,married,tertiary,no,2688,no,no,cellular,14,oct,216,1,57,1,failure,1,7.896924656268864
63,retired,married,primary,no,1084,no,no,cellular,14,oct,201,1,183,1,success,0,6.98933526597456
23,student,single,secondary,no,107,no,no,cellular,14,oct,84,1,183,1,success,1,4.68213122712422
46,management,married,tertiary,no,37378,yes,no,cellular,14,oct,146,1,518,1,failure,0,10.528864328377763
38,technician,married,tertiary,no,127,yes,no,cellular,14,oct,113,1,50,2,success,0,4.852030263919617
34,technician,single,tertiary,no,144,yes,yes,cellular,14,oct,104,1,85,19,failure,0,4.976733742420574
35,self-employed,married,tertiary,no,1178,yes,yes,cellular,14,oct,727,3,182,2,other,0,7.072421900537371
58,technician,married,primary,no,4198,no,no,cellular,15,oct,441,5,246,5,failure,1,8.342601680684194
30,admin.,married,secondary,no,0,no,no,cellular,15,oct,86,1,140,3,failure,0,0.0
40,self-employed,married,tertiary,no,13669,no,no,cellular,15,oct,138,1,136,8,other,0,9.522958929717996
34,admin.,married,tertiary,no,35,yes,no,cellular,15,oct,76,1,69,2,failure,0,3.58351893845611
47,technician,married,secondary,no,2149,yes,no,cellular,15,oct,241,1,183,2,success,0,7.673223121121708
30,management,single,tertiary,no,536,no,no,cellular,15,oct,244,1,105,1,success,1,6.285998094508865
19,student,single,primary,no,103,no,no,cellular,15,oct,96,2,97,2,success,0,4.6443908991413725
54,blue-collar,married,primary,no,1311,no,no,telephone,15,oct,485,3,184,3,failure,1,7.179307969504034
62,housemaid,married,tertiary,no,1528,no,no,cellular,15,oct,134,2,184,1,success,1,7.332369205929062
43,services,married,primary,no,2557,yes,no,telephone,15,oct,166,3,183,5,success,1,7.846980982138788
40,unemployed,single,tertiary,no,79,no,no,cellular,15,oct,570,1,135,1,failure,1,4.382026634673881
57,management,married,tertiary,no,1318,no,no,cellular,16,oct,115,1,185,2,failure,1,7.1846291527173145
75,retired,married,secondary,no,3771,no,no,telephone,16,oct,186,1,183,1,failure,1,8.235360643753348
77,retired,married,tertiary,no,0,no,no,cellular,16,oct,847,1,60,1,success,1,0.0
31,management,married,tertiary,no,6138,no,no,cellular,16,oct,154,2,119,5,failure,1,8.722417141427496
50,management,married,tertiary,no,469,no,no,cellular,16,oct,170,1,183,1,success,1,6.152732694704104
72,retired,married,secondary,no,2850,no,no,cellular,16,oct,131,2,241,1,success,0,7.955425088912672
31,admin.,single,secondary,no,523,no,yes,cellular,16,oct,141,1,126,4,failure,0,6.261491684321042
65,retired,married,primary,no,493,no,no,cellular,16,oct,622,1,182,1,failure,0,6.202535517187923
33,management,single,tertiary,no,8514,no,no,cellular,16,oct,165,1,57,1,failure,0,9.049584593096789
40,technician,married,secondary,no,2266,no,no,cellular,16,oct,447,1,147,5,failure,1,7.726212650507529
44,technician,single,tertiary,no,643,no,no,cellular,16,oct,324,1,143,3,failure,1,6.467698726104354
45,blue-collar,single,secondary,no,0,yes,no,cellular,16,oct,283,1,165,3,failure,0,0.0
62,retired,married,primary,no,1515,yes,no,cellular,19,oct,131,1,187,2,failure,0,7.323830566202317
76,housemaid,divorced,primary,no,1411,no,no,telephone,19,oct,233,2,187,3,success,1,7.252762418053187
30,admin.,single,tertiary,no,261,no,no,cellular,19,oct,233,1,137,20,failure,0,5.568344503761097
60,management,married,secondary,no,0,no,no,telephone,19,oct,1745,3,62,3,failure,0,0.0
61,admin.,married,secondary,no,1541,no,no,cellular,20,oct,59,1,104,3,failure,0,7.340835554123275
31,unemployed,single,secondary,no,8304,no,no,cellular,20,oct,164,1,183,1,failure,0,9.024613022047395
39,management,married,tertiary,no,1802,no,no,cellular,20,oct,92,1,336,1,failure,0,7.497207223203318
22,student,single,primary,no,3472,no,no,cellular,20,oct,332,1,183,3,failure,1,8.152774052744075
39,technician,married,tertiary,no,206,no,no,cellular,20,oct,148,2,195,2,success,1,5.332718793265369
37,management,single,tertiary,no,0,no,no,cellular,20,oct,107,1,258,3,other,0,0.0
43,technician,married,secondary,no,69,yes,yes,cellular,20,oct,304,1,337,1,failure,0,4.248495242049359
65,retired,married,secondary,no,571,yes,no,cellular,20,oct,349,1,183,2,success,1,6.349138991379798
54,technician,married,secondary,no,3994,no,yes,cellular,20,oct,595,2,187,2,success,1,8.292798858200374
28,management,single,tertiary,no,80,no,no,cellular,20,oct,676,2,146,2,failure,1,4.394449154672439
61,management,married,tertiary,no,267,no,no,cellular,21,oct,192,3,184,1,success,1,5.5909869805108565
53,housemaid,married,primary,no,2581,no,no,cellular,21,oct,828,1,189,1,failure,1,7.856319571406588
38,blue-collar,divorced,secondary,no,0,yes,no,cellular,21,oct,576,1,183,4,success,1,0.0
69,retired,married,tertiary,no,473,no,no,cellular,21,oct,110,1,106,2,failure,0,6.161207321695077
53,management,divorced,tertiary,no,3370,no,no,cellular,21,oct,180,1,334,3,other,0,8.12296471523406
27,student,single,tertiary,no,1134,no,no,cellular,21,oct,825,1,183,4,success,1,7.034387929915503
55,unemployed,divorced,secondary,no,309,no,no,cellular,21,oct,467,2,184,1,success,1,5.736572297479192
33,management,single,tertiary,no,6807,no,no,cellular,21,oct,512,2,184,1,success,1,8.82585367025321
33,self-employed,single,tertiary,no,658,yes,no,cellular,21,oct,307,1,208,1,success,1,6.490723534502507
35,technician,single,secondary,no,70,yes,no,cellular,21,oct,197,2,188,2,other,0,4.2626798770413155
33,admin.,married,tertiary,no,79,yes,no,cellular,22,oct,249,2,335,2,failure,1,4.382026634673881
30,technician,single,tertiary,no,411,no,no,cellular,22,oct,127,3,149,2,failure,1,6.021023349349527
68,retired,single,tertiary,no,2144,no,no,cellular,22,oct,277,1,184,2,success,1,7.6708948313621175
42,admin.,divorced,secondary,no,527,no,yes,cellular,22,oct,181,1,185,1,success,1,6.269096283706261
41,technician,single,tertiary,no,431,no,no,cellular,22,oct,133,1,107,2,success,1,6.068425588244111
35,management,single,tertiary,no,1750,yes,no,cellular,22,oct,422,1,175,4,success,0,7.467942332285852
29,self-employed,married,secondary,no,123,no,yes,cellular,22,oct,247,1,184,3,success,1,4.820281565605037
27,blue-collar,single,secondary,no,3792,no,no,cellular,22,oct,504,1,183,2,success,1,8.2409125416889
82,retired,married,primary,no,8603,no,no,cellular,22,oct,306,3,107,1,success,1,9.05998249038762
29,technician,single,tertiary,no,2178,no,no,cellular,22,oct,260,2,139,1,other,1,7.68662133494462
55,services,married,secondary,no,0,no,no,cellular,22,oct,102,1,106,1,failure,0,0.0
76,retired,married,tertiary,no,2991,no,no,cellular,22,oct,344,1,183,1,success,1,8.003697339094368
38,management,married,tertiary,no,4174,no,no,cellular,23,oct,336,2,184,5,failure,1,8.336869637284956
60,technician,married,secondary,no,10925,no,no,cellular,23,oct,270,3,185,1,success,1,9.298900548955663
33,services,divorced,secondary,no,2411,yes,no,cellular,23,oct,130,1,161,1,failure,1,7.788211557847076
73,retired,married,primary,no,796,no,no,cellular,23,oct,427,1,182,2,failure,1,6.680854678790215
39,technician,married,secondary,no,0,yes,no,cellular,23,oct,622,1,184,1,success,0,0.0
57,management,married,primary,no,6900,no,no,cellular,23,oct,255,4,185,2,failure,1,8.839421607620602
33,management,married,tertiary,no,5878,no,no,cellular,23,oct,438,1,430,2,failure,1,8.679141958402255
35,technician,single,secondary,no,183,no,no,cellular,23,oct,281,1,52,4,failure,1,5.214935757608986
59,retired,married,primary,no,3648,no,no,telephone,23,oct,257,2,126,3,success,1,8.202208436436448
40,admin.,married,tertiary,no,1108,no,no,cellular,26,oct,61,2,76,3,failure,0,7.011213987350367
40,admin.,married,secondary,no,0,no,no,cellular,26,oct,87,2,200,2,failure,0,0.0
44,management,divorced,tertiary,no,36,no,no,cellular,26,oct,127,2,153,3,failure,0,3.6109179126442243
59,retired,married,tertiary,no,1425,no,no,cellular,26,oct,151,2,77,3,failure,0,7.262628600974241
52,admin.,married,secondary,no,722,no,no,cellular,26,oct,99,2,185,3,failure,0,6.583409222158765
46,admin.,married,secondary,no,0,yes,no,cellular,26,oct,87,1,185,2,other,0,0.0
73,retired,married,primary,no,542,no,no,cellular,26,oct,355,1,180,5,failure,1,6.297109319933935
55,admin.,married,secondary,no,865,yes,no,cellular,27,oct,96,1,111,3,failure,0,6.763884908562435
58,blue-collar,married,secondary,no,3027,yes,no,cellular,27,oct,120,1,186,1,success,0,8.01565761455734
46,management,single,tertiary,no,311,yes,yes,cellular,27,oct,96,1,158,1,failure,0,5.7430031878094825
38,blue-collar,single,secondary,no,0,no,no,cellular,27,oct,297,1,75,3,failure,1,0.0
30,management,single,tertiary,no,398,no,no,cellular,27,oct,102,1,180,3,success,1,5.988961416889864
52,services,married,secondary,no,992,yes,no,cellular,27,oct,424,1,515,1,failure,1,6.900730664045173
59,housemaid,married,secondary,no,0,no,no,telephone,27,oct,376,1,81,3,failure,0,0.0
56,management,married,secondary,no,0,no,no,cellular,27,oct,298,1,111,8,other,1,0.0
71,technician,married,tertiary,no,383,no,no,cellular,27,oct,327,2,183,3,success,0,5.950642552587727
38,housemaid,divorced,secondary,no,70,no,no,cellular,27,oct,255,3,148,1,success,1,4.2626798770413155
69,retired,divorced,secondary,no,4572,no,no,telephone,27,oct,146,2,56,1,other,1,8.427924723658055
34,admin.,single,tertiary,no,18,yes,yes,cellular,27,oct,114,1,180,1,success,0,2.9444389791664403
60,housemaid,married,primary,no,182,no,no,cellular,27,oct,83,2,76,3,failure,0,5.209486152841421
29,technician,married,secondary,no,1599,yes,no,cellular,28,oct,95,1,112,2,failure,0,7.3777589082278725
61,retired,married,secondary,no,89,no,no,cellular,28,oct,154,1,181,2,failure,0,4.499809670330265
27,management,single,tertiary,no,390,no,no,cellular,28,oct,190,1,82,1,success,0,5.968707559985366
30,admin.,single,secondary,no,914,yes,no,cellular,28,oct,524,3,272,1,failure,1,6.818924065275521
57,housemaid,married,tertiary,no,2326,no,no,cellular,28,oct,207,1,194,1,success,1,7.752335163302292
61,blue-collar,married,secondary,no,272,no,no,cellular,29,oct,318,1,269,1,failure,0,5.60947179518496
30,management,single,tertiary,no,697,no,no,cellular,29,oct,215,3,80,5,success,1,6.548219102762372
32,unemployed,single,tertiary,no,685,yes,no,cellular,29,oct,262,1,204,1,other,0,6.530877627725885
66,retired,married,tertiary,no,1948,no,no,cellular,29,oct,106,2,269,2,failure,1,7.575071699507561
50,technician,married,secondary,no,3654,no,no,cellular,29,oct,215,2,78,2,other,1,8.203851372183879
53,technician,married,tertiary,no,395,no,no,cellular,29,oct,136,1,148,1,failure,1,5.981414211254481
47,management,single,tertiary,no,159,no,no,telephone,29,oct,220,3,155,3,other,1,5.075173815233827
80,retired,married,primary,no,997,no,no,cellular,29,oct,746,2,86,1,other,1,6.905753276311464
61,management,married,tertiary,no,477,yes,no,cellular,29,oct,377,1,520,1,other,1,6.169610732491456
34,technician,single,secondary,no,920,yes,no,cellular,29,oct,250,1,342,5,failure,0,6.825460036255307
47,management,married,tertiary,no,3663,no,no,cellular,29,oct,424,2,213,3,success,1,8.20631072579402
62,blue-collar,married,primary,no,115,no,no,telephone,29,oct,157,4,183,3,failure,0,4.7535901911063645
30,technician,single,secondary,no,853,no,no,cellular,29,oct,279,1,148,1,failure,1,6.74993119378857
56,retired,married,primary,no,1947,no,no,cellular,30,oct,631,2,149,3,failure,0,7.5745584842024805
37,management,married,tertiary,no,7974,yes,no,cellular,30,oct,176,5,158,7,other,0,8.984066927653044
30,technician,single,tertiary,no,53,no,no,cellular,30,oct,155,1,184,1,success,0,3.9889840465642745
60,management,married,tertiary,no,3401,no,no,cellular,30,oct,294,1,270,1,failure,1,8.132118772955806
46,housemaid,married,primary,no,3512,no,no,cellular,30,oct,175,1,197,1,failure,1,8.164225652265827
33,management,married,tertiary,no,3301,yes,no,cellular,2,nov,131,2,171,2,failure,0,8.102283624480073
37,management,married,primary,no,1506,no,no,cellular,2,nov,101,3,80,3,success,0,7.317876198626496
20,student,single,primary,no,0,no,no,cellular,2,nov,69,4,182,4,failure,0,0.0
38,technician,married,tertiary,no,732,no,no,cellular,2,nov,53,2,161,1,failure,0,6.597145701886651
70,technician,married,secondary,no,3020,no,no,telephone,2,nov,358,2,186,1,failure,0,8.013343181386672
29,student,single,tertiary,no,3054,no,no,cellular,2,nov,204,1,186,7,success,0,8.024534871605695
54,technician,married,secondary,no,473,no,yes,cellular,2,nov,182,1,81,1,failure,1,6.161207321695077
35,self-employed,single,tertiary,no,5462,no,no,cellular,2,nov,188,1,186,1,success,1,8.605753368395717
32,student,married,secondary,no,833,yes,no,telephone,2,nov,227,5,164,3,other,0,6.726233402358747
26,admin.,married,tertiary,no,906,no,no,cellular,2,nov,109,1,160,1,success,0,6.810142450115136
35,technician,married,secondary,no,580,yes,no,cellular,2,nov,180,2,171,1,failure,0,6.364750756851911
66,housemaid,married,primary,no,922,no,no,telephone,2,nov,83,4,101,4,other,0,6.827629234502852
72,retired,single,tertiary,no,1285,no,no,telephone,2,nov,179,5,98,2,failure,0,7.1592919047975645
55,management,divorced,tertiary,no,2037,no,no,cellular,2,nov,209,2,273,1,failure,1,7.61972421378267
44,technician,married,tertiary,no,1818,yes,yes,cellular,3,nov,88,2,83,2,failure,0,7.506042178518122
48,management,married,secondary,no,0,yes,yes,cellular,3,nov,1233,1,351,2,failure,1,0.0
36,management,single,tertiary,no,62,yes,no,cellular,3,nov,566,1,182,7,failure,1,4.143134726391533
55,management,single,tertiary,no,0,no,no,cellular,3,nov,222,3,187,3,failure,0,0.0
36,self-employed,married,tertiary,no,506,no,no,cellular,3,nov,217,1,70,2,failure,1,6.2285110035911835
40,blue-collar,married,secondary,no,1508,no,no,cellular,3,nov,177,2,85,3,failure,0,7.319202458767849
27,management,single,tertiary,no,1720,no,no,cellular,3,nov,284,2,273,1,failure,1,7.450660796211539
38,unemployed,married,tertiary,no,2812,yes,no,cellular,3,nov,322,1,187,1,success,0,7.9420068084898565
36,unemployed,married,tertiary,no,7222,yes,no,cellular,4,nov,116,4,154,1,failure,0,8.885025658050846
18,student,single,secondary,no,156,no,no,cellular,4,nov,298,2,82,4,other,0,5.056245805348308
50,management,married,tertiary,no,112,yes,no,cellular,4,nov,70,5,85,5,other,0,4.727387818712341
31,management,married,tertiary,no,1812,no,no,cellular,4,nov,138,1,84,2,failure,0,7.502738210754851
29,admin.,single,secondary,no,2,no,no,cellular,4,nov,85,1,142,1,failure,0,1.0986122886681098
34,management,married,tertiary,no,1778,no,no,cellular,4,nov,358,1,162,2,failure,1,7.483806687665835
61,management,married,tertiary,no,6016,no,no,cellular,4,nov,199,1,275,3,success,0,8.702344075220351
31,management,single,tertiary,no,220,yes,no,cellular,4,nov,257,2,184,2,failure,0,5.3981627015177525
78,retired,divorced,primary,no,55,no,no,telephone,5,nov,143,3,90,1,other,0,4.02535169073515
55,blue-collar,married,secondary,no,12401,no,no,telephone,5,nov,111,9,511,4,other,0,9.425613028909824
54,technician,married,secondary,no,0,no,no,cellular,6,nov,464,5,192,8,other,1,0.0
60,technician,married,tertiary,no,6573,yes,no,cellular,6,nov,126,2,87,2,failure,0,8.790877754224164
67,retired,married,primary,no,942,no,no,cellular,6,nov,455,2,84,2,other,1,6.849066282633458
24,technician,married,secondary,no,556,yes,no,cellular,6,nov,368,2,80,2,success,1,6.322565239927284
33,technician,married,tertiary,no,1699,no,no,cellular,6,nov,178,2,94,1,success,1,7.438383530044307
33,technician,married,secondary,no,6699,no,no,cellular,9,nov,425,1,462,1,failure,0,8.809862805379057
33,student,married,secondary,no,1536,no,no,cellular,9,nov,262,1,94,2,success,1,7.337587743538596
32,management,single,tertiary,no,935,no,no,cellular,9,nov,165,1,91,7,success,1,6.841615476477592
60,self-employed,married,tertiary,no,10861,no,no,cellular,9,nov,98,1,91,2,failure,1,9.29302573859479
34,admin.,married,secondary,no,2374,yes,no,cellular,9,nov,161,1,209,2,failure,1,7.772752716468742
35,management,single,tertiary,no,1228,no,no,cellular,9,nov,696,2,88,12,failure,1,7.113956109566034
53,management,married,tertiary,no,1356,yes,no,cellular,9,nov,371,2,96,4,failure,0,7.213031659834869
24,student,single,secondary,no,125,no,no,cellular,9,nov,263,1,90,1,failure,1,4.836281906951478
32,technician,single,tertiary,no,1527,yes,no,cellular,9,nov,270,1,144,2,failure,0,7.331714969726466
38,management,single,tertiary,no,3141,no,no,cellular,9,nov,347,4,189,2,success,1,8.052614818815567
47,housemaid,married,secondary,no,3940,yes,no,cellular,9,nov,171,2,96,5,success,0,8.279189777195004
45,management,married,tertiary,no,160,no,no,cellular,10,nov,182,2,194,1,success,1,5.081404364984463
40,management,married,tertiary,no,0,no,no,cellular,10,nov,147,1,96,8,success,1,0.0
31,self-employed,married,tertiary,no,2666,no,no,cellular,10,nov,318,2,97,6,success,1,7.888709524182015
44,admin.,single,secondary,no,1534,no,no,cellular,10,nov,95,1,95,3,success,1,7.336285660021297
61,retired,married,tertiary,no,2557,yes,no,cellular,10,nov,89,1,91,4,success,1,7.846980982138788
67,management,married,tertiary,no,405,no,no,cellular,10,nov,344,2,95,2,success,1,6.0063531596017325
33,management,married,tertiary,no,22867,yes,no,cellular,10,nov,266,2,92,3,failure,1,10.037493832383863
57,management,married,secondary,no,2155,no,yes,cellular,10,nov,144,3,91,2,failure,1,7.6760099320288875
71,housemaid,divorced,primary,no,1311,no,no,cellular,10,nov,301,2,91,1,success,1,7.179307969504034
52,unemployed,married,secondary,no,94,no,no,cellular,10,nov,293,3,190,10,failure,1,4.553876891600541
48,unemployed,divorced,secondary,no,201,no,no,cellular,10,nov,594,1,91,1,success,1,5.308267697401205
33,management,married,tertiary,no,1388,yes,no,cellular,10,nov,280,1,89,2,failure,0,7.236339342754344
47,admin.,married,secondary,no,0,no,no,cellular,10,nov,213,1,190,1,other,1,0.0
27,admin.,single,secondary,no,4590,yes,no,cellular,10,nov,131,4,89,3,failure,1,8.431853144249223
52,technician,married,tertiary,no,1785,no,no,cellular,10,nov,133,3,89,1,failure,0,7.487733761436444
73,retired,married,primary,no,9160,no,no,cellular,11,nov,516,2,90,3,other,0,9.122710622015209
35,management,single,tertiary,no,612,no,no,cellular,11,nov,158,1,195,1,failure,0,6.418364935936212
35,admin.,single,tertiary,no,5007,yes,no,cellular,11,nov,133,1,90,3,failure,0,8.518791912779934
23,technician,single,secondary,no,598,no,no,cellular,11,nov,406,1,195,1,failure,1,6.395261598115449
26,management,single,tertiary,no,943,no,no,cellular,11,nov,166,1,195,1,success,1,6.8501261661455
51,management,married,tertiary,no,938,no,no,cellular,11,nov,98,2,97,3,failure,0,6.844815479208263
33,services,married,secondary,no,1076,no,no,cellular,11,nov,131,1,96,5,failure,1,6.981934677156389
35,management,married,tertiary,no,0,yes,no,cellular,11,nov,229,2,96,3,success,1,0.0
53,management,married,tertiary,no,1624,no,no,cellular,11,nov,166,3,97,7,success,1,7.393263094763838
28,student,single,tertiary,no,3,no,no,cellular,11,nov,135,2,148,1,other,0,1.3862943611198906
44,self-employed,divorced,tertiary,no,1070,yes,no,cellular,11,nov,172,1,91,5,success,1,6.976348070447749
53,blue-collar,divorced,primary,no,4401,no,no,telephone,11,nov,241,1,92,1,success,1,8.389814262086407
21,student,single,secondary,no,123,no,no,telephone,11,nov,513,1,91,1,success,1,4.820281565605037
31,management,single,tertiary,no,533,no,no,cellular,12,nov,90,3,93,6,success,1,6.280395838960195
42,technician,married,secondary,no,994,yes,no,cellular,12,nov,227,3,93,6,success,1,6.902742737158593
28,self-employed,single,tertiary,no,805,no,no,cellular,12,nov,116,5,170,2,failure,0,6.692083742506628
27,self-employed,single,tertiary,no,168,no,no,cellular,12,nov,123,1,196,1,success,1,5.1298987149230735
33,services,married,secondary,no,386,no,no,cellular,12,nov,253,1,92,4,failure,1,5.958424693029782
29,management,single,tertiary,no,1026,no,no,cellular,12,nov,226,1,92,1,other,1,6.934397209928558
65,retired,married,secondary,no,1370,no,no,cellular,12,nov,177,1,92,1,failure,0,7.223295679562314
30,unemployed,single,secondary,no,2424,no,no,cellular,12,nov,110,1,279,1,failure,1,7.793586803371584
51,management,married,tertiary,no,346,no,no,cellular,12,nov,134,2,192,3,failure,1,5.849324779946859
32,management,married,tertiary,no,1331,no,no,cellular,12,nov,126,1,92,5,failure,1,7.194436851100335
47,management,married,tertiary,no,4693,no,yes,cellular,12,nov,89,1,97,3,success,1,8.454040376410969
48,blue-collar,married,secondary,no,1230,yes,no,cellular,12,nov,169,1,196,2,success,1,7.115582126184454
61,retired,married,primary,no,1720,no,no,cellular,12,nov,150,1,463,5,failure,0,7.450660796211539
36,entrepreneur,married,secondary,no,2971,no,no,cellular,12,nov,247,1,97,8,failure,1,7.99699040583765
75,retired,married,secondary,no,324,no,no,telephone,12,nov,124,2,91,4,other,0,5.783825182329737
27,student,single,tertiary,no,5291,no,no,cellular,12,nov,192,2,92,2,failure,1,8.573951525234847
43,services,single,secondary,no,3403,yes,no,cellular,12,nov,707,2,97,2,success,1,8.132706489693264
33,technician,married,secondary,no,133,no,no,cellular,12,nov,627,2,192,1,success,1,4.897839799950911
27,admin.,single,secondary,no,4745,no,no,telephone,12,nov,411,4,192,1,other,1,8.465057436995709
50,admin.,married,secondary,no,3608,yes,no,cellular,13,nov,176,2,197,2,success,1,8.19118600464279
43,unemployed,divorced,secondary,no,1854,no,no,cellular,13,nov,131,2,197,1,success,0,7.5256399750415355
76,retired,married,primary,no,3324,no,no,cellular,13,nov,122,1,92,3,success,1,8.109224953089955
63,management,married,tertiary,no,5112,no,no,telephone,13,nov,2184,2,95,3,failure,1,8.53954159508
81,retired,married,primary,no,5220,no,no,telephone,13,nov,135,1,94,2,other,1,8.560444233410552
77,retired,married,primary,no,2590,no,no,telephone,13,nov,212,3,277,12,failure,1,7.85979918056211
71,retired,married,primary,no,2600,no,no,cellular,13,nov,186,2,98,1,success,1,7.8636512654486515
46,management,married,tertiary,no,2671,no,no,cellular,13,nov,180,3,91,4,success,0,7.890582534656536
39,admin.,married,secondary,no,260,yes,no,cellular,13,nov,226,1,94,4,success,1,5.564520407322694
37,admin.,single,secondary,no,115,no,no,cellular,13,nov,122,4,101,5,failure,0,4.7535901911063645
18,student,single,primary,no,608,no,no,cellular,13,nov,210,1,93,1,success,1,6.411818267709897
58,services,divorced,secondary,no,462,no,no,cellular,13,nov,495,1,93,1,success,1,6.137727054086234
61,management,married,secondary,no,1471,no,no,cellular,13,nov,632,1,93,2,failure,0,7.294377299288821
44,technician,divorced,secondary,no,14,no,no,cellular,13,nov,167,1,92,1,success,1,2.70805020110221
67,retired,married,secondary,no,1146,no,no,cellular,13,nov,259,1,92,2,failure,1,7.044905117129371
31,services,single,secondary,no,181,no,no,cellular,13,nov,239,2,93,2,success,1,5.204006687076795
36,technician,single,secondary,no,376,no,no,cellular,13,nov,193,1,92,1,success,1,5.932245187448011
56,retired,married,primary,no,9367,no,no,telephone,13,nov,271,2,92,4,success,1,9.145054905277552
74,retired,married,primary,no,0,no,no,telephone,13,nov,332,2,92,2,success,0,0.0
33,management,married,tertiary,no,271,yes,no,cellular,13,nov,182,2,91,2,success,1,5.605802066295998
24,student,single,secondary,no,382,no,no,cellular,13,nov,256,2,92,3,failure,1,5.948034989180646
33,management,single,tertiary,no,2465,no,no,cellular,16,nov,139,2,95,1,success,0,7.81035268372429
34,management,married,tertiary,no,2599,no,no,cellular,16,nov,95,1,200,2,success,0,7.8632667240095735
33,admin.,married,secondary,no,920,no,no,cellular,16,nov,130,1,95,2,failure,1,6.825460036255307
58,admin.,married,secondary,no,169,no,no,cellular,16,nov,301,1,94,3,failure,1,5.135798437050262
37,management,married,tertiary,no,1276,no,no,cellular,16,nov,146,1,94,2,success,1,7.152268856032539
27,blue-collar,single,secondary,no,535,no,no,cellular,16,nov,183,1,94,1,success,1,6.284134161070802
37,management,married,tertiary,no,2987,yes,no,telephone,16,nov,135,8,96,1,success,0,8.002359546252707
31,admin.,single,secondary,no,270,no,no,cellular,16,nov,176,1,200,2,success,0,5.602118820879701
41,unemployed,divorced,primary,no,487,no,no,cellular,16,nov,163,1,200,1,failure,0,6.1903154058531475
22,student,single,secondary,no,1925,no,no,cellular,16,nov,84,1,196,1,failure,0,7.563200592358071
33,management,married,tertiary,no,71,no,no,cellular,16,nov,136,1,287,1,failure,0,4.276666119016055
42,self-employed,married,tertiary,no,10072,no,no,cellular,16,nov,137,3,208,1,failure,0,9.21761385594268
26,student,single,secondary,no,203,no,no,cellular,16,nov,104,1,196,1,failure,0,5.318119993844216
54,technician,married,secondary,no,0,no,no,telephone,16,nov,986,1,94,8,failure,0,0.0
37,technician,single,tertiary,no,197,no,no,cellular,16,nov,175,1,200,1,success,1,5.288267030694535
33,self-employed,married,tertiary,no,263,no,no,cellular,16,nov,79,4,94,3,failure,0,5.575949103146316
43,management,married,tertiary,no,3186,no,no,cellular,16,nov,380,1,88,1,failure,1,8.066835314417336
62,technician,married,secondary,no,135,yes,no,telephone,16,nov,446,13,96,1,other,0,4.912654885736052
49,technician,divorced,secondary,no,972,no,no,cellular,16,nov,104,3,175,2,failure,0,6.880384082186005
35,technician,married,tertiary,no,3160,yes,no,cellular,16,nov,445,2,95,1,failure,1,8.058643712215618
47,management,married,tertiary,no,999,no,no,cellular,16,nov,111,1,94,1,other,0,6.907755278982137
24,blue-collar,married,secondary,no,272,no,no,cellular,16,nov,105,2,94,2,success,1,5.60947179518496
75,retired,married,tertiary,no,6027,no,no,cellular,16,nov,1248,2,94,2,failure,1,8.704170559746386
52,management,married,tertiary,no,583,no,no,cellular,17,nov,209,1,91,2,failure,1,6.369900982828227
62,management,married,tertiary,no,10373,no,no,cellular,17,nov,140,3,97,3,failure,0,9.247057954911346
55,technician,divorced,tertiary,no,0,no,no,cellular,17,nov,134,2,91,1,success,1,0.0
35,technician,married,secondary,no,4922,yes,no,cellular,17,nov,393,4,201,17,other,1,8.5016733797582
29,unemployed,single,primary,no,1374,no,no,cellular,17,nov,309,3,208,4,success,1,7.226209010100671
61,admin.,divorced,tertiary,no,89,no,no,cellular,24,nov,141,2,95,2,other,0,4.499809670330265
20,student,single,secondary,no,215,no,no,cellular,24,nov,325,1,95,5,success,1,5.375278407684165
42,management,married,primary,no,5310,yes,no,cellular,25,nov,968,2,97,4,success,1,8.577535420422398
27,technician,single,tertiary,no,11862,no,no,cellular,25,nov,285,2,97,7,success,1,9.381179591661104
30,management,single,tertiary,no,265,no,no,cellular,25,nov,295,1,93,3,success,0,5.583496308781699
23,student,single,secondary,no,922,no,no,cellular,25,nov,242,1,85,8,failure,0,6.827629234502852
36,admin.,married,tertiary,no,0,no,no,cellular,25,nov,106,1,205,2,other,0,0.0
53,technician,married,secondary,no,65,no,no,cellular,25,nov,99,1,92,2,failure,0,4.189654742026425
28,student,single,secondary,no,1925,no,no,cellular,25,nov,487,1,97,2,failure,1,7.563200592358071
38,technician,married,secondary,no,6728,no,no,cellular,25,nov,232,1,96,4,success,1,8.814181823188319
72,retired,married,secondary,no,1129,no,no,cellular,25,nov,208,1,91,1,success,1,7.029972911706386
29,admin.,single,secondary,no,265,yes,no,cellular,25,nov,414,1,184,1,failure,1,5.583496308781699
34,admin.,married,tertiary,no,69,no,yes,cellular,25,nov,296,1,205,2,failure,1,4.248495242049359
64,retired,divorced,primary,no,1840,no,no,cellular,25,nov,237,1,85,4,other,0,7.518064181233078
27,blue-collar,single,tertiary,no,567,no,no,cellular,25,nov,238,2,184,1,success,1,6.342121418721152
52,blue-collar,married,secondary,no,1797,yes,no,cellular,27,nov,92,2,99,1,failure,0,7.494430215031565
77,retired,married,primary,no,680,no,no,telephone,27,nov,341,4,94,3,failure,0,6.523562306149512
35,technician,single,secondary,no,204,yes,no,cellular,30,nov,110,3,189,1,success,0,5.3230099791384085
58,technician,married,secondary,no,3399,no,no,telephone,30,nov,1628,2,188,8,success,1,8.131530710604252
46,technician,married,tertiary,no,31630,no,no,cellular,30,nov,448,2,214,1,failure,0,10.361892931354786
25,student,single,secondary,no,304,no,no,cellular,30,nov,152,1,188,2,success,0,5.720311776607412
22,student,single,tertiary,no,691,no,no,cellular,30,nov,260,5,103,1,success,1,6.539585955617669
33,technician,married,tertiary,no,8023,no,no,cellular,30,nov,107,1,105,3,failure,0,8.990192329641772
28,admin.,single,secondary,no,520,yes,no,cellular,30,nov,113,1,168,1,failure,0,6.255750041753367
28,admin.,married,secondary,no,330,no,no,cellular,2,dec,357,1,188,3,other,1,5.802118375377063
60,retired,divorced,tertiary,no,4,yes,no,cellular,2,dec,415,1,190,5,failure,1,1.6094379124341003
29,technician,single,secondary,no,1165,no,no,cellular,3,dec,244,2,184,1,success,1,7.061334366910438
36,admin.,divorced,tertiary,no,4708,no,no,cellular,3,dec,284,1,171,1,failure,1,8.457230850243555
68,retired,married,tertiary,no,2820,no,no,cellular,3,dec,154,1,97,2,failure,1,7.944846711001996
48,management,married,tertiary,no,1147,no,no,cellular,3,dec,155,1,120,3,success,1,7.045776576879511
27,blue-collar,single,secondary,no,-46,yes,no,cellular,3,dec,97,3,199,8,other,0,0.0
39,services,married,secondary,no,323,no,no,cellular,3,dec,1804,3,182,3,other,0,5.780743515792329
25,student,single,tertiary,no,1189,no,no,cellular,3,dec,110,1,183,1,success,0,7.081708586105575
28,services,single,secondary,no,339,no,no,cellular,3,dec,350,1,182,1,success,1,5.8289456176102075
29,housemaid,single,tertiary,no,19,no,no,cellular,3,dec,274,1,230,1,success,1,2.995732273553991
49,management,married,tertiary,no,5887,no,no,cellular,4,dec,439,3,185,5,success,1,8.680671660408713
42,blue-collar,married,secondary,no,2913,no,no,cellular,4,dec,127,2,184,2,success,0,7.97728198675515
43,management,single,tertiary,no,11891,no,no,cellular,4,dec,821,5,242,1,success,1,9.383621184117988
44,admin.,single,secondary,no,733,yes,no,cellular,4,dec,360,2,105,5,success,1,6.598509028614515
58,admin.,single,secondary,no,2223,no,no,cellular,4,dec,1139,2,114,1,success,0,7.707062655370473
27,student,single,secondary,no,91,no,no,telephone,4,dec,157,6,95,37,other,0,4.5217885770490405
38,services,married,secondary,no,5000,no,no,cellular,4,dec,720,5,536,5,failure,0,8.517393171418904
39,management,married,tertiary,no,481,no,no,cellular,7,dec,929,5,189,1,other,1,6.1779441140506
31,admin.,married,secondary,no,389,yes,no,cellular,7,dec,69,1,185,2,failure,0,5.966146739123692
42,admin.,single,secondary,no,684,no,no,cellular,7,dec,163,1,186,1,success,0,6.529418838262226
42,management,married,tertiary,no,144,no,no,cellular,7,dec,143,1,283,3,failure,0,4.976733742420574
32,admin.,single,secondary,no,8626,no,no,cellular,7,dec,200,1,196,2,failure,0,9.062652099076578
29,student,single,secondary,no,314,no,no,cellular,7,dec,415,2,116,4,failure,1,5.752572638825633
52,entrepreneur,married,primary,no,657,no,no,telephone,7,dec,91,2,217,1,other,0,6.489204931325317
38,entrepreneur,divorced,secondary,no,1190,yes,no,cellular,7,dec,347,4,186,5,success,0,7.0825485693553
50,admin.,married,secondary,no,10250,yes,no,cellular,7,dec,254,3,385,2,other,1,9.235130540783402
29,technician,single,tertiary,no,2489,yes,no,cellular,7,dec,1002,3,283,2,success,0,7.820037989458753
42,management,married,tertiary,no,254,no,no,cellular,9,dec,288,7,183,4,success,1,5.541263545158426
37,admin.,married,secondary,no,0,yes,no,cellular,9,dec,179,1,190,1,success,1,0.0
34,management,married,tertiary,no,250,no,no,cellular,9,dec,787,1,188,8,other,0,5.5254529391317835
53,blue-collar,single,secondary,no,1442,no,no,telephone,9,dec,137,8,188,2,other,0,7.274479558773871
27,management,single,tertiary,no,1623,no,no,cellular,9,dec,161,1,190,1,success,0,7.392647520721623
34,technician,married,secondary,no,294,yes,no,cellular,9,dec,265,1,184,3,success,1,5.68697535633982
79,retired,married,secondary,no,8304,no,no,cellular,9,dec,456,2,275,9,success,1,9.024613022047395
57,retired,divorced,primary,no,698,no,no,telephone,9,dec,135,3,191,2,failure,0,6.54965074223381
41,unemployed,married,secondary,no,1077,yes,yes,telephone,9,dec,207,3,387,2,failure,1,6.982862751468942
32,management,divorced,tertiary,no,883,yes,no,cellular,10,dec,798,1,185,5,other,1,6.784457062637643
47,management,single,tertiary,no,4402,no,no,telephone,10,dec,805,1,190,1,other,1,8.390041405755754
22,student,single,tertiary,no,1258,no,no,cellular,10,dec,182,1,156,1,failure,0,7.138073034044347
58,management,married,tertiary,no,256,no,no,cellular,10,dec,422,1,188,3,success,1,5.54907608489522
54,management,divorced,tertiary,no,380,no,yes,cellular,10,dec,501,1,188,2,success,0,5.942799375126701
45,management,married,tertiary,no,1788,no,no,cellular,10,dec,364,1,191,4,failure,0,7.489412083508719
72,retired,married,primary,no,3856,no,no,cellular,10,dec,582,4,115,1,other,1,8.257644958208228
79,retired,married,primary,no,3025,no,no,cellular,11,dec,166,3,126,3,other,1,8.014996894348302
40,management,single,tertiary,no,3797,no,no,cellular,14,dec,263,1,195,2,failure,0,8.242229891372231
30,technician,married,secondary,no,2326,no,no,cellular,14,dec,420,1,175,2,failure,1,7.752335163302292
41,self-employed,single,tertiary,no,10346,no,no,cellular,14,dec,352,1,182,3,success,0,9.24445190160495
35,management,married,tertiary,no,3402,no,no,cellular,14,dec,269,1,194,2,failure,0,8.132412674500905
57,technician,married,primary,no,592,no,yes,telephone,14,dec,88,6,193,5,other,0,6.385194398997726
36,management,married,tertiary,no,925,no,no,cellular,14,dec,321,3,189,4,success,1,6.8308742346461795
64,housemaid,married,primary,no,67,no,no,telephone,14,dec,86,2,111,1,failure,0,4.219507705176107
53,admin.,married,secondary,no,1796,no,no,telephone,15,dec,476,1,193,1,failure,1,7.493873886783559
29,student,single,secondary,no,459,no,no,cellular,15,dec,279,3,189,19,other,1,6.131226489483141
26,services,single,tertiary,no,12,no,no,cellular,15,dec,72,4,186,6,success,0,2.5649493574615367
29,management,single,tertiary,no,572,no,no,cellular,16,dec,314,1,195,1,success,1,6.35088571671474
45,technician,married,tertiary,no,115,no,no,cellular,16,dec,147,1,194,1,other,0,4.7535901911063645
43,unemployed,married,secondary,no,775,no,no,cellular,16,dec,325,1,124,2,failure,0,6.654152520183219
57,retired,married,secondary,no,5313,no,no,cellular,16,dec,283,2,196,1,success,1,8.57810012631976
46,management,married,tertiary,no,0,yes,no,cellular,17,dec,155,1,199,2,failure,0,0.0
47,technician,married,secondary,no,0,yes,no,cellular,17,dec,97,1,231,2,failure,0,0.0
56,retired,married,secondary,no,393,no,yes,cellular,17,dec,103,1,206,1,failure,0,5.976350909297934
59,management,married,primary,no,8334,no,no,cellular,17,dec,141,4,182,2,other,0,9.028218795184895
34,services,married,secondary,no,1337,no,no,cellular,17,dec,330,2,127,3,success,1,7.198931240688173
52,technician,married,secondary,no,195,yes,no,cellular,17,dec,110,2,205,3,failure,0,5.278114659230517
32,admin.,married,secondary,no,35,no,no,cellular,17,dec,324,3,126,3,success,1,3.58351893845611
31,management,single,tertiary,no,596,no,no,cellular,17,dec,184,6,196,2,failure,0,6.391917113392602
27,student,single,secondary,no,538,no,no,cellular,18,dec,170,4,197,2,success,1,6.289715570908998
29,services,married,secondary,no,399,no,no,cellular,18,dec,454,6,199,1,failure,0,5.991464547107982
50,management,married,tertiary,no,5108,yes,no,cellular,18,dec,406,1,182,2,failure,1,8.538758969330798
57,retired,married,secondary,no,1841,no,no,cellular,18,dec,127,2,196,1,success,0,7.518607216815252
60,technician,married,secondary,no,294,no,no,telephone,18,dec,104,5,198,4,success,0,5.68697535633982
44,blue-collar,married,secondary,no,1025,yes,no,cellular,21,dec,116,2,202,1,failure,0,6.933423025730715
50,services,married,secondary,no,320,no,no,telephone,21,dec,294,3,315,4,success,1,5.771441123130016
44,admin.,married,secondary,no,132,no,no,cellular,21,dec,103,5,124,4,success,0,4.890349128221754
39,unemployed,single,secondary,no,804,no,no,cellular,21,dec,193,8,203,1,success,0,6.690842277418564
32,admin.,single,secondary,no,131,yes,no,cellular,21,dec,322,1,189,1,success,1,4.882801922586371
59,retired,married,primary,no,2074,no,no,cellular,21,dec,467,1,186,2,success,1,7.637716432664798
68,retired,married,secondary,no,1443,no,no,telephone,21,dec,2062,2,257,1,success,1,7.275172319452771
40,admin.,single,secondary,no,782,yes,no,cellular,21,dec,94,5,202,17,failure,0,6.663132695990803
34,admin.,single,secondary,no,303,no,no,cellular,21,dec,94,3,200,6,success,0,5.717027701406222
64,self-employed,married,tertiary,no,661,no,no,cellular,21,dec,367,2,294,2,failure,1,6.495265555937008
49,technician,married,secondary,no,905,no,no,cellular,21,dec,385,7,131,2,failure,0,6.80903930604298
60,admin.,married,secondary,no,3735,no,no,cellular,22,dec,190,1,188,9,success,1,8.225770799348734
35,management,single,tertiary,no,538,no,no,cellular,22,dec,410,3,165,2,other,1,6.289715570908998
72,retired,married,primary,no,4657,no,no,cellular,22,dec,305,3,309,5,success,1,8.446341450444287
30,blue-collar,married,primary,no,5,no,no,cellular,23,dec,282,1,203,1,success,1,1.791759469228055
32,technician,married,tertiary,no,593,no,no,cellular,23,dec,140,2,201,2,other,0,6.386879319362645
48,self-employed,married,secondary,no,1559,no,no,cellular,24,dec,520,3,133,3,failure,0,7.352441100243583
59,management,married,tertiary,no,2764,no,no,cellular,24,dec,237,1,206,2,failure,0,7.9247959139564355
43,services,married,tertiary,no,4216,no,no,cellular,24,dec,150,2,195,2,success,1,8.34687925374656
49,housemaid,married,secondary,no,3570,no,no,cellular,24,dec,62,3,202,2,failure,0,8.18060094759445
32,management,single,tertiary,no,623,no,no,telephone,24,dec,273,1,203,1,failure,0,6.436150368369428
84,retired,married,secondary,no,81204,no,no,telephone,28,dec,679,1,313,2,other,1,11.304732100608703
26,blue-collar,single,secondary,no,3145,no,no,cellular,28,dec,1141,1,209,1,other,1,8.053887083618223
47,technician,married,secondary,no,3519,no,yes,cellular,28,dec,193,1,220,1,failure,0,8.166216268592143
43,management,married,tertiary,no,3518,no,no,cellular,28,dec,206,2,196,2,success,1,8.165932137321585
39,technician,single,tertiary,no,25,yes,no,cellular,28,dec,315,1,210,2,success,1,3.258096538021482
27,services,single,secondary,no,1347,no,no,telephone,28,dec,824,1,193,11,success,1,7.206377291472252
28,management,single,tertiary,no,1840,no,no,cellular,28,dec,1472,1,143,10,other,0,7.518064181233078
35,technician,single,tertiary,no,7546,yes,no,cellular,28,dec,137,1,122,3,failure,0,8.928905412284868
38,admin.,married,secondary,no,11303,no,no,cellular,28,dec,473,2,216,2,failure,1,9.332911924364364
89,retired,divorced,primary,no,1323,no,no,telephone,29,dec,207,4,189,1,other,0,7.188412736496954
32,management,single,tertiary,no,718,yes,no,cellular,29,dec,155,1,197,1,success,1,6.577861357721047
32,services,married,secondary,no,914,no,no,cellular,29,dec,434,1,197,1,success,0,6.818924065275521
23,services,single,secondary,no,870,no,no,cellular,29,dec,296,1,176,4,success,1,6.769641976852503
35,unemployed,married,secondary,no,978,no,no,cellular,29,dec,1370,3,209,3,success,1,6.88653164253051
27,admin.,married,secondary,no,1595,no,no,cellular,29,dec,196,2,197,2,success,1,7.3752557780097545
36,technician,married,tertiary,no,629,yes,yes,cellular,29,dec,109,1,246,1,failure,0,6.4457198193855785
61,management,married,secondary,no,544,no,no,cellular,29,dec,63,3,200,9,success,1,6.300785794663244
30,management,single,tertiary,no,2907,yes,no,cellular,30,dec,146,2,218,1,failure,0,7.97522083865341
40,admin.,married,secondary,no,3126,yes,no,cellular,30,dec,110,3,232,2,failure,0,8.047829357457841
50,entrepreneur,divorced,tertiary,no,315,no,no,cellular,8,jan,249,1,119,1,failure,0,5.755742213586912
27,services,single,secondary,no,302,no,no,cellular,8,jan,151,1,189,1,success,0,5.713732805509369
25,technician,single,secondary,no,139,no,yes,cellular,11,jan,202,1,91,1,success,1,4.941642422609304
57,retired,married,secondary,no,1044,no,no,telephone,11,jan,585,1,192,2,success,1,6.951772164398911
55,admin.,married,secondary,no,1633,no,no,cellular,11,jan,210,1,192,2,success,1,7.3987862754199485
33,management,married,tertiary,no,6513,yes,no,cellular,11,jan,170,1,343,1,other,1,8.781708985836179
29,services,single,secondary,no,102,no,no,cellular,11,jan,111,1,210,4,failure,0,4.634728988229636
73,retired,married,primary,no,1388,no,no,telephone,11,jan,767,2,83,1,success,1,7.236339342754344
70,retired,married,primary,no,3230,no,no,cellular,11,jan,300,2,48,1,failure,0,8.080546965824498
36,management,married,tertiary,no,93,no,no,cellular,11,jan,102,3,96,4,other,0,4.543294782270004
35,technician,single,secondary,no,4645,yes,no,cellular,11,jan,502,3,270,40,other,0,8.443761913330354
67,retired,married,primary,no,1430,no,no,cellular,11,jan,499,2,91,3,failure,1,7.266128779556451
65,management,married,tertiary,no,1097,no,no,cellular,12,jan,131,1,196,1,other,0,7.001245622069476
29,admin.,single,tertiary,no,14,no,no,cellular,12,jan,106,1,105,2,failure,0,2.70805020110221
67,retired,married,primary,no,585,no,no,cellular,12,jan,164,1,148,1,failure,0,6.373319789577012
53,admin.,divorced,tertiary,no,0,yes,yes,cellular,12,jan,171,1,64,6,other,0,0.0
31,technician,single,secondary,no,2544,no,no,cellular,12,jan,229,1,279,2,success,1,7.841885928984623
66,retired,single,tertiary,no,0,no,no,cellular,12,jan,105,1,92,2,failure,0,0.0
28,services,single,secondary,no,168,no,no,cellular,12,jan,387,1,194,1,other,1,5.1298987149230735
49,management,married,tertiary,no,1093,yes,yes,cellular,12,jan,243,2,91,2,success,1,6.9975959829819265
21,student,single,secondary,no,2488,no,no,telephone,12,jan,661,2,92,1,success,1,7.819636302367592
34,blue-collar,married,primary,no,6718,no,no,cellular,13,jan,278,4,97,1,other,0,8.81269461292015
28,self-employed,single,tertiary,no,1579,no,no,cellular,13,jan,163,1,91,3,failure,1,7.365180126021013
64,retired,married,tertiary,no,2139,no,no,cellular,13,jan,230,1,91,2,failure,0,7.668561108015897
62,retired,married,tertiary,no,4692,yes,no,cellular,13,jan,113,1,90,1,failure,0,8.453827315794417
31,unemployed,married,tertiary,no,330,no,no,cellular,13,jan,260,1,194,2,success,1,5.802118375377063
40,management,married,tertiary,no,5142,no,no,cellular,13,jan,147,2,224,1,failure,0,8.545391845774915
28,unemployed,married,secondary,no,687,no,no,cellular,13,jan,113,3,33,2,other,0,6.5337888379333435
35,services,single,secondary,no,3816,no,no,cellular,13,jan,331,2,195,1,other,0,8.247220052745229
29,self-employed,single,tertiary,no,270,yes,no,cellular,14,jan,110,7,252,4,failure,0,5.602118820879701
70,retired,divorced,primary,no,482,no,no,telephone,14,jan,372,1,196,2,success,1,6.180016653652572
62,blue-collar,married,secondary,no,180,no,no,cellular,14,jan,183,1,90,4,other,1,5.198497031265826
59,technician,married,primary,no,4198,no,no,cellular,14,jan,309,1,91,10,success,1,8.342601680684194
51,admin.,married,secondary,no,423,yes,yes,cellular,14,jan,236,1,90,1,failure,0,6.049733455231958
50,management,married,tertiary,no,78,yes,no,cellular,14,jan,218,3,161,9,other,0,4.3694478524670215
48,unemployed,married,secondary,no,817,no,no,cellular,14,jan,517,1,282,4,success,1,6.706862336602747
32,admin.,married,secondary,no,51,yes,yes,cellular,14,jan,203,1,87,2,other,1,3.9512437185814275
49,technician,married,primary,no,1569,no,no,cellular,14,jan,470,1,196,1,other,0,7.358830898342354
36,admin.,divorced,secondary,no,592,no,no,cellular,14,jan,96,7,93,7,success,0,6.385194398997726
33,services,single,secondary,no,133,no,no,cellular,14,jan,305,2,274,1,success,1,4.897839799950911
37,self-employed,married,tertiary,no,11387,no,no,cellular,14,jan,153,1,225,2,other,0,9.340315448397929
30,management,single,tertiary,no,536,no,no,cellular,14,jan,362,2,91,2,success,1,6.285998094508865
60,retired,divorced,tertiary,no,979,yes,no,cellular,15,jan,295,3,347,1,failure,1,6.887552571664617
37,management,married,tertiary,no,0,no,no,cellular,15,jan,426,2,196,1,other,1,0.0
65,retired,married,primary,no,2173,no,no,cellular,15,jan,543,4,276,1,failure,0,7.684324067681155
26,admin.,single,secondary,no,1099,no,no,cellular,15,jan,99,2,225,13,other,0,7.003065458786462
30,management,single,tertiary,no,720,no,no,cellular,15,jan,1265,4,210,4,other,1,6.580639137284949
35,blue-collar,single,tertiary,no,1830,no,no,cellular,15,jan,78,4,93,2,failure,0,7.5126175446745105
28,management,married,tertiary,no,893,no,no,cellular,18,jan,204,2,94,2,success,0,6.795705775173514
57,management,married,tertiary,no,1318,no,no,cellular,18,jan,91,2,94,3,success,0,7.1846291527173145
79,retired,married,primary,no,8556,no,no,telephone,18,jan,326,2,272,2,success,1,9.054504940418054
64,retired,married,secondary,no,588,no,no,cellular,18,jan,366,1,91,2,failure,1,6.3784261836515865
42,technician,married,secondary,no,994,yes,no,cellular,18,jan,453,1,67,9,success,1,6.902742737158593
47,blue-collar,married,secondary,no,820,no,no,cellular,18,jan,262,1,91,1,success,1,6.710523109452428
37,management,married,tertiary,no,539,no,no,cellular,18,jan,540,2,115,3,failure,0,6.29156913955832
21,student,single,primary,no,423,no,no,telephone,18,jan,287,5,285,5,success,1,6.049733455231958
63,housemaid,married,tertiary,no,1528,no,no,cellular,18,jan,309,2,95,3,success,0,7.332369205929062
66,retired,married,secondary,no,203,no,no,cellular,18,jan,353,1,195,1,success,1,5.318119993844216
19,student,single,primary,no,103,no,no,cellular,18,jan,177,2,95,4,failure,0,4.6443908991413725
46,admin.,single,secondary,no,1693,yes,no,cellular,25,jan,137,1,97,1,success,0,7.434847875211999
76,retired,married,tertiary,no,2991,no,no,cellular,25,jan,195,1,95,2,success,0,8.003697339094368
61,retired,married,secondary,no,86,no,no,cellular,25,jan,639,1,94,1,success,1,4.465908118654584
62,retired,married,secondary,no,243,no,no,cellular,25,jan,117,1,280,1,success,0,5.497168225293202
39,management,married,tertiary,no,1802,no,no,cellular,25,jan,129,2,97,2,failure,0,7.497207223203318
37,management,single,tertiary,no,2163,no,no,cellular,25,jan,114,1,234,1,failure,0,7.679713639966372
74,retired,married,tertiary,no,2575,no,no,cellular,25,jan,172,2,161,1,failure,0,7.853993087224244
32,management,single,tertiary,no,307,no,no,cellular,25,jan,96,1,201,3,success,0,5.730099782973574
50,management,married,tertiary,no,5969,no,no,cellular,25,jan,455,1,544,2,failure,1,8.694502206386648
61,management,married,tertiary,no,13546,no,no,cellular,25,jan,318,2,283,3,success,0,9.513920399580737
27,admin.,married,tertiary,no,2855,no,no,cellular,25,jan,240,1,301,3,failure,1,7.957177323459475
27,student,single,secondary,no,2015,no,no,cellular,25,jan,87,1,245,1,other,0,7.60887062919126
30,technician,single,secondary,no,323,no,no,cellular,25,jan,116,1,151,3,failure,0,5.780743515792329
36,management,married,tertiary,no,203,no,no,cellular,25,jan,255,1,88,1,success,1,5.318119993844216
38,unemployed,married,primary,no,7005,yes,no,cellular,25,jan,696,1,202,2,success,1,8.854522203757432
27,admin.,single,tertiary,no,689,no,no,cellular,26,jan,98,1,307,1,failure,0,6.536691597591305
40,admin.,married,tertiary,no,1108,no,no,cellular,26,jan,228,1,92,5,failure,0,7.011213987350367
77,retired,married,secondary,no,4112,no,no,telephone,26,jan,1616,1,95,2,success,1,8.321907968230423
74,retired,married,secondary,no,935,no,no,cellular,26,jan,100,1,104,1,other,0,6.841615476477592
68,retired,single,tertiary,no,2144,no,no,cellular,26,jan,708,1,96,3,success,1,7.6708948313621175
48,management,married,tertiary,no,1167,yes,yes,cellular,26,jan,122,4,50,4,other,0,7.0630481633881725
81,retired,married,primary,no,243,no,no,cellular,27,jan,340,1,92,1,success,1,5.497168225293202
36,technician,married,tertiary,no,6,yes,no,cellular,27,jan,100,1,435,1,failure,0,1.9459101490553132
38,blue-collar,single,secondary,no,0,no,no,cellular,27,jan,240,1,92,4,success,0,0.0
48,admin.,divorced,secondary,no,1180,no,no,cellular,27,jan,142,1,238,3,other,1,7.074116816197362
52,services,married,secondary,no,992,yes,no,cellular,27,jan,342,1,92,2,success,1,6.900730664045173
38,housemaid,divorced,secondary,no,70,no,no,cellular,27,jan,164,4,92,4,success,1,4.2626798770413155
70,retired,married,secondary,no,2626,no,no,telephone,27,jan,175,3,147,2,success,0,7.87359778968554
69,retired,divorced,secondary,no,4572,no,no,cellular,27,jan,185,2,92,3,success,0,8.427924723658055
39,admin.,married,secondary,no,0,no,no,cellular,27,jan,366,1,436,10,failure,1,0.0
61,retired,married,secondary,no,89,no,no,cellular,28,jan,477,2,92,3,failure,0,4.499809670330265
36,student,single,tertiary,no,129,no,no,cellular,28,jan,918,1,93,1,success,1,4.867534450455582
33,management,single,tertiary,no,373,no,yes,cellular,28,jan,169,3,93,1,failure,0,5.924255797414532
52,services,married,secondary,no,659,no,no,cellular,28,jan,390,4,93,1,success,1,6.492239835020471
66,retired,married,primary,no,747,no,no,telephone,28,jan,203,3,93,1,failure,0,6.617402977974478
38,technician,single,tertiary,no,6889,yes,no,cellular,28,jan,194,1,286,3,failure,0,8.837826364007704
32,admin.,single,tertiary,no,291,no,no,telephone,28,jan,223,6,275,5,other,0,5.676753802268282
48,management,married,tertiary,no,3494,no,no,cellular,28,jan,145,3,97,1,other,0,8.15908865466791
29,management,single,tertiary,no,187,yes,no,cellular,28,jan,154,2,555,2,failure,0,5.236441962829949
35,technician,married,secondary,no,481,yes,yes,telephone,28,jan,141,4,164,1,other,0,6.1779441140506
80,retired,married,primary,no,997,no,no,cellular,28,jan,151,1,91,3,success,1,6.905753276311464
31,housemaid,single,tertiary,no,2017,yes,no,cellular,28,jan,167,1,286,5,failure,0,7.609862200913554
33,technician,married,tertiary,no,1699,no,no,cellular,28,jan,202,1,83,3,success,1,7.438383530044307
56,technician,married,tertiary,no,1181,no,no,cellular,28,jan,186,1,433,1,failure,1,7.074963197966044
64,management,married,tertiary,no,3951,no,no,cellular,28,jan,134,1,91,1,success,1,8.281977058867758
54,admin.,married,secondary,no,0,no,no,cellular,28,jan,161,1,98,2,failure,1,0.0
52,technician,married,tertiary,no,2557,no,no,cellular,28,jan,134,5,204,2,success,1,7.846980982138788
63,technician,married,secondary,no,896,yes,no,cellular,28,jan,115,3,91,4,other,0,6.799055862058796
50,management,married,tertiary,no,2366,no,no,cellular,28,jan,816,2,149,1,other,1,7.769378609513984
66,retired,married,tertiary,no,1948,no,no,cellular,28,jan,216,1,91,4,success,1,7.575071699507561
31,self-employed,single,tertiary,no,283,no,no,cellular,28,jan,98,2,241,1,failure,0,5.648974238161206
82,housemaid,divorced,primary,no,1381,no,no,cellular,28,jan,86,3,93,1,failure,0,7.231287004327616
46,admin.,married,secondary,no,179,yes,no,cellular,29,jan,194,4,436,1,other,0,5.19295685089021
28,admin.,single,secondary,no,261,yes,yes,cellular,29,jan,254,3,142,6,success,1,5.568344503761097
56,retired,divorced,primary,no,694,no,no,cellular,29,jan,144,1,102,1,other,1,6.543911845564792
34,management,married,tertiary,no,5878,no,no,cellular,29,jan,159,7,98,3,success,0,8.679141958402255
36,technician,married,tertiary,no,202,no,no,cellular,29,jan,313,1,120,3,failure,1,5.313205979041787
26,admin.,single,secondary,no,338,no,no,cellular,29,jan,245,1,92,3,success,0,5.82600010738045
54,admin.,single,secondary,no,1958,no,no,telephone,29,jan,179,1,206,6,failure,0,7.580189417944541
32,management,divorced,tertiary,no,530,yes,no,cellular,29,jan,131,1,127,3,failure,0,6.274762021241939
60,blue-collar,married,primary,no,5,no,no,cellular,29,jan,533,1,92,1,success,1,1.791759469228055
26,management,single,tertiary,no,592,no,no,telephone,29,jan,145,2,164,1,other,0,6.385194398997726
20,student,single,primary,no,0,no,no,cellular,1,feb,143,5,91,8,failure,0,0.0
29,technician,married,secondary,no,1599,yes,no,cellular,1,feb,200,2,96,3,failure,0,7.3777589082278725
40,management,single,tertiary,no,257,no,no,cellular,1,feb,147,1,209,1,failure,0,5.552959584921617
72,retired,single,tertiary,no,1285,no,no,telephone,1,feb,280,2,91,7,failure,0,7.1592919047975645
36,admin.,single,tertiary,no,980,no,no,cellular,1,feb,343,2,95,2,failure,0,6.8885724595653635
65,retired,married,tertiary,no,1973,no,no,telephone,2,feb,121,1,287,3,success,0,7.587817219993427
60,management,married,tertiary,no,3401,no,no,cellular,2,feb,121,1,95,2,success,0,8.132118772955806
37,unemployed,single,tertiary,no,953,yes,no,cellular,2,feb,102,1,155,5,failure,0,6.860663671448287
33,management,married,tertiary,no,62,yes,no,cellular,2,feb,102,1,264,1,failure,0,4.143134726391533
66,retired,married,primary,no,3629,no,no,cellular,2,feb,474,1,172,2,other,1,8.196987927258897
33,unemployed,single,tertiary,no,685,yes,no,cellular,2,feb,105,1,96,2,failure,0,6.530877627725885
31,admin.,single,secondary,no,523,no,yes,cellular,2,feb,323,1,109,5,failure,0,6.261491684321042
65,retired,married,primary,no,493,no,no,cellular,2,feb,348,1,109,2,failure,0,6.202535517187923
56,services,married,secondary,no,1989,no,no,cellular,3,feb,336,2,281,2,failure,1,7.595889917718538
53,admin.,single,secondary,no,2398,yes,no,cellular,3,feb,108,1,92,1,success,0,7.782807262839695
30,technician,single,tertiary,no,4060,no,no,cellular,3,feb,179,1,93,1,other,1,8.309184527686298
33,technician,married,secondary,no,303,yes,no,cellular,3,feb,355,1,301,5,success,1,5.717027701406222
34,admin.,divorced,secondary,no,661,yes,no,cellular,3,feb,122,1,96,9,other,0,6.495265555937008
72,retired,married,primary,no,2600,no,no,cellular,3,feb,443,2,82,3,success,1,7.8636512654486515
44,technician,married,tertiary,no,1818,yes,yes,cellular,3,feb,508,1,92,4,failure,1,7.506042178518122
37,admin.,single,secondary,no,728,no,no,cellular,3,feb,129,1,174,2,other,1,6.591673732008658
31,unemployed,single,tertiary,no,302,no,no,cellular,3,feb,349,1,357,3,success,1,5.713732805509369
44,technician,single,tertiary,no,678,no,no,cellular,3,feb,111,1,124,2,other,0,6.520621127558696
52,blue-collar,married,secondary,no,955,no,yes,cellular,3,feb,153,1,48,3,success,1,6.862757913051401
34,technician,married,secondary,no,0,yes,no,cellular,3,feb,146,1,91,2,other,0,0.0
37,technician,single,secondary,no,265,yes,yes,cellular,3,feb,140,1,366,2,failure,1,5.583496308781699
45,admin.,married,secondary,no,205,no,no,cellular,3,feb,373,1,92,1,success,1,5.327876168789581
37,management,married,tertiary,no,238,no,no,cellular,3,feb,185,1,92,1,success,1,5.476463551931511
68,retired,married,tertiary,no,2812,no,no,cellular,3,feb,279,2,181,1,failure,1,7.9420068084898565
36,self-employed,married,tertiary,no,506,no,no,cellular,3,feb,124,1,92,3,success,0,6.2285110035911835
38,admin.,single,secondary,no,262,no,no,cellular,3,feb,315,2,180,6,failure,1,5.572154032177765
59,housemaid,married,secondary,no,0,no,no,telephone,3,feb,722,1,99,4,failure,0,0.0
74,retired,married,primary,no,5539,no,no,cellular,3,feb,253,2,181,1,success,0,8.61974977974133
55,management,divorced,tertiary,no,2037,no,no,cellular,4,feb,305,2,94,3,success,1,7.61972421378267
32,student,single,tertiary,no,0,no,no,cellular,4,feb,233,3,276,2,failure,1,0.0
62,retired,married,secondary,no,569,no,no,cellular,4,feb,94,5,184,1,success,1,6.345636360828596
35,admin.,divorced,secondary,no,1085,no,no,cellular,4,feb,195,6,97,12,other,1,6.990256500493881
54,admin.,divorced,secondary,no,0,yes,yes,cellular,4,feb,330,1,182,3,success,0,0.0
37,admin.,single,secondary,no,115,no,no,cellular,4,feb,187,1,83,9,failure,0,4.7535901911063645
55,admin.,married,secondary,no,602,no,no,cellular,4,feb,390,2,150,6,success,1,6.401917196727186
41,technician,single,tertiary,no,1646,yes,no,cellular,4,feb,261,1,184,6,success,1,7.4067107301776405
33,admin.,married,tertiary,no,0,yes,yes,cellular,4,feb,111,5,98,2,other,0,0.0
30,services,married,tertiary,no,1019,no,no,cellular,4,feb,155,1,234,1,other,0,6.927557906278317
35,technician,single,tertiary,no,144,yes,yes,cellular,4,feb,202,4,113,20,failure,0,4.976733742420574
28,management,single,tertiary,no,5474,no,no,cellular,4,feb,181,4,191,5,success,0,8.607947554684701
35,unemployed,single,tertiary,no,415,no,no,cellular,4,feb,649,1,176,1,failure,1,6.030685260261263
21,student,single,secondary,no,210,no,no,telephone,4,feb,123,2,174,1,failure,0,5.351858133476067
80,retired,married,secondary,no,2354,no,no,telephone,4,feb,739,1,181,2,failure,1,7.764296006450518
61,management,married,tertiary,no,175,no,no,telephone,4,feb,79,2,183,2,success,0,5.170483995038151
38,technician,married,secondary,no,318,no,no,cellular,4,feb,383,1,181,5,failure,1,5.765191102784844
63,housemaid,married,secondary,no,2,no,no,cellular,4,feb,45,2,93,1,success,0,1.0986122886681098
48,blue-collar,married,secondary,no,1730,yes,no,cellular,4,feb,489,1,178,2,failure,1,7.456454555176209
76,retired,married,tertiary,no,0,no,no,telephone,4,feb,92,3,169,1,failure,0,0.0
28,services,single,secondary,no,1059,no,no,cellular,4,feb,146,5,276,1,other,0,6.966024187106113
29,services,single,tertiary,no,1788,no,no,cellular,4,feb,303,1,100,1,success,0,7.489412083508719
29,management,single,tertiary,no,308,no,no,cellular,4,feb,162,2,184,1,failure,0,5.733341276897746
30,blue-collar,single,secondary,no,228,no,no,cellular,5,feb,232,1,365,1,failure,0,5.43372200355424
33,technician,single,tertiary,no,696,no,yes,cellular,5,feb,193,1,176,8,failure,0,6.546785410760524
32,blue-collar,single,secondary,no,228,no,no,telephone,5,feb,176,1,288,3,failure,0,5.43372200355424
34,management,single,tertiary,no,382,no,no,cellular,5,feb,148,1,94,1,failure,0,5.948034989180646
76,retired,married,secondary,no,2302,no,no,telephone,5,feb,110,1,87,2,failure,0,7.741967899820685
34,management,married,tertiary,no,1778,no,no,cellular,5,feb,99,1,93,3,success,0,7.483806687665835
36,admin.,single,tertiary,no,994,no,no,cellular,5,feb,195,1,176,5,failure,1,6.902742737158593
32,admin.,single,tertiary,no,3188,no,no,cellular,5,feb,65,2,242,1,other,0,8.067462667010057
42,admin.,married,tertiary,no,1536,no,no,cellular,5,feb,132,1,182,3,success,0,7.337587743538596
37,admin.,married,secondary,no,96,no,no,cellular,5,feb,102,1,182,3,success,0,4.574710978503383
71,retired,married,tertiary,no,4388,no,no,cellular,5,feb,346,1,183,3,other,0,8.386856689688234
29,housemaid,single,tertiary,no,19,no,no,cellular,5,feb,110,2,64,2,success,1,2.995732273553991
34,blue-collar,married,secondary,no,1221,yes,no,cellular,5,feb,210,2,274,6,failure,0,7.108244139731541
25,management,single,tertiary,no,145,no,no,cellular,5,feb,145,1,182,1,failure,0,4.983606621708336
32,technician,married,tertiary,no,2976,yes,no,cellular,5,feb,783,1,175,5,failure,1,7.998671361015776
42,admin.,divorced,secondary,no,490,yes,no,cellular,8,feb,203,2,188,1,failure,0,6.19644412779452
46,blue-collar,married,secondary,no,1144,yes,no,cellular,8,feb,376,2,129,3,other,1,7.0431599159883405
23,admin.,single,tertiary,no,897,yes,no,cellular,8,feb,190,2,280,8,failure,1,6.8001700683022
84,retired,divorced,primary,no,2619,no,no,telephone,8,feb,145,2,115,2,failure,0,7.8709295967551425
67,retired,divorced,secondary,no,704,no,no,cellular,8,feb,186,2,97,1,success,1,6.558197802812269
34,technician,married,secondary,no,3000,yes,yes,cellular,8,feb,215,3,221,1,failure,0,8.006700845440367
30,management,married,tertiary,no,1996,no,no,cellular,8,feb,1133,3,101,1,other,1,7.599401333415815
22,student,single,secondary,no,216,no,no,cellular,8,feb,363,1,187,1,success,1,5.37989735354046
24,technician,married,secondary,no,556,yes,no,cellular,8,feb,278,1,94,4,success,1,6.322565239927284
53,retired,married,secondary,no,4968,no,no,cellular,8,feb,94,1,333,1,other,0,8.51097389160232
45,admin.,married,secondary,no,1206,no,no,telephone,8,feb,309,1,446,3,failure,1,7.095893221097532
39,management,married,tertiary,no,1301,no,no,cellular,8,feb,185,2,179,1,failure,0,7.171656822768514
79,retired,divorced,secondary,no,631,no,no,telephone,8,feb,105,2,181,1,failure,0,6.448889394146858
35,management,married,tertiary,no,62,no,no,cellular,8,feb,469,2,185,2,failure,1,4.143134726391533
36,management,married,tertiary,no,1257,no,no,cellular,8,feb,108,9,101,1,other,0,7.1372784372603855
53,admin.,married,secondary,no,1228,yes,yes,cellular,8,feb,116,2,188,1,success,0,7.113956109566034
33,student,married,secondary,no,1536,no,no,cellular,9,feb,359,1,92,3,success,1,7.337587743538596
60,technician,married,secondary,no,824,yes,no,cellular,9,feb,127,1,558,7,other,1,6.715383386334681
24,student,single,tertiary,no,235,no,no,cellular,9,feb,98,1,92,1,success,1,5.4638318050256105
65,entrepreneur,married,tertiary,no,2331,no,no,telephone,9,feb,290,1,92,1,success,1,7.754481547470383
25,student,single,secondary,no,125,no,no,cellular,9,feb,215,1,92,2,success,1,4.836281906951478
58,technician,married,secondary,no,7554,no,no,telephone,9,feb,167,1,469,1,success,0,8.92996487470684
36,technician,single,secondary,no,27,yes,no,cellular,9,feb,631,1,260,2,success,1,3.332204510175204
27,management,single,tertiary,no,390,no,no,cellular,9,feb,120,2,104,2,failure,1,5.968707559985366
32,technician,single,tertiary,no,1527,yes,no,cellular,9,feb,172,1,92,3,failure,0,7.331714969726466
35,admin.,single,secondary,no,-32,no,yes,cellular,9,feb,63,4,182,5,failure,1,0.0
39,blue-collar,single,tertiary,no,172,yes,no,cellular,9,feb,125,2,183,2,failure,1,5.153291594497779
53,admin.,married,secondary,no,10541,no,no,cellular,9,feb,164,2,92,1,success,1,9.263122557415151
23,student,single,secondary,no,480,no,no,cellular,9,feb,742,2,182,1,failure,1,6.175867270105761
34,admin.,married,secondary,no,2374,yes,no,cellular,9,feb,243,2,92,3,success,1,7.772752716468742
33,management,single,tertiary,no,935,no,no,cellular,9,feb,385,2,92,8,success,1,6.841615476477592
47,admin.,married,secondary,no,0,no,yes,cellular,10,feb,86,2,93,2,other,0,0.0
52,unemployed,married,secondary,no,94,no,no,cellular,10,feb,153,1,92,13,success,1,4.553876891600541
33,management,married,tertiary,no,22867,yes,no,cellular,10,feb,165,1,92,5,success,0,10.037493832383863
42,services,single,tertiary,no,94,yes,no,cellular,10,feb,151,1,183,6,success,0,4.553876891600541
55,technician,divorced,secondary,no,3450,no,no,cellular,10,feb,169,1,183,1,failure,1,8.146419323098003
60,retired,married,secondary,no,1853,no,no,cellular,10,feb,234,1,183,1,success,1,7.5251007461258
38,admin.,single,tertiary,no,3954,yes,no,cellular,10,feb,201,1,182,3,failure,0,8.282735880201754
61,retired,married,tertiary,no,2557,yes,no,cellular,10,feb,158,2,92,5,success,1,7.846980982138788
58,technician,married,secondary,no,589,yes,no,cellular,10,feb,511,3,183,6,success,1,6.380122536899765
48,unemployed,divorced,secondary,no,201,no,no,cellular,10,feb,406,2,92,2,success,1,5.308267697401205
35,technician,married,tertiary,no,7050,no,no,cellular,10,feb,278,3,187,1,success,1,8.860924729719041
34,management,divorced,tertiary,no,2885,no,no,cellular,10,feb,314,2,156,4,other,1,7.9676267393338165
58,management,married,secondary,no,2155,no,yes,cellular,10,feb,135,2,92,5,success,1,7.6760099320288875
39,technician,divorced,secondary,no,902,yes,no,cellular,10,feb,691,2,180,5,failure,1,6.805722553416985
70,retired,married,primary,no,579,no,no,cellular,11,feb,82,2,181,1,failure,0,6.363028103540465
44,management,married,tertiary,no,1791,no,no,cellular,11,feb,71,1,190,1,success,1,7.491087593534876
27,student,single,tertiary,no,5291,no,no,cellular,11,feb,293,1,91,4,success,1,8.573951525234847
33,unemployed,married,secondary,no,1211,no,no,cellular,11,feb,535,1,188,1,success,1,7.10002716662926
77,retired,married,secondary,no,638,no,no,cellular,11,feb,288,1,188,1,success,1,6.459904454377535
57,housemaid,married,primary,no,501,yes,yes,cellular,11,feb,105,7,188,2,failure,0,6.218600119691729
31,management,single,tertiary,no,533,no,no,cellular,11,feb,144,1,91,9,success,1,6.280395838960195
76,retired,married,primary,no,3324,no,no,cellular,11,feb,309,1,90,4,success,1,8.109224953089955
75,blue-collar,married,secondary,no,6053,no,no,cellular,11,feb,865,2,190,1,failure,0,8.708474489581665
28,blue-collar,married,secondary,no,61,yes,no,cellular,11,feb,253,1,174,4,success,1,4.127134385045092
35,management,married,tertiary,no,0,yes,no,cellular,11,feb,391,2,92,5,success,1,0.0
59,technician,married,secondary,no,116,no,no,cellular,11,feb,268,1,183,7,success,1,4.762173934797756
42,blue-collar,married,secondary,no,413,yes,no,cellular,11,feb,456,2,184,2,success,1,6.025865973825314
35,self-employed,single,tertiary,no,353,no,no,cellular,11,feb,352,1,183,1,success,1,5.869296913133774
44,technician,single,secondary,no,451,no,no,cellular,11,feb,203,1,183,2,success,0,6.113682179832232
60,retired,married,secondary,no,523,no,no,cellular,11,feb,467,1,182,3,success,1,6.261491684321042
34,blue-collar,married,secondary,no,1454,yes,no,cellular,11,feb,231,2,297,2,failure,1,7.282761179605593
57,retired,married,primary,no,9367,no,no,cellular,11,feb,981,1,90,6,success,1,9.145054905277552
75,retired,married,secondary,no,291,no,no,cellular,11,feb,515,1,183,1,failure,1,5.676753802268282
64,retired,married,tertiary,no,846,no,no,cellular,11,feb,671,1,181,3,failure,1,6.741700694652055
36,technician,married,tertiary,no,341,no,no,cellular,12,feb,419,2,183,1,success,1,5.834810737062605
27,admin.,single,secondary,no,255,no,no,cellular,12,feb,123,1,182,4,success,0,5.545177444479562
29,technician,single,secondary,no,113,no,no,cellular,12,feb,328,2,183,4,success,1,4.736198448394496
34,management,single,tertiary,no,13014,no,no,cellular,12,feb,637,1,183,1,success,1,9.473857817428666
34,management,single,tertiary,no,417,yes,no,cellular,12,feb,155,10,149,5,failure,0,6.035481432524756
41,management,married,tertiary,no,27696,no,no,cellular,12,feb,138,2,184,3,success,1,10.229079383061112
47,blue-collar,married,secondary,no,3715,no,no,cellular,12,feb,171,2,182,4,other,1,8.22040309993373
36,blue-collar,divorced,secondary,no,2843,no,no,cellular,12,feb,473,1,182,1,success,0,7.952966790923131
32,technician,married,secondary,no,3271,no,no,cellular,12,feb,375,1,374,1,other,1,8.093156697722637
51,management,married,tertiary,no,346,no,no,cellular,12,feb,122,1,92,5,success,1,5.849324779946859
34,management,married,tertiary,no,8000,no,no,cellular,12,feb,291,1,260,2,failure,1,8.987321812850125
21,student,single,secondary,no,123,no,no,telephone,12,feb,379,5,93,2,success,1,4.820281565605037
54,technician,married,secondary,no,10185,no,no,cellular,12,feb,251,1,186,3,success,1,9.22876950744455
35,technician,single,tertiary,no,992,yes,no,telephone,12,feb,1416,1,170,4,failure,0,6.900730664045173
29,management,single,tertiary,no,1026,no,no,cellular,12,feb,138,2,92,2,success,1,6.934397209928558
38,services,married,secondary,no,775,no,no,cellular,12,feb,1835,3,182,2,success,1,6.654152520183219
48,unemployed,married,secondary,no,926,no,no,cellular,15,feb,382,4,185,6,success,1,6.831953565565855
46,management,married,tertiary,no,349,no,no,cellular,15,feb,295,2,616,1,failure,1,5.857933154483459
32,technician,married,secondary,no,484,yes,no,cellular,15,feb,83,6,187,3,success,1,6.184148890937483
37,management,married,tertiary,no,2987,yes,no,cellular,15,feb,93,1,91,9,failure,1,8.002359546252707
37,technician,single,tertiary,no,197,no,no,cellular,15,feb,531,1,91,2,success,1,5.288267030694535
23,student,single,secondary,no,431,no,no,cellular,15,feb,201,3,186,2,success,1,6.068425588244111
58,admin.,married,secondary,no,169,no,no,cellular,15,feb,216,1,91,4,success,1,5.135798437050262
45,management,married,tertiary,no,226,yes,no,cellular,15,feb,91,4,185,6,success,1,5.424950017481403
47,unemployed,single,tertiary,no,44,no,no,cellular,15,feb,374,1,185,1,success,0,3.8066624897703196
30,unemployed,single,secondary,no,2424,no,no,cellular,15,feb,337,1,95,2,success,1,7.793586803371584
30,admin.,single,tertiary,no,41,yes,no,cellular,15,feb,68,4,186,2,success,0,3.7376696182833684
23,student,single,secondary,no,1234,no,no,cellular,15,feb,379,1,91,1,success,1,7.118826249062078
34,management,married,tertiary,no,271,yes,no,cellular,15,feb,308,1,94,4,success,1,5.605802066295998
77,retired,married,primary,no,2590,no,no,telephone,15,feb,112,5,94,15,success,0,7.85979918056211
61,self-employed,divorced,tertiary,no,52587,no,no,cellular,15,feb,394,3,189,1,success,1,10.870243235816496
27,blue-collar,single,secondary,no,535,no,no,cellular,15,feb,171,1,91,2,success,1,6.284134161070802
50,admin.,married,secondary,no,5361,no,no,cellular,18,feb,276,3,195,1,failure,0,8.587092318795905
58,management,married,tertiary,no,473,no,no,cellular,18,feb,1109,1,262,1,success,1,6.161207321695077
52,technician,married,secondary,no,195,yes,no,cellular,18,feb,220,1,63,5,failure,1,5.278114659230517
26,technician,single,tertiary,no,3411,no,no,cellular,18,feb,236,1,183,2,success,0,8.13505390861157
59,management,married,tertiary,no,2764,no,no,cellular,18,feb,459,1,56,3,failure,0,7.9247959139564355
64,retired,married,secondary,no,1612,no,no,cellular,18,feb,362,1,183,4,failure,0,7.385851078125209
38,admin.,divorced,secondary,no,407,yes,yes,cellular,18,feb,146,1,183,1,failure,0,6.0112671744041615
48,admin.,married,secondary,no,660,no,no,cellular,18,feb,318,1,561,2,success,1,6.493753839851686
35,management,single,tertiary,no,681,no,no,cellular,18,feb,737,1,561,2,success,1,6.525029657843462
66,retired,married,secondary,no,2326,no,yes,cellular,18,feb,232,1,181,1,success,1,7.752335163302292
33,management,married,tertiary,no,2213,no,no,cellular,18,feb,240,1,385,9,failure,0,7.7025561132685825
52,services,married,secondary,no,961,no,yes,cellular,18,feb,222,1,553,4,failure,1,6.8690144506657065
38,management,single,tertiary,no,455,yes,no,cellular,19,feb,255,2,555,6,success,1,6.1224928095143865
59,self-employed,married,tertiary,no,2013,no,no,cellular,19,feb,222,4,94,2,success,1,7.607878073278507
47,blue-collar,married,secondary,no,1568,yes,no,cellular,19,feb,388,1,262,7,success,1,7.358193752733032
48,management,married,tertiary,no,0,no,yes,cellular,19,feb,204,4,182,1,success,1,0.0
56,retired,married,primary,no,16432,no,no,cellular,19,feb,702,2,189,2,failure,0,9.707046787181289
60,retired,divorced,secondary,no,1,no,no,cellular,19,feb,302,1,184,1,success,1,0.6931471805599453
27,student,single,tertiary,no,5741,no,no,cellular,22,feb,368,1,185,2,failure,0,8.655562860681009
59,unemployed,divorced,secondary,no,7469,no,no,cellular,22,feb,287,1,130,1,failure,0,8.918650278126863
39,management,single,tertiary,no,763,no,no,cellular,22,feb,543,1,189,1,failure,1,6.638567789166521
64,retired,married,secondary,no,243,no,no,cellular,22,feb,144,1,175,1,failure,0,5.497168225293202
55,retired,divorced,secondary,no,2204,no,no,cellular,22,feb,261,1,264,1,failure,1,7.6984827878809465
57,blue-collar,married,secondary,no,1686,no,no,telephone,22,feb,219,4,311,2,failure,0,7.430707082545968
37,blue-collar,married,secondary,no,4321,no,no,cellular,22,feb,276,3,167,3,failure,0,8.371473537066832
60,management,married,secondary,no,0,no,no,telephone,22,feb,230,2,126,6,failure,0,0.0
23,student,single,secondary,no,381,no,no,cellular,23,feb,696,1,189,2,other,1,5.945420608606575
80,housemaid,married,primary,no,0,no,no,cellular,23,feb,639,1,189,1,failure,1,0.0
29,student,single,secondary,no,67,no,no,cellular,23,feb,211,1,187,5,success,1,4.219507705176107
47,admin.,married,secondary,no,368,no,no,cellular,23,feb,269,1,187,5,success,1,5.910796644040527
45,management,single,tertiary,no,483,no,no,cellular,23,feb,95,2,265,11,other,1,6.182084906716632
35,housemaid,married,tertiary,no,11219,no,no,cellular,23,feb,135,1,195,3,failure,0,9.325453179076687
37,unemployed,married,tertiary,no,7620,no,no,telephone,23,feb,367,1,176,6,failure,1,8.938662873666118
29,self-employed,single,tertiary,no,805,no,no,cellular,23,feb,132,1,103,7,failure,1,6.692083742506628
40,management,single,tertiary,no,0,yes,no,cellular,23,feb,228,2,182,6,failure,1,0.0
33,management,single,tertiary,no,101,yes,no,cellular,23,feb,393,2,130,1,other,0,4.624972813284271
35,management,single,tertiary,no,747,no,no,cellular,23,feb,141,2,176,3,failure,0,6.617402977974478
43,self-employed,married,tertiary,no,10072,no,no,cellular,24,feb,145,1,100,4,failure,0,9.21761385594268
54,technician,married,secondary,no,65,no,no,cellular,24,feb,87,1,91,3,failure,0,4.189654742026425
20,student,single,secondary,no,215,no,no,cellular,24,feb,175,1,92,6,success,1,5.375278407684165
48,housemaid,married,tertiary,no,5473,no,no,cellular,24,feb,127,2,184,2,success,1,8.607764889600624
38,blue-collar,single,secondary,no,711,yes,no,cellular,24,feb,254,5,140,1,other,0,6.568077911411976
60,admin.,married,secondary,no,106,no,no,cellular,24,feb,137,1,187,4,success,1,4.672828834461906
70,retired,married,primary,no,2346,no,no,cellular,24,feb,694,1,184,5,failure,1,7.760893195851024
52,technician,married,secondary,no,196,yes,yes,cellular,24,feb,116,1,273,3,failure,0,5.2832037287379885
25,student,single,secondary,no,469,no,no,cellular,24,feb,524,1,187,2,success,0,6.152732694704104
77,retired,married,primary,no,680,no,no,telephone,24,feb,513,2,89,7,failure,0,6.523562306149512
37,management,married,tertiary,no,255,no,no,cellular,24,feb,562,2,183,10,success,1,5.545177444479562
33,services,single,secondary,no,1852,no,no,telephone,25,feb,371,1,204,3,other,0,7.52456122628536
71,entrepreneur,married,tertiary,no,15265,no,no,cellular,25,feb,865,1,192,2,failure,0,9.633383412358416
33,technician,married,tertiary,no,8023,no,no,cellular,25,feb,196,1,87,4,failure,0,8.990192329641772
63,technician,married,secondary,no,973,no,no,cellular,25,feb,318,1,388,1,success,1,6.881411303642535
59,technician,married,secondary,no,7766,yes,no,cellular,25,feb,1422,1,461,1,failure,1,8.957639268419648
22,student,single,secondary,no,948,no,no,telephone,25,feb,169,1,191,3,success,1,6.855408798609928
30,student,single,secondary,no,48,no,no,cellular,25,feb,217,1,191,2,success,1,3.8918202981106265
70,management,married,secondary,no,4,no,no,cellular,25,feb,511,5,125,4,failure,0,1.6094379124341003
36,management,single,tertiary,no,688,no,no,cellular,25,feb,293,3,268,2,failure,0,6.535241271013659
24,student,single,secondary,no,486,no,no,cellular,26,feb,281,2,270,2,other,0,6.18826412308259
52,technician,married,secondary,no,117,no,no,cellular,26,feb,959,3,186,6,success,1,4.770684624465665
71,retired,divorced,secondary,no,0,no,no,cellular,26,feb,771,1,171,1,success,1,0.0
33,management,married,tertiary,no,71,no,no,cellular,26,feb,335,3,102,2,failure,1,4.276666119016055
56,technician,married,secondary,no,1938,no,yes,cellular,26,feb,229,1,192,4,success,1,7.569927655242652
37,management,married,tertiary,no,3654,no,no,cellular,26,feb,262,1,274,2,other,0,8.203851372183879
30,management,single,tertiary,no,5359,no,no,cellular,26,feb,427,1,191,3,success,1,8.586719254064848
28,student,single,secondary,no,1925,no,no,cellular,26,feb,139,1,93,3,success,0,7.563200592358071
48,technician,married,secondary,no,3519,no,yes,cellular,26,feb,229,1,60,2,failure,0,8.166216268592143
60,housemaid,married,primary,no,211,no,no,cellular,26,feb,480,2,189,1,failure,0,5.356586274672012
59,management,married,tertiary,no,315,no,no,cellular,2,mar,591,1,176,2,failure,1,5.755742213586912
37,management,married,tertiary,no,1113,no,no,cellular,2,mar,229,1,182,1,success,1,7.01571242048723
28,blue-collar,single,secondary,no,-46,yes,no,cellular,2,mar,525,1,89,11,failure,1,0.0
31,admin.,single,tertiary,no,4129,no,no,cellular,2,mar,105,1,182,1,failure,0,8.326032685955079
36,technician,single,secondary,no,1407,no,no,cellular,2,mar,328,1,109,3,other,0,7.249925536717988
28,technician,single,secondary,no,598,yes,no,cellular,2,mar,177,1,288,2,failure,1,6.395261598115449
26,services,single,secondary,no,162,yes,no,cellular,2,mar,185,2,130,8,other,0,5.093750200806762
56,retired,married,primary,no,1947,no,no,cellular,2,mar,225,2,123,5,failure,1,7.5745584842024805
37,management,single,tertiary,no,1027,yes,no,cellular,2,mar,313,1,152,2,success,1,6.93537044601511
47,technician,married,primary,no,235,no,no,cellular,2,mar,136,2,203,1,other,1,5.4638318050256105
60,retired,divorced,tertiary,no,2,no,no,cellular,2,mar,228,4,390,2,other,1,1.0986122886681098
27,student,single,tertiary,no,311,no,no,telephone,2,mar,187,3,322,1,other,1,5.7430031878094825
40,unemployed,single,tertiary,no,7968,no,no,cellular,2,mar,263,2,180,2,success,1,8.983314293397749
25,student,single,secondary,no,154,no,no,cellular,3,mar,141,1,180,2,failure,1,5.043425116919247
29,technician,single,tertiary,no,2489,yes,no,cellular,3,mar,355,1,86,5,failure,1,7.820037989458753
68,retired,married,secondary,no,1146,no,no,cellular,3,mar,153,2,110,3,success,1,7.044905117129371
38,admin.,married,secondary,no,1559,no,no,cellular,3,mar,136,2,280,1,failure,1,7.352441100243583
34,admin.,married,secondary,no,5320,no,no,cellular,3,mar,114,6,467,5,other,0,8.579416534596369
23,student,single,secondary,no,287,no,no,telephone,3,mar,700,3,180,1,other,0,5.662960480135946
47,management,married,tertiary,no,0,yes,no,cellular,4,mar,194,2,181,3,failure,0,0.0
32,management,single,tertiary,no,354,no,no,cellular,4,mar,177,2,133,5,other,1,5.872117789475416
32,management,married,tertiary,no,2667,yes,no,cellular,4,mar,251,1,181,4,failure,1,7.889084407035514
42,management,married,tertiary,no,144,no,no,cellular,4,mar,148,1,87,4,failure,1,4.976733742420574
39,technician,married,tertiary,no,508,no,no,cellular,4,mar,431,1,122,3,failure,0,6.2324480165505225
26,admin.,single,tertiary,no,760,yes,no,cellular,4,mar,456,2,281,5,success,1,6.634633357861686
73,retired,single,secondary,no,1050,no,no,cellular,4,mar,562,3,181,2,failure,1,6.957497370876951
70,retired,divorced,secondary,no,6850,no,no,telephone,5,mar,252,3,183,1,failure,0,8.832149906002899
68,retired,married,tertiary,no,2820,no,no,cellular,5,mar,158,1,92,3,success,0,7.944846711001996
26,student,single,secondary,no,5296,no,no,cellular,5,mar,229,1,205,1,failure,1,8.574895901544526
33,management,married,tertiary,no,1390,no,no,cellular,5,mar,77,1,179,5,failure,0,7.237778191923443
64,retired,married,tertiary,no,1644,no,no,telephone,5,mar,341,4,179,4,success,1,7.405495663199472
26,student,single,tertiary,no,294,no,no,cellular,5,mar,87,1,91,2,success,1,5.68697535633982
27,admin.,single,secondary,no,3529,no,yes,cellular,5,mar,162,1,179,2,failure,0,8.169053149927343
30,blue-collar,married,primary,no,201,yes,no,cellular,5,mar,116,7,186,13,success,0,5.308267697401205
40,unemployed,single,secondary,no,334,no,no,cellular,5,mar,219,1,91,6,other,1,5.814130531825066
64,retired,married,secondary,no,1220,no,no,cellular,5,mar,84,1,88,1,failure,0,7.107425474110705
36,services,married,secondary,no,52,yes,no,cellular,5,mar,498,2,179,7,success,1,3.970291913552122
33,management,divorced,tertiary,no,2240,no,no,cellular,8,mar,264,2,278,1,success,1,7.714677473800927
49,self-employed,divorced,tertiary,no,3293,no,no,cellular,8,mar,111,3,585,6,other,0,8.099857910737585
51,management,married,tertiary,no,2635,no,no,cellular,8,mar,209,2,188,3,success,0,7.877017895622398
31,technician,married,tertiary,no,1570,yes,no,cellular,8,mar,277,4,286,1,failure,1,7.359467638255621
59,unemployed,married,secondary,no,957,no,no,cellular,8,mar,301,1,89,2,success,1,6.86484777797086
35,management,married,tertiary,no,2161,no,no,cellular,9,mar,139,2,181,3,success,1,7.6787889981991535
31,management,single,tertiary,no,147,no,no,cellular,9,mar,469,1,181,2,success,1,4.997212273764115
76,retired,divorced,primary,no,802,no,no,cellular,9,mar,241,1,181,5,success,1,6.688354713946762
35,technician,married,secondary,no,294,yes,no,cellular,9,mar,301,1,90,4,success,1,5.68697535633982
34,management,married,tertiary,no,158,no,no,cellular,9,mar,212,3,181,6,success,1,5.0689042022202315
33,management,married,tertiary,no,0,yes,no,cellular,9,mar,305,1,326,1,success,1,0.0
36,services,married,secondary,no,4721,no,no,cellular,9,mar,288,2,90,3,success,1,8.459987717645458
51,blue-collar,married,primary,no,3764,no,no,telephone,9,mar,450,3,181,6,success,1,8.233503140233994
52,unemployed,married,secondary,no,1416,no,no,cellular,10,mar,436,2,182,1,success,1,7.256297239690681
51,admin.,divorced,tertiary,no,66,yes,no,cellular,10,mar,138,1,478,2,failure,0,4.204692619390966
29,admin.,single,secondary,no,1448,no,no,cellular,10,mar,217,1,184,7,other,0,7.278628942320682
46,management,divorced,tertiary,no,461,no,no,cellular,10,mar,127,1,70,2,success,0,6.135564891081739
39,management,married,tertiary,no,494,no,no,cellular,10,mar,106,2,478,3,failure,1,6.20455776256869
58,management,married,tertiary,no,1016,no,no,telephone,11,mar,78,2,91,1,failure,0,6.92461239604856
37,management,married,tertiary,no,0,no,no,cellular,11,mar,129,4,107,2,failure,0,0.0
26,admin.,single,tertiary,no,3730,yes,no,cellular,11,mar,93,1,98,4,other,0,8.224431573221159
79,retired,married,primary,no,3025,no,no,telephone,11,mar,184,1,90,6,success,0,8.014996894348302
29,management,single,tertiary,no,1351,no,no,cellular,11,mar,228,1,91,1,failure,0,7.20934025660291
75,retired,married,primary,no,1765,no,no,telephone,11,mar,282,2,181,2,success,0,7.476472381163905
64,retired,married,primary,no,43,no,no,cellular,11,mar,117,1,91,1,success,0,3.784189633918261
33,self-employed,married,tertiary,no,1676,yes,no,cellular,12,mar,102,2,184,2,failure,0,7.424761761823209
27,management,single,tertiary,no,948,yes,no,cellular,12,mar,121,2,207,1,failure,0,6.855408798609928
80,retired,married,primary,no,155,no,no,telephone,12,mar,290,1,93,2,success,1,5.049856007249537
46,blue-collar,married,secondary,no,640,yes,no,cellular,12,mar,215,1,182,4,success,1,6.46302945692067
72,retired,married,secondary,no,951,no,yes,cellular,12,mar,229,3,339,1,failure,1,6.858565034791365
36,management,married,tertiary,no,495,no,no,cellular,12,mar,213,3,182,6,success,1,6.206575926724928
40,management,single,tertiary,no,1509,no,no,cellular,15,mar,144,2,124,1,failure,0,7.31986492980897
41,management,married,tertiary,no,298,no,no,cellular,15,mar,209,2,315,4,failure,0,5.700443573390687
27,student,single,secondary,no,3754,no,no,cellular,15,mar,106,3,98,1,other,0,8.230843564198235
77,retired,married,primary,no,29340,no,no,cellular,15,mar,257,1,91,2,other,1,10.286741134279072
74,retired,married,tertiary,no,1843,no,no,cellular,15,mar,192,1,185,2,success,1,7.519692404116539
30,management,married,tertiary,no,1077,no,no,cellular,15,mar,151,1,96,1,failure,0,6.982862751468942
35,blue-collar,married,secondary,no,262,no,no,cellular,15,mar,427,1,181,3,success,1,5.572154032177765
42,admin.,married,secondary,no,16517,no,no,cellular,15,mar,549,5,203,4,failure,0,9.712205974370661
82,retired,divorced,primary,no,0,no,no,telephone,15,mar,506,2,195,1,other,1,0.0
41,admin.,divorced,secondary,no,6046,yes,yes,telephone,15,mar,300,6,182,2,success,1,8.707317560273212
51,blue-collar,married,primary,no,3844,no,no,cellular,15,mar,195,2,215,1,other,0,8.254528881939745
42,management,married,tertiary,no,1205,no,no,telephone,15,mar,129,1,188,2,success,0,7.095064377287131
34,blue-collar,divorced,tertiary,no,12409,no,no,cellular,16,mar,189,1,480,4,other,0,9.426257878198653
38,housemaid,single,secondary,no,465,yes,no,cellular,16,mar,180,1,302,3,success,1,6.144185634125646
60,retired,married,secondary,no,8332,no,no,cellular,16,mar,279,1,194,7,other,1,9.027978814382207
47,housemaid,single,tertiary,no,3232,no,no,telephone,16,mar,294,1,274,2,failure,0,8.081165777725433
60,retired,divorced,secondary,no,514,no,no,cellular,16,mar,263,1,124,9,other,1,6.244166900663736
53,admin.,married,secondary,no,1796,no,no,telephone,16,mar,295,1,91,2,success,1,7.493873886783559
61,retired,married,secondary,no,5196,no,no,telephone,16,mar,244,2,95,4,other,0,8.555836815008442
51,management,married,tertiary,no,1612,no,no,cellular,16,mar,384,1,182,5,failure,0,7.385851078125209
29,management,single,tertiary,no,874,yes,no,cellular,16,mar,231,1,181,2,success,1,6.774223886357614
64,retired,married,primary,no,2140,no,no,cellular,16,mar,881,3,155,2,failure,1,7.669028288589683
32,management,single,tertiary,no,1619,no,no,cellular,17,mar,184,1,321,2,success,0,7.3901814282264295
28,admin.,married,secondary,no,897,no,no,cellular,17,mar,395,1,285,1,success,0,6.8001700683022
31,student,single,tertiary,no,64,no,no,cellular,17,mar,181,2,183,3,failure,0,4.174387269895637
54,services,divorced,secondary,no,0,no,no,cellular,18,mar,362,1,290,3,success,1,0.0
59,retired,married,secondary,no,2126,no,no,cellular,18,mar,359,1,343,1,failure,0,7.6624678152002375
27,technician,single,tertiary,no,1976,no,no,cellular,18,mar,394,2,101,1,other,0,7.589335823170617
46,management,divorced,tertiary,no,624,no,no,cellular,18,mar,420,1,276,1,other,1,6.437751649736401
46,management,married,tertiary,no,273,yes,no,cellular,18,mar,910,2,184,4,success,1,5.6131281063880705
59,management,married,tertiary,no,3342,no,no,cellular,18,mar,467,2,188,6,other,1,8.114623886420098
86,retired,married,secondary,no,1503,no,no,telephone,18,mar,165,3,101,1,other,0,7.315883504509785
35,technician,single,secondary,no,1227,no,no,cellular,18,mar,593,4,90,6,other,1,7.113142108707088
31,management,single,tertiary,no,3384,no,no,cellular,22,mar,247,3,187,3,success,1,8.127109185346375
43,management,divorced,tertiary,no,2367,no,no,cellular,22,mar,173,2,181,4,success,1,7.769800996003896
60,admin.,married,secondary,no,3735,no,no,cellular,22,mar,248,1,90,10,success,1,8.225770799348734
37,technician,married,secondary,no,1458,no,no,cellular,22,mar,344,1,326,1,success,0,7.285506548522785
54,management,married,secondary,no,2693,no,no,cellular,22,mar,222,1,188,6,other,1,7.898782356970309
27,management,single,tertiary,no,6791,no,no,telephone,22,mar,174,2,229,28,success,0,8.823500727991183
72,retired,married,primary,no,4657,no,no,telephone,23,mar,255,1,91,8,success,1,8.446341450444287
42,unemployed,married,secondary,no,0,yes,yes,cellular,23,mar,158,1,330,12,failure,0,0.0
29,self-employed,single,tertiary,no,3290,no,no,cellular,23,mar,136,1,291,2,success,1,8.098946748943339
30,student,single,secondary,no,1681,no,no,cellular,23,mar,128,1,106,2,success,1,7.427738840532894
43,services,married,secondary,no,774,no,no,cellular,25,mar,101,1,421,1,success,1,6.652863029353347
46,management,single,secondary,no,5993,no,no,cellular,25,mar,151,1,184,2,failure,0,8.69851424787661
62,management,married,tertiary,no,3371,no,no,cellular,25,mar,187,1,178,2,success,1,8.123261319121745
26,management,single,tertiary,no,1370,no,no,cellular,25,mar,231,1,295,1,other,0,7.223295679562314
57,management,married,tertiary,no,10583,no,no,cellular,25,mar,272,1,178,6,success,1,9.267098705794792
47,management,single,tertiary,no,334,yes,no,cellular,26,mar,360,1,326,8,failure,1,5.814130531825066
60,retired,married,secondary,no,2060,no,no,cellular,26,mar,454,1,88,3,other,0,7.630946580890459
30,management,married,tertiary,no,2994,yes,no,cellular,26,mar,156,1,137,1,other,0,8.00469951054955
59,retired,married,primary,no,4007,no,no,cellular,26,mar,157,2,116,4,failure,0,8.2960476427647
72,retired,married,primary,no,0,no,no,cellular,26,mar,201,3,191,3,failure,0,0.0
35,admin.,married,tertiary,no,957,yes,no,cellular,26,mar,263,4,667,4,failure,0,6.86484777797086
30,self-employed,single,tertiary,no,916,no,no,cellular,29,mar,92,2,90,2,success,1,6.821107472256465
36,admin.,married,tertiary,no,1145,yes,no,cellular,29,mar,198,2,181,3,failure,0,7.044032897274685
45,technician,married,secondary,no,2981,yes,yes,cellular,29,mar,88,3,311,3,failure,0,8.000349495324684
31,management,single,tertiary,no,4319,yes,no,cellular,29,mar,515,2,334,5,failure,0,8.371010681238156
28,admin.,single,tertiary,no,832,no,no,telephone,29,mar,433,3,342,1,failure,1,6.725033642166843
42,technician,married,secondary,no,2152,no,no,cellular,30,mar,361,2,181,2,failure,0,7.674617497364363
40,admin.,married,secondary,no,3126,yes,no,cellular,30,mar,186,2,90,5,failure,0,8.047829357457841
57,management,divorced,tertiary,no,3287,no,no,cellular,30,mar,277,2,337,1,success,1,8.098034756176071
23,services,single,secondary,no,488,no,no,cellular,30,mar,236,1,92,2,other,1,6.192362489474872
31,management,single,tertiary,no,9629,no,no,cellular,30,mar,371,1,174,4,failure,0,9.172638504792172
80,retired,divorced,primary,no,235,no,no,cellular,31,mar,577,1,223,3,other,1,5.4638318050256105
47,management,married,tertiary,no,288,no,no,cellular,31,mar,193,1,181,1,success,1,5.666426688112432
27,student,single,secondary,no,6036,no,no,cellular,31,mar,175,1,181,1,failure,1,8.705662478796427
27,self-employed,single,tertiary,no,1393,no,no,cellular,31,mar,382,1,271,1,failure,0,7.2399325913204695
26,management,single,tertiary,no,3,yes,yes,cellular,1,apr,149,1,350,1,success,1,1.3862943611198906
61,management,married,tertiary,no,0,yes,yes,cellular,1,apr,158,1,115,2,failure,0,0.0
50,technician,divorced,secondary,no,0,no,no,cellular,1,apr,280,1,184,3,success,1,0.0
84,retired,married,secondary,no,81204,no,no,telephone,1,apr,390,1,94,3,success,1,11.304732100608703
33,technician,single,secondary,no,234,no,no,cellular,1,apr,176,1,370,2,failure,0,5.459585514144159
47,admin.,married,secondary,no,70,yes,no,cellular,5,apr,144,4,374,2,success,1,4.2626798770413155
54,technician,married,secondary,no,2102,yes,no,cellular,5,apr,547,1,626,2,failure,1,7.6511201757027
70,retired,married,tertiary,no,15834,no,no,cellular,5,apr,172,3,186,1,failure,0,9.66997795897274
44,management,married,secondary,no,2897,no,no,cellular,5,apr,296,1,180,4,other,0,7.971776122880628
24,student,single,secondary,no,4126,no,no,cellular,5,apr,907,4,185,7,failure,1,8.325306029752582
49,management,married,tertiary,no,3842,no,no,cellular,5,apr,163,1,186,3,failure,0,8.254008590564844
50,management,married,tertiary,no,5108,yes,no,cellular,5,apr,874,2,108,3,success,0,8.538758969330798
34,admin.,divorced,secondary,no,961,no,no,cellular,5,apr,137,2,430,2,failure,0,6.8690144506657065
30,management,married,tertiary,no,102,yes,no,cellular,5,apr,470,7,426,3,other,1,4.634728988229636
30,technician,single,tertiary,no,2325,no,no,cellular,5,apr,270,3,241,4,other,0,7.75190533307861
50,unemployed,married,tertiary,no,377,no,no,cellular,6,apr,283,1,319,3,failure,0,5.934894195619588
32,management,single,secondary,no,1088,yes,no,cellular,6,apr,317,1,363,2,success,1,6.9930151229329605
27,student,single,tertiary,no,13107,yes,no,cellular,6,apr,661,1,314,2,failure,1,9.480978009818704
33,self-employed,single,tertiary,no,562,yes,yes,cellular,6,apr,196,1,363,1,failure,1,6.333279628139691
80,retired,married,secondary,no,8304,no,no,telephone,6,apr,681,1,118,11,success,0,9.024613022047395
33,management,single,tertiary,no,718,yes,no,cellular,6,apr,122,1,98,2,success,1,6.577861357721047
58,admin.,married,primary,no,1119,no,no,cellular,6,apr,122,4,341,2,failure,0,7.02108396428914
27,technician,single,tertiary,no,-67,yes,no,cellular,6,apr,604,3,236,2,failure,1,0.0
37,admin.,married,secondary,no,0,yes,no,cellular,8,apr,208,3,349,2,failure,0,0.0
34,management,married,tertiary,no,3696,no,no,cellular,8,apr,758,2,160,5,other,1,8.215276958936633
69,retired,married,primary,no,2398,no,no,cellular,12,apr,161,1,186,1,failure,0,7.782807262839695
31,management,single,tertiary,no,3289,no,no,cellular,12,apr,235,1,314,1,failure,0,8.098642843759418
50,technician,married,tertiary,no,0,no,yes,cellular,12,apr,337,1,258,6,failure,0,0.0
73,retired,divorced,secondary,no,7111,yes,no,cellular,12,apr,284,1,182,1,success,0,8.86953877719374
33,self-employed,single,tertiary,no,658,yes,no,cellular,12,apr,93,1,173,2,success,0,6.490723534502507
26,management,single,tertiary,no,1646,no,no,cellular,12,apr,524,4,206,5,success,1,7.4067107301776405
29,management,single,tertiary,no,502,no,no,cellular,12,apr,366,2,199,3,other,0,6.220590170099739
27,admin.,single,secondary,no,1327,no,no,cellular,12,apr,339,1,241,9,other,0,7.191429330036379
51,entrepreneur,divorced,tertiary,no,2109,no,no,cellular,12,apr,119,1,181,2,success,0,7.6544432264701125
71,retired,divorced,secondary,no,3104,no,no,telephone,12,apr,271,1,187,1,failure,0,8.040768994367578
62,retired,married,secondary,no,2917,no,no,cellular,12,apr,147,1,188,1,success,0,7.978653729082731
80,housemaid,married,secondary,no,499,no,no,telephone,13,apr,224,2,393,4,failure,0,6.214608098422191
62,self-employed,divorced,tertiary,no,6,yes,no,cellular,13,apr,103,1,182,3,success,1,1.9459101490553132
49,admin.,married,secondary,no,197,yes,no,cellular,13,apr,223,1,182,2,failure,1,5.288267030694535
62,management,married,tertiary,no,0,no,no,cellular,13,apr,113,3,182,3,failure,0,0.0
25,blue-collar,single,secondary,no,1857,yes,no,cellular,13,apr,295,4,187,6,success,1,7.527255919373784
32,management,single,tertiary,no,2016,no,no,cellular,13,apr,232,1,348,1,success,1,7.6093665379542115
36,management,single,tertiary,no,436,no,no,cellular,13,apr,567,1,595,2,failure,1,6.07993319509559
40,technician,married,tertiary,no,11766,yes,no,cellular,13,apr,218,2,242,9,failure,1,9.37305428246393
38,management,married,tertiary,no,413,no,no,cellular,13,apr,240,1,179,2,failure,1,6.025865973825314
35,technician,single,tertiary,no,670,no,no,cellular,13,apr,278,4,182,2,success,1,6.508769136971682
23,student,single,secondary,no,107,no,no,cellular,13,apr,256,5,181,2,success,1,4.68213122712422
44,services,married,primary,no,2557,yes,no,cellular,14,apr,250,1,181,8,success,1,7.846980982138788
70,retired,married,secondary,no,1310,no,no,cellular,14,apr,318,1,181,1,failure,0,7.1785454837637
35,management,single,tertiary,no,2646,no,no,cellular,14,apr,133,8,183,2,success,1,7.881182202227102
35,self-employed,married,tertiary,no,1178,yes,yes,cellular,15,apr,220,2,183,5,failure,0,7.072421900537371
75,retired,married,secondary,no,3771,no,no,telephone,15,apr,185,1,181,2,success,1,8.235360643753348
51,management,married,tertiary,no,469,no,no,cellular,15,apr,200,1,181,2,success,1,6.152732694704104
59,technician,married,secondary,no,1,no,no,cellular,15,apr,159,2,378,3,failure,1,0.6931471805599453
36,blue-collar,married,primary,no,1177,no,no,cellular,15,apr,330,1,311,4,success,1,7.071573364211532
24,management,single,tertiary,no,736,yes,no,cellular,15,apr,442,2,246,2,other,1,6.602587892189336
62,retired,married,primary,no,1515,yes,no,cellular,15,apr,98,4,178,3,failure,0,7.323830566202317
22,services,single,secondary,no,129,no,no,cellular,15,apr,218,2,181,1,success,1,4.867534450455582
36,management,married,tertiary,no,-115,yes,no,cellular,16,apr,297,4,182,2,other,1,0.0
31,blue-collar,single,secondary,no,4,no,no,cellular,16,apr,148,2,182,3,other,0,1.6094379124341003
35,admin.,married,tertiary,no,690,no,no,cellular,19,apr,131,2,185,1,failure,0,6.53813982376767
57,retired,married,secondary,no,3738,yes,no,cellular,19,apr,220,1,367,7,success,0,8.226573474977114
22,student,single,primary,no,3472,no,no,cellular,19,apr,529,1,181,4,success,1,8.152774052744075
73,retired,married,secondary,no,2850,no,no,cellular,19,apr,184,2,185,3,failure,0,7.955425088912672
30,student,single,tertiary,no,7529,no,no,cellular,20,apr,175,6,183,1,success,1,8.92665032079394
55,unemployed,divorced,secondary,no,309,no,no,cellular,20,apr,167,1,181,3,success,1,5.736572297479192
36,management,single,tertiary,no,3669,no,no,cellular,20,apr,166,1,376,1,other,0,8.207946941048617
38,blue-collar,divorced,secondary,no,0,yes,no,telephone,20,apr,162,1,181,5,success,1,0.0
39,blue-collar,single,secondary,no,1672,yes,no,cellular,20,apr,462,1,648,1,failure,1,7.422373700986824
74,retired,married,tertiary,no,4912,no,no,telephone,20,apr,268,2,181,3,failure,0,8.499640032168648
38,technician,single,secondary,no,1711,no,no,cellular,20,apr,379,3,202,1,success,1,7.445417556701687
31,admin.,divorced,secondary,no,2980,no,no,cellular,20,apr,930,4,292,2,other,0,8.000014093678072
43,self-employed,married,tertiary,no,3157,no,no,cellular,21,apr,381,2,330,17,other,0,8.057694194815587
30,student,single,secondary,no,2046,no,no,telephone,21,apr,595,3,254,1,failure,1,7.624130585661289
52,technician,married,secondary,no,371,yes,yes,cellular,21,apr,224,2,182,1,success,1,5.918893854273146
64,retired,divorced,secondary,no,4833,no,no,cellular,22,apr,247,2,251,1,failure,0,8.483429561263428
62,management,married,tertiary,no,997,no,no,cellular,22,apr,554,1,304,2,success,1,6.905753276311464
76,retired,divorced,primary,no,2693,no,no,cellular,23,apr,109,5,184,2,success,0,7.898782356970309
40,technician,married,tertiary,no,206,no,no,cellular,23,apr,499,6,185,4,success,1,5.332718793265369
42,self-employed,married,secondary,no,1216,yes,no,cellular,23,apr,296,1,521,1,failure,1,7.104144092987527
73,retired,married,primary,no,796,no,no,cellular,23,apr,888,1,182,3,success,1,6.680854678790215
41,management,divorced,tertiary,no,5037,no,no,cellular,23,apr,252,9,185,5,other,1,8.524764456912555
31,admin.,single,secondary,no,81,yes,no,cellular,23,apr,215,2,165,11,other,0,4.406719247264253
46,admin.,divorced,primary,no,429,yes,no,cellular,26,apr,465,2,369,2,success,1,6.063785208687608
35,technician,married,secondary,no,2779,no,no,cellular,26,apr,182,2,186,2,success,1,7.930206206684683
41,technician,single,tertiary,no,431,no,no,cellular,26,apr,128,2,186,3,success,0,6.068425588244111
26,management,single,tertiary,no,222,no,no,cellular,26,apr,192,1,334,1,failure,1,5.407171771460119
46,blue-collar,married,secondary,no,1723,no,no,cellular,26,apr,102,3,192,4,other,0,7.452402451223638
45,blue-collar,single,secondary,no,0,yes,no,cellular,26,apr,1472,1,192,4,failure,1,0.0
60,housemaid,married,primary,no,182,no,no,cellular,26,apr,166,5,181,5,failure,0,5.209486152841421
29,management,single,tertiary,no,1445,no,no,cellular,26,apr,328,2,143,2,success,1,7.27655640271871
70,retired,married,secondary,no,2815,no,no,cellular,26,apr,125,2,182,1,failure,0,7.943072717277933
30,technician,single,tertiary,no,655,no,no,cellular,26,apr,212,1,202,2,success,1,6.486160788944089
35,technician,married,tertiary,no,0,yes,yes,cellular,26,apr,135,3,363,2,failure,0,0.0
32,admin.,single,secondary,no,154,yes,no,cellular,26,apr,135,1,521,2,failure,0,5.043425116919247
34,admin.,single,secondary,no,607,no,no,cellular,26,apr,449,1,326,3,other,0,6.410174881966167
63,blue-collar,married,primary,no,115,no,no,telephone,27,apr,325,1,180,7,failure,1,4.7535901911063645
31,management,single,tertiary,no,725,yes,no,cellular,27,apr,345,1,452,1,other,0,6.587550014824796
68,retired,married,primary,no,7945,no,no,cellular,27,apr,252,1,181,1,failure,0,8.980423936374544
61,housemaid,married,primary,no,848,no,no,cellular,27,apr,605,1,187,1,other,0,6.744059186311348
37,unemployed,single,secondary,no,2722,no,no,telephone,27,apr,426,2,179,3,other,1,7.909489492673759
26,management,single,tertiary,no,1438,no,no,cellular,27,apr,321,1,449,1,other,1,7.271703706887368
37,admin.,married,secondary,no,55,yes,yes,cellular,27,apr,99,1,329,4,other,0,4.02535169073515
70,retired,married,secondary,no,616,no,no,cellular,27,apr,149,2,182,1,failure,0,6.424869023905388
69,retired,married,secondary,no,0,no,no,cellular,28,apr,184,2,126,2,other,1,0.0
30,management,single,tertiary,no,697,no,no,cellular,28,apr,545,2,181,8,success,1,6.548219102762372
66,retired,married,primary,no,1004,no,no,cellular,28,apr,154,1,182,1,success,0,6.912742820493176
64,retired,married,secondary,no,4787,no,no,cellular,28,apr,392,1,182,1,success,1,8.473868066677865
55,housemaid,married,secondary,no,962,yes,no,cellular,28,apr,623,1,181,3,success,1,6.870053411798126
41,unemployed,married,tertiary,no,0,no,no,cellular,29,apr,882,1,181,3,success,1,0.0
79,retired,divorced,primary,no,20,no,no,cellular,29,apr,165,2,182,1,other,0,3.044522437723423
56,technician,married,secondary,no,0,yes,yes,cellular,29,apr,152,1,223,3,other,0,0.0
63,retired,married,primary,no,12067,no,no,telephone,29,apr,660,1,191,1,failure,1,9.398312600278953
49,technician,single,secondary,no,1245,no,no,cellular,29,apr,115,2,198,2,failure,0,7.1276936993473985
48,admin.,married,secondary,no,2533,no,no,cellular,29,apr,714,2,633,1,failure,0,7.837554360881084
41,self-employed,married,tertiary,no,0,yes,no,telephone,29,apr,395,3,426,1,other,1,0.0
37,management,married,secondary,no,565,no,no,cellular,29,apr,449,1,398,1,success,1,6.338594078203183
19,student,single,secondary,no,329,no,no,cellular,30,apr,169,1,190,2,success,1,5.799092654460526
32,management,married,tertiary,no,6138,no,no,cellular,30,apr,211,2,196,7,success,0,8.722417141427496
61,retired,divorced,secondary,no,4243,no,no,cellular,30,apr,315,1,182,2,success,1,8.353261499733874
30,management,married,tertiary,no,4328,no,no,cellular,30,apr,262,3,189,11,other,1,8.37309184744198
37,services,married,secondary,no,4017,no,no,cellular,30,apr,665,2,196,1,success,1,8.29853954537488
54,technician,married,tertiary,no,395,no,no,cellular,30,apr,183,1,183,2,success,1,5.981414211254481
45,admin.,married,secondary,no,205,no,no,cellular,4,may,552,1,90,2,success,1,5.327876168789581
38,management,married,tertiary,no,238,no,no,cellular,4,may,131,1,90,2,success,0,5.476463551931511
48,blue-collar,married,secondary,no,1730,yes,no,cellular,4,may,361,1,89,3,success,1,7.456454555176209
48,management,married,tertiary,no,0,yes,no,cellular,4,may,85,1,61,5,failure,0,0.0
60,blue-collar,married,primary,no,5,no,no,cellular,4,may,494,1,95,2,success,1,1.791759469228055
45,housemaid,married,secondary,no,360,no,no,cellular,4,may,113,1,182,1,success,0,5.8888779583328805
50,technician,married,secondary,no,402,no,no,cellular,4,may,165,1,180,2,failure,0,5.998936561946683
29,housemaid,single,tertiary,no,19,no,no,cellular,4,may,268,1,88,4,success,1,2.995732273553991
77,retired,married,tertiary,no,7802,no,no,telephone,4,may,421,1,92,2,success,1,8.962263554116761
33,services,married,secondary,no,1697,no,no,cellular,4,may,489,1,182,1,success,1,7.437206366871292
36,unemployed,married,tertiary,no,7222,yes,no,cellular,4,may,104,1,181,5,failure,0,8.885025658050846
35,unemployed,single,tertiary,no,415,no,no,cellular,4,may,164,2,89,2,success,1,6.030685260261263
80,retired,married,primary,no,155,no,no,telephone,4,may,209,1,53,3,success,1,5.049856007249537
34,self-employed,married,tertiary,no,263,no,no,cellular,4,may,203,1,78,8,other,0,5.575949103146316
29,admin.,single,secondary,no,3528,no,no,cellular,4,may,104,1,208,1,success,0,8.16876982367527
32,admin.,married,tertiary,no,390,yes,yes,cellular,5,may,100,1,243,1,other,0,5.968707559985366
33,admin.,married,tertiary,no,79,yes,no,cellular,5,may,389,1,195,4,success,1,4.382026634673881
37,management,married,secondary,no,565,no,no,cellular,5,may,329,1,6,2,success,0,6.338594078203183
30,management,married,tertiary,no,451,no,no,cellular,5,may,173,1,274,3,failure,0,6.113682179832232
41,technician,single,tertiary,no,1646,yes,no,cellular,5,may,258,1,90,7,success,1,7.4067107301776405
74,retired,married,secondary,no,935,no,no,cellular,5,may,226,1,99,2,failure,1,6.841615476477592
33,blue-collar,single,secondary,no,228,no,no,telephone,5,may,110,1,89,4,failure,0,5.43372200355424
27,management,single,secondary,no,145,yes,no,cellular,5,may,121,4,89,3,failure,0,4.983606621708336
54,housemaid,married,secondary,no,1182,yes,no,cellular,6,may,118,2,241,2,failure,0,7.075808863978387
53,retired,married,secondary,no,4968,no,no,cellular,6,may,109,1,87,2,failure,0,8.51097389160232
46,blue-collar,married,secondary,no,640,yes,no,cellular,6,may,246,1,55,5,success,1,6.46302945692067
37,technician,married,tertiary,no,88,no,no,cellular,6,may,195,1,90,3,other,1,4.48863636973214
67,retired,divorced,secondary,no,704,no,no,cellular,6,may,613,1,87,3,success,1,6.558197802812269
47,admin.,married,tertiary,no,97,yes,no,cellular,6,may,220,1,87,3,failure,0,4.584967478670572
56,management,divorced,tertiary,no,2037,no,no,cellular,6,may,160,1,91,5,success,0,7.61972421378267
60,housemaid,married,primary,no,182,no,no,cellular,6,may,141,1,10,10,failure,0,5.209486152841421
34,blue-collar,married,secondary,no,1221,yes,no,cellular,6,may,182,1,90,8,failure,0,7.108244139731541
36,admin.,single,tertiary,no,994,no,no,cellular,6,may,211,1,90,6,success,1,6.902742737158593
37,management,married,tertiary,no,2283,no,no,cellular,6,may,243,2,98,2,failure,1,7.7336835707759
37,technician,married,tertiary,no,4596,yes,no,cellular,7,may,218,2,211,4,success,0,8.433159195806228
51,technician,married,tertiary,no,0,no,no,cellular,7,may,662,2,66,2,success,1,0.0
83,retired,married,secondary,no,0,no,no,telephone,7,may,201,2,268,2,failure,0,0.0
35,management,married,tertiary,no,62,no,no,cellular,7,may,226,2,88,4,success,1,4.143134726391533
47,blue-collar,married,tertiary,no,3745,no,no,cellular,7,may,113,1,200,1,failure,0,8.228443883004033
53,management,married,tertiary,no,3634,no,no,cellular,7,may,211,4,88,8,success,1,8.19836438996762
32,technician,married,tertiary,no,2976,yes,no,cellular,10,may,269,5,94,6,success,0,7.998671361015776
46,management,married,tertiary,no,273,yes,no,cellular,10,may,583,6,53,6,success,1,5.6131281063880705
21,student,single,secondary,no,130,no,no,cellular,11,may,113,2,273,4,failure,0,4.875197323201151
20,student,single,secondary,no,291,no,no,telephone,11,may,172,5,371,5,failure,0,5.676753802268282
43,self-employed,married,tertiary,no,10072,no,no,cellular,12,may,98,1,77,5,failure,0,9.21761385594268
66,retired,married,secondary,no,3409,no,no,cellular,12,may,801,1,86,2,failure,0,8.134467570277563
78,retired,divorced,secondary,no,3417,no,no,cellular,12,may,309,1,181,1,success,1,8.136810863675537
42,management,married,tertiary,no,27696,no,no,cellular,12,may,176,2,89,5,success,1,10.229079383061112
34,services,married,secondary,no,1076,no,no,cellular,12,may,152,1,182,6,success,1,6.981934677156389
34,technician,married,secondary,no,133,no,no,cellular,12,may,171,2,181,3,success,1,4.897839799950911
66,management,married,secondary,no,587,no,no,cellular,12,may,457,2,392,2,success,1,6.376726947898627
40,management,single,tertiary,no,1509,no,no,cellular,12,may,333,1,58,3,failure,0,7.31986492980897
54,management,married,tertiary,no,1624,no,no,cellular,12,may,166,3,182,10,success,1,7.393263094763838
31,blue-collar,married,secondary,no,136,no,no,cellular,12,may,228,2,267,1,failure,1,4.919980925828125
33,services,married,secondary,no,386,no,no,cellular,12,may,317,1,181,5,success,1,5.958424693029782
19,student,single,primary,no,608,no,no,cellular,12,may,236,1,180,2,success,1,6.411818267709897
31,technician,single,secondary,no,1282,no,no,cellular,12,may,144,1,460,2,failure,0,7.1569563646156364
24,technician,single,secondary,no,598,no,no,cellular,12,may,762,1,182,2,success,1,6.395261598115449
29,self-employed,single,tertiary,no,3290,no,no,cellular,12,may,430,1,50,3,success,1,8.098946748943339
28,admin.,single,secondary,no,4745,no,no,telephone,12,may,360,1,181,5,success,1,8.465057436995709
31,management,single,tertiary,no,533,no,no,telephone,12,may,372,1,90,10,success,1,6.280395838960195
50,technician,married,tertiary,no,2611,no,no,cellular,12,may,177,1,387,2,success,0,7.867871490396322
22,student,single,secondary,no,123,no,no,telephone,12,may,267,2,89,7,success,0,4.820281565605037
54,blue-collar,divorced,primary,no,4401,no,no,telephone,13,may,414,1,183,2,success,1,8.389814262086407
59,management,married,tertiary,no,138,yes,yes,cellular,13,may,106,1,280,4,failure,0,4.9344739331306915
27,self-employed,single,tertiary,no,168,no,no,cellular,13,may,271,1,182,2,success,0,5.1298987149230735
77,retired,married,primary,no,3324,no,no,cellular,13,may,289,1,91,5,success,1,8.109224953089955
40,admin.,married,secondary,no,260,yes,no,cellular,13,may,306,1,181,5,success,1,5.564520407322694
63,retired,divorced,tertiary,no,0,no,no,cellular,13,may,263,1,181,2,success,1,0.0
37,management,married,tertiary,no,2987,yes,no,cellular,13,may,216,1,87,10,success,1,8.002359546252707
48,blue-collar,married,secondary,no,1230,yes,no,cellular,13,may,328,2,182,3,success,1,7.115582126184454
27,blue-collar,single,secondary,no,535,no,no,cellular,13,may,159,1,87,3,success,1,6.284134161070802
35,management,married,tertiary,no,8000,no,no,cellular,13,may,331,1,90,3,success,1,8.987321812850125
68,retired,married,secondary,no,1146,no,no,cellular,13,may,356,1,71,5,success,1,7.044905117129371
53,blue-collar,single,secondary,no,1004,no,no,cellular,13,may,393,1,84,1,other,1,6.912742820493176
37,technician,single,tertiary,no,197,no,no,cellular,13,may,234,1,87,3,success,1,5.288267030694535
58,admin.,married,secondary,no,169,no,no,cellular,13,may,336,3,87,5,success,1,5.135798437050262
37,management,married,tertiary,no,393,yes,no,cellular,14,may,567,3,275,4,failure,1,5.976350909297934
37,admin.,married,tertiary,no,29,no,no,cellular,14,may,404,2,183,2,other,1,3.4011973816621555
63,retired,married,secondary,no,1486,no,no,cellular,14,may,698,5,316,3,other,0,7.304515946460155
34,admin.,married,secondary,no,920,no,no,cellular,14,may,526,3,179,3,success,1,6.825460036255307
50,admin.,married,secondary,no,3608,yes,no,cellular,14,may,196,8,182,4,success,1,8.19118600464279
70,retired,married,secondary,no,1164,no,no,telephone,14,may,338,3,185,2,failure,0,7.060476365999801
50,technician,divorced,secondary,no,0,yes,no,cellular,14,may,109,3,92,3,failure,0,0.0
56,management,married,primary,no,870,no,no,cellular,14,may,220,1,179,1,success,1,6.769641976852503
57,retired,married,primary,no,9367,no,no,cellular,14,may,700,4,92,7,success,1,9.145054905277552
29,unemployed,single,primary,no,1374,no,no,cellular,14,may,1205,2,178,7,success,1,7.226209010100671
75,retired,married,tertiary,no,6027,no,no,cellular,14,may,809,1,179,4,success,1,8.704170559746386
46,management,married,tertiary,no,349,no,no,cellular,14,may,466,4,88,3,success,1,5.857933154483459
29,technician,single,tertiary,no,865,no,no,cellular,17,may,248,3,243,1,failure,0,6.763884908562435
54,management,divorced,tertiary,no,2152,no,no,cellular,17,may,226,3,186,7,other,0,7.674617497364363
56,blue-collar,married,secondary,no,448,yes,yes,cellular,17,may,556,1,181,2,other,1,6.1070228877422545
72,retired,married,secondary,no,5715,no,no,cellular,17,may,1114,1,181,2,success,1,8.651024539049757
27,student,single,tertiary,no,39,no,no,cellular,17,may,379,1,258,10,other,1,3.6888794541139363
52,management,married,tertiary,no,583,no,no,cellular,17,may,376,1,181,3,success,1,6.369900982828227
50,admin.,married,secondary,no,2695,no,no,cellular,17,may,312,2,159,2,other,0,7.899524472032198
38,management,married,tertiary,no,1276,no,no,cellular,17,may,272,2,182,3,success,1,7.152268856032539
73,retired,married,secondary,no,2850,no,no,cellular,17,may,157,2,28,5,failure,0,7.955425088912672
64,retired,married,secondary,no,1612,no,no,cellular,18,may,336,1,89,5,failure,1,7.385851078125209
38,blue-collar,married,secondary,no,4321,no,no,cellular,18,may,252,1,85,6,failure,0,8.371473537066832
62,retired,married,secondary,no,3114,no,no,cellular,18,may,243,2,186,1,success,1,8.043984431221553
41,admin.,married,tertiary,no,1,yes,no,telephone,18,may,327,2,361,3,failure,1,0.6931471805599453
53,technician,married,secondary,no,195,yes,no,cellular,19,may,472,1,90,6,success,1,5.278114659230517
58,retired,married,secondary,no,1230,no,no,cellular,20,may,420,1,87,1,failure,1,7.115582126184454
46,management,single,secondary,no,5993,no,no,cellular,20,may,165,1,56,3,failure,0,8.69851424787661
37,management,married,tertiary,no,3236,no,no,cellular,20,may,291,2,202,5,other,1,8.082402253926244
60,management,married,secondary,no,0,no,no,cellular,20,may,321,4,87,8,failure,0,0.0
47,blue-collar,married,secondary,no,1568,yes,no,cellular,21,may,226,3,91,8,success,1,7.358193752733032
53,management,married,tertiary,no,1356,yes,no,cellular,21,may,429,1,193,6,failure,0,7.213031659834869
47,admin.,married,secondary,no,368,no,no,cellular,21,may,403,1,87,6,success,1,5.910796644040527
46,self-employed,married,secondary,no,706,no,no,cellular,21,may,588,1,386,3,failure,1,6.561030665896573
30,management,single,tertiary,no,499,yes,no,cellular,21,may,145,1,281,3,failure,0,6.214608098422191
51,management,married,tertiary,no,2635,no,no,cellular,21,may,407,3,74,5,failure,1,7.877017895622398
70,management,married,secondary,no,4,no,no,cellular,21,may,122,1,85,9,failure,0,1.6094379124341003
31,blue-collar,single,secondary,no,411,no,no,cellular,21,may,91,3,361,1,failure,0,6.021023349349527
31,unemployed,single,secondary,no,2616,no,no,cellular,21,may,374,1,185,2,other,1,7.869783902530146
21,student,single,secondary,no,215,no,no,cellular,24,may,382,1,89,7,success,1,5.375278407684165
71,retired,married,primary,no,3230,no,no,cellular,24,may,341,2,133,3,failure,1,8.080546965824498
78,retired,married,primary,no,680,no,no,telephone,24,may,838,1,89,9,failure,0,6.523562306149512
49,self-employed,divorced,tertiary,no,3293,no,no,cellular,24,may,260,1,77,9,failure,0,8.099857910737585
52,admin.,single,secondary,no,726,yes,no,cellular,24,may,699,1,378,9,failure,1,6.588926477533519
27,technician,single,tertiary,no,2781,yes,no,cellular,24,may,168,1,389,1,failure,1,7.930925372483388
25,student,single,secondary,no,3713,no,no,cellular,24,may,323,2,353,3,other,1,8.219864741912652
33,services,single,secondary,no,152,yes,no,cellular,25,may,202,2,365,2,success,1,5.030437921392435
33,management,single,tertiary,no,576,no,no,cellular,25,may,220,1,111,2,other,0,6.3578422665081
28,student,single,secondary,no,1925,no,no,cellular,25,may,252,1,88,4,failure,1,7.563200592358071
30,admin.,single,secondary,no,265,yes,no,cellular,25,may,681,1,181,2,success,1,5.583496308781699
59,management,married,primary,no,1727,no,no,telephone,25,may,500,4,358,2,failure,1,7.454719949364001
56,management,married,tertiary,no,12356,yes,no,cellular,26,may,410,1,551,5,other,1,9.42197798310419
33,services,single,secondary,no,2881,no,no,cellular,26,may,289,1,328,1,success,1,7.966239776559467
31,technician,single,secondary,no,846,no,no,cellular,26,may,405,3,205,2,failure,1,6.741700694652055
39,management,married,tertiary,no,613,no,no,cellular,26,may,211,2,391,2,success,0,6.419994928147142
40,technician,married,secondary,no,2266,no,no,cellular,26,may,175,3,89,7,other,1,7.726212650507529
33,management,single,tertiary,no,9317,no,no,cellular,26,may,267,1,205,3,failure,0,9.139703292376742
27,blue-collar,single,tertiary,no,567,no,no,cellular,26,may,523,3,182,3,success,1,6.342121418721152
67,retired,married,primary,no,1430,no,no,telephone,26,may,283,2,135,5,success,1,7.266128779556451
46,housemaid,married,secondary,no,38,no,no,cellular,27,may,181,3,183,1,success,1,3.6635616461296463
58,management,married,secondary,no,139,no,no,cellular,27,may,188,1,161,2,other,0,4.941642422609304
23,student,single,tertiary,no,691,no,no,cellular,27,may,1178,1,178,6,success,1,6.539585955617669
28,services,single,tertiary,no,128,no,no,cellular,27,may,460,1,414,1,failure,1,4.859812404361672
55,services,divorced,secondary,no,379,no,no,cellular,27,may,275,3,219,2,other,0,5.940171252720432
60,unemployed,married,secondary,no,1047,no,no,cellular,27,may,173,3,279,4,success,1,6.954638864880987
29,blue-collar,single,tertiary,no,455,no,no,telephone,27,may,214,2,36,1,success,1,6.1224928095143865
32,admin.,single,secondary,no,554,yes,no,cellular,28,may,101,2,368,5,failure,0,6.318968113746434
59,retired,married,primary,no,4007,no,no,cellular,28,may,581,3,63,6,failure,0,8.2960476427647
54,technician,married,secondary,no,65,no,no,cellular,28,may,309,4,93,4,failure,0,4.189654742026425
23,student,single,secondary,no,922,no,no,cellular,28,may,538,2,184,9,failure,1,6.827629234502852
39,technician,married,tertiary,no,108,no,no,cellular,28,may,589,3,28,2,other,0,4.6913478822291435
26,student,single,secondary,no,4613,no,no,cellular,28,may,663,3,196,2,other,1,8.4368504387337
28,student,single,tertiary,no,118,no,no,cellular,31,may,85,2,35,5,other,0,4.77912349311153
83,retired,divorced,primary,no,0,no,no,telephone,31,may,664,1,77,3,success,0,0.0
33,management,married,tertiary,no,1388,yes,no,cellular,31,may,158,1,202,3,failure,0,7.236339342754344
36,technician,married,secondary,no,1368,no,no,cellular,1,jun,516,1,292,5,failure,1,7.221835825288449
33,admin.,single,tertiary,no,272,yes,no,cellular,1,jun,326,1,237,2,failure,1,5.60947179518496
28,blue-collar,single,secondary,no,-46,yes,no,cellular,1,jun,154,2,91,12,success,1,0.0
65,retired,divorced,primary,no,1840,no,no,cellular,1,jun,383,2,188,5,failure,0,7.518064181233078
28,services,single,secondary,no,168,no,no,cellular,1,jun,347,3,140,2,success,1,5.1298987149230735
70,retired,married,primary,no,2346,no,no,cellular,1,jun,421,1,97,6,success,0,7.760893195851024
28,management,single,tertiary,no,223,yes,no,cellular,1,jun,303,1,278,3,success,1,5.4116460518550396
29,blue-collar,married,secondary,no,3310,no,no,cellular,2,jun,344,2,117,2,failure,0,8.105005537547246
49,admin.,single,tertiary,no,228,yes,no,cellular,2,jun,407,1,92,1,success,1,5.43372200355424
27,blue-collar,single,tertiary,no,644,no,no,cellular,2,jun,657,1,182,1,success,1,6.4692503167957724
28,admin.,married,secondary,no,330,no,no,cellular,2,jun,226,2,182,4,success,1,5.802118375377063
37,admin.,divorced,tertiary,no,4708,no,no,cellular,2,jun,238,1,181,2,success,1,8.457230850243555
54,management,divorced,tertiary,no,496,no,no,cellular,2,jun,161,1,140,3,success,0,6.208590026096629
30,technician,single,secondary,no,1165,no,no,cellular,4,jun,204,2,183,3,success,1,7.061334366910438
39,housemaid,divorced,secondary,no,70,no,no,cellular,4,jun,346,2,128,8,success,0,4.2626798770413155
26,technician,single,tertiary,no,1066,no,no,cellular,4,jun,112,1,50,1,success,0,6.9726062513017535
62,management,married,tertiary,no,0,yes,yes,cellular,4,jun,106,1,64,3,failure,0,0.0
22,services,single,secondary,no,361,no,no,telephone,7,jun,140,4,367,2,failure,0,5.8916442118257715
38,admin.,married,secondary,no,0,yes,no,cellular,8,jun,187,1,181,2,success,1,0.0
36,technician,divorced,secondary,no,2823,yes,no,cellular,8,jun,215,1,371,6,failure,1,7.945909598613133
34,management,married,tertiary,no,158,no,no,cellular,9,jun,190,1,92,9,success,1,5.0689042022202315
36,services,married,secondary,no,4721,no,no,cellular,9,jun,150,1,92,5,success,1,8.459987717645458
31,management,married,tertiary,no,877,no,no,cellular,9,jun,192,1,93,7,other,1,6.777646593635117
28,management,single,tertiary,no,187,no,no,cellular,9,jun,206,1,92,1,success,1,5.236441962829949
80,retired,married,secondary,no,8304,no,no,telephone,9,jun,712,1,64,12,failure,1,9.024613022047395
83,retired,married,tertiary,no,4761,no,no,telephone,9,jun,294,2,93,1,success,0,8.468423027046809
31,management,single,tertiary,no,147,no,no,cellular,9,jun,163,2,92,3,success,1,4.997212273764115
39,services,married,secondary,no,323,no,no,cellular,9,jun,874,2,188,6,failure,1,5.780743515792329
73,retired,married,primary,no,508,no,no,cellular,14,jun,154,4,97,1,success,0,6.2324480165505225
36,management,married,tertiary,no,495,no,no,cellular,14,jun,187,1,94,9,success,1,6.206575926724928
58,management,married,tertiary,no,256,no,no,cellular,14,jun,508,1,186,4,success,0,5.54907608489522
30,technician,single,secondary,no,2371,no,no,cellular,14,jun,661,1,384,2,other,1,7.771488760117616
56,admin.,married,secondary,no,602,no,no,cellular,14,jun,458,1,130,8,success,1,6.401917196727186
71,retired,divorced,primary,no,275,no,no,cellular,14,jun,293,1,425,1,success,1,5.62040086571715
26,services,single,tertiary,no,12,no,no,cellular,14,jun,563,1,181,10,failure,1,2.5649493574615367
30,unemployed,single,tertiary,no,4082,no,no,telephone,14,jun,215,1,459,17,other,0,8.314587291319576
31,management,single,tertiary,no,938,no,no,cellular,14,jun,472,1,384,3,failure,0,6.844815479208263
31,management,single,tertiary,no,4533,no,no,cellular,14,jun,262,3,98,3,other,0,8.419359831067474
62,retired,married,primary,no,1742,no,no,cellular,14,jun,167,2,98,6,other,1,7.463363045520021
68,retired,divorced,primary,no,2027,no,no,cellular,15,jun,619,2,92,2,success,1,7.614805364711073
37,admin.,married,tertiary,no,3221,no,no,cellular,15,jun,379,2,376,13,other,1,8.07775756373692
27,management,single,tertiary,no,1720,no,no,cellular,15,jun,910,1,224,3,success,1,7.450660796211539
59,retired,divorced,primary,no,1194,yes,no,cellular,15,jun,132,4,389,2,failure,0,7.085901464365611
35,technician,married,secondary,no,294,yes,no,cellular,15,jun,238,6,98,5,success,0,5.68697535633982
45,technician,single,tertiary,no,2033,no,no,cellular,15,jun,243,5,285,2,success,1,7.617759576608505
51,admin.,married,tertiary,no,0,yes,yes,cellular,15,jun,177,4,99,2,success,0,0.0
27,management,single,tertiary,no,2786,no,no,cellular,15,jun,270,2,377,3,success,0,7.932721027481948
28,management,single,tertiary,no,2725,no,no,cellular,16,jun,292,1,504,1,failure,1,7.9105906122564775
66,housemaid,married,primary,no,1230,no,no,cellular,16,jun,288,6,181,3,success,1,7.115582126184454
30,management,single,tertiary,no,572,no,no,cellular,17,jun,339,3,183,2,success,1,6.35088571671474
38,blue-collar,married,primary,no,1630,yes,no,cellular,17,jun,101,3,94,19,other,0,7.396948602621014
39,technician,single,secondary,no,1435,no,no,cellular,17,jun,383,1,296,19,other,1,7.269616749608169
63,retired,married,secondary,no,23047,no,no,cellular,17,jun,530,1,139,2,other,0,10.045334276764365
34,management,married,tertiary,no,3301,yes,no,cellular,17,jun,485,2,227,4,failure,1,8.102283624480073
46,blue-collar,married,secondary,no,1723,no,no,cellular,17,jun,176,2,52,7,failure,1,7.452402451223638
52,blue-collar,married,secondary,no,955,no,yes,cellular,17,jun,301,2,134,4,success,1,6.862757913051401
53,entrepreneur,married,tertiary,no,1961,no,no,cellular,18,jun,91,2,185,1,success,0,7.581719640125308
71,retired,married,secondary,no,29941,no,no,telephone,18,jun,80,1,71,3,other,0,10.307017456009781
25,blue-collar,single,secondary,no,303,no,no,cellular,18,jun,252,1,92,1,success,1,5.717027701406222
60,management,married,primary,no,8334,no,no,cellular,18,jun,143,1,49,7,other,0,9.028218795184895
46,services,married,secondary,no,0,yes,no,cellular,22,jun,154,1,124,1,other,0,0.0
61,retired,married,secondary,no,2011,no,no,cellular,22,jun,292,1,578,2,failure,0,7.60688453121963
57,management,divorced,tertiary,no,3287,no,no,cellular,22,jun,867,1,84,3,success,1,8.098034756176071
32,admin.,single,secondary,no,131,yes,no,cellular,22,jun,522,1,183,2,success,1,4.882801922586371
32,management,married,tertiary,no,913,yes,no,cellular,23,jun,883,1,674,4,failure,0,6.81783057145415
64,retired,divorced,primary,no,109,no,no,cellular,23,jun,706,1,225,2,success,1,4.700480365792417
33,management,single,tertiary,no,224,no,no,cellular,23,jun,342,2,107,2,success,1,5.41610040220442
36,management,single,tertiary,no,538,no,no,cellular,23,jun,339,1,183,5,success,1,6.289715570908998
32,technician,married,tertiary,no,903,yes,no,cellular,23,jun,181,1,320,1,other,0,6.806829360392176
25,student,single,secondary,no,1957,no,no,cellular,24,jun,1207,4,385,1,failure,1,7.579678823090456
43,services,married,secondary,no,774,no,no,cellular,24,jun,482,1,91,2,success,1,6.652863029353347
35,management,married,tertiary,no,1870,yes,no,cellular,24,jun,134,1,386,1,failure,0,7.534228326274089
27,management,single,tertiary,no,6791,no,no,cellular,24,jun,136,5,94,30,failure,0,8.823500727991183
31,technician,married,tertiary,no,3338,yes,no,cellular,24,jun,122,2,185,2,success,0,8.113426639943654
40,technician,married,secondary,no,697,no,no,cellular,24,jun,220,2,219,2,other,0,6.548219102762372
49,management,married,tertiary,no,1167,yes,yes,cellular,25,jun,213,6,150,8,failure,1,7.0630481633881725
42,technician,divorced,tertiary,no,2611,yes,no,cellular,25,jun,300,1,389,3,failure,1,7.867871490396322
27,blue-collar,single,secondary,no,3145,no,no,cellular,25,jun,374,1,179,2,success,1,8.053887083618223
57,unemployed,married,secondary,no,1350,no,no,cellular,25,jun,131,1,388,1,failure,0,7.208600337960199
30,technician,single,secondary,no,938,no,no,cellular,25,jun,171,1,141,3,other,0,6.844815479208263
45,technician,married,tertiary,no,1818,yes,yes,cellular,25,jun,427,1,142,5,success,0,7.506042178518122
37,technician,married,tertiary,no,122,no,no,cellular,25,jun,266,2,318,3,other,1,4.812184355372417
72,retired,married,primary,no,0,no,no,cellular,28,jun,348,6,94,6,failure,0,0.0
47,management,single,tertiary,no,334,yes,no,cellular,28,jun,614,3,94,9,success,1,5.814130531825066
38,management,single,tertiary,no,623,no,no,cellular,28,jun,297,4,144,4,other,1,6.436150368369428
48,management,single,tertiary,no,86,no,no,cellular,28,jun,281,3,186,6,other,1,4.465908118654584
36,management,married,tertiary,no,1790,yes,no,cellular,28,jun,132,3,392,2,other,0,7.490529402060711
55,housemaid,divorced,primary,no,976,no,no,cellular,28,jun,345,1,94,3,other,1,6.884486652042782
39,technician,single,tertiary,no,393,no,no,cellular,28,jun,325,1,94,1,success,1,5.976350909297934
26,management,single,tertiary,no,222,no,no,cellular,28,jun,247,1,63,2,success,1,5.407171771460119
37,services,single,secondary,no,23,yes,no,cellular,28,jun,197,1,182,1,failure,0,3.1780538303479458
67,retired,married,primary,no,2391,no,no,cellular,28,jun,737,6,186,10,other,1,7.779885115070522
60,retired,married,secondary,no,11,no,no,cellular,29,jun,265,1,586,2,failure,1,2.4849066497880004
60,retired,married,secondary,no,2060,no,no,cellular,29,jun,135,4,95,4,failure,0,7.630946580890459
58,blue-collar,married,primary,no,3109,no,no,cellular,29,jun,295,1,287,4,success,1,8.04237800517328
41,admin.,married,secondary,no,3126,yes,no,cellular,29,jun,222,1,91,7,failure,1,8.047829357457841
47,admin.,married,secondary,no,0,no,yes,cellular,29,jun,238,1,139,4,failure,0,0.0
23,services,single,secondary,no,488,no,no,cellular,29,jun,205,1,91,3,success,1,6.192362489474872
30,student,single,secondary,no,314,no,no,cellular,29,jun,189,1,204,6,success,0,5.752572638825633
39,management,married,tertiary,no,2939,no,no,cellular,29,jun,385,1,165,2,success,0,7.986164860332727
35,unemployed,married,secondary,no,978,no,no,cellular,29,jun,660,2,182,6,success,1,6.88653164253051
33,management,single,tertiary,no,718,yes,no,cellular,29,jun,271,1,84,3,success,1,6.577861357721047
29,student,single,secondary,no,808,no,no,cellular,29,jun,189,1,362,1,other,0,6.695798917058491
50,technician,married,tertiary,no,5114,no,no,telephone,29,jun,286,2,153,2,other,0,8.539932678385727
31,management,single,tertiary,no,1539,yes,no,cellular,30,jun,107,2,756,2,other,0,7.3395376954076745
32,student,single,tertiary,no,64,no,no,cellular,30,jun,598,4,105,5,failure,1,4.174387269895637
48,admin.,single,secondary,no,1544,yes,no,telephone,30,jun,263,1,450,2,failure,1,7.3427791893318455
19,student,single,secondary,no,424,no,no,cellular,30,jun,121,3,195,2,other,0,6.052089168924417
41,admin.,single,secondary,no,985,yes,no,cellular,30,jun,274,2,391,11,success,1,6.893656354602635
43,management,single,tertiary,no,0,no,no,cellular,30,jun,275,2,296,1,failure,1,0.0
39,technician,married,secondary,no,4861,yes,no,telephone,30,jun,119,1,183,2,other,0,8.48920515487607
21,student,single,secondary,no,2488,no,no,cellular,30,jun,258,6,169,3,success,1,7.819636302367592
74,retired,divorced,primary,no,29080,no,no,cellular,30,jun,301,5,93,4,other,1,10.277840318951666
72,retired,single,tertiary,no,1285,no,no,telephone,1,jul,494,4,150,9,failure,0,7.1592919047975645
42,technician,married,secondary,no,2152,no,no,cellular,1,jul,113,2,93,4,failure,0,7.674617497364363
32,management,single,tertiary,no,12569,no,no,cellular,1,jul,561,2,295,2,success,1,9.439068301584292
63,retired,married,secondary,no,2896,no,no,cellular,1,jul,304,1,119,2,success,1,7.9714309977693505
19,student,single,secondary,no,526,no,no,cellular,1,jul,174,1,199,3,failure,0,6.267200548541362
29,self-employed,single,tertiary,no,805,no,no,cellular,1,jul,302,2,128,8,success,0,6.692083742506628
35,blue-collar,married,secondary,no,262,no,no,cellular,2,jul,96,2,109,4,success,0,5.572154032177765
67,retired,married,tertiary,no,1948,no,no,cellular,2,jul,844,2,155,5,success,0,7.575071699507561
45,management,married,secondary,no,2897,no,no,cellular,2,jul,301,2,88,5,failure,0,7.971776122880628
39,management,divorced,tertiary,no,224,no,no,cellular,2,jul,194,2,88,1,success,1,5.41610040220442
32,student,single,secondary,no,61,no,yes,cellular,5,jul,178,3,515,7,failure,0,4.127134385045092
30,technician,single,tertiary,no,0,yes,no,cellular,5,jul,140,1,424,8,success,1,0.0
32,management,single,tertiary,no,623,no,no,cellular,6,jul,335,3,194,2,failure,1,6.436150368369428
50,technician,married,tertiary,no,0,no,yes,cellular,6,jul,257,1,85,7,failure,0,0.0
60,technician,married,secondary,no,259,no,no,cellular,6,jul,396,1,386,2,success,1,5.560681631015528
37,technician,married,secondary,no,432,yes,no,cellular,6,jul,386,3,776,55,failure,1,6.07073772800249
43,technician,married,secondary,no,69,yes,yes,cellular,7,jul,156,1,260,2,failure,0,4.248495242049359
48,management,single,tertiary,no,159,no,no,telephone,7,jul,229,1,251,6,success,1,5.075173815233827
52,services,married,secondary,no,657,no,no,telephone,7,jul,398,2,460,2,failure,1,6.489204931325317
29,management,single,tertiary,no,1808,no,no,cellular,7,jul,273,2,433,1,success,1,7.500529485395295
42,management,married,tertiary,no,298,no,no,cellular,8,jul,214,4,115,6,failure,0,5.700443573390687
47,management,single,tertiary,no,6651,no,no,cellular,8,jul,229,1,412,2,failure,1,8.802672840312818
70,retired,married,primary,no,2795,no,no,cellular,8,jul,480,1,181,2,success,1,7.935945103353701
28,management,single,tertiary,yes,1414,yes,no,cellular,8,jul,294,1,521,1,failure,1,7.254884810077338
70,retired,divorced,secondary,no,4572,no,no,cellular,8,jul,173,11,162,5,failure,0,8.427924723658055
31,self-employed,married,tertiary,no,2666,no,no,telephone,8,jul,411,2,148,9,other,1,7.888709524182015
80,retired,married,secondary,no,668,no,no,telephone,8,jul,250,1,371,1,success,1,6.505784060128229
29,management,single,tertiary,no,502,no,no,cellular,8,jul,968,1,87,5,failure,1,6.220590170099739
29,admin.,single,secondary,no,1992,no,no,cellular,8,jul,202,1,87,2,failure,0,7.597396320212795
59,management,married,secondary,no,111,no,no,telephone,8,jul,312,2,381,3,failure,0,4.718498871295094
38,admin.,married,secondary,no,1767,yes,no,cellular,9,jul,483,4,239,7,success,1,7.477604243197589
36,technician,single,secondary,no,966,no,no,cellular,9,jul,119,9,367,4,other,0,6.874198495453294
43,self-employed,married,tertiary,no,2501,no,no,cellular,9,jul,582,2,161,4,failure,0,7.824845691026856
29,management,single,secondary,no,966,no,no,cellular,9,jul,1185,1,396,2,other,0,6.874198495453294
26,student,single,secondary,no,1164,no,no,cellular,9,jul,116,1,301,1,other,0,7.060476365999801
74,retired,married,primary,no,5539,no,no,cellular,12,jul,390,2,159,3,failure,0,8.61974977974133
27,unemployed,single,tertiary,no,77,no,no,cellular,12,jul,305,4,77,1,success,0,4.356708826689592
35,self-employed,married,tertiary,no,2427,no,no,cellular,12,jul,210,3,158,7,other,1,7.794823152179389
50,entrepreneur,divorced,tertiary,no,315,no,no,cellular,12,jul,101,2,185,2,failure,0,5.755742213586912
27,management,single,secondary,no,843,no,no,cellular,12,jul,123,2,185,1,success,0,6.738152494595957
43,admin.,single,secondary,no,386,no,no,cellular,12,jul,220,3,529,1,failure,1,5.958424693029782
20,student,single,primary,no,134,no,no,cellular,12,jul,273,1,277,3,other,0,4.90527477843843
29,services,single,secondary,no,102,no,no,cellular,12,jul,154,1,182,5,failure,0,4.634728988229636
57,retired,married,secondary,no,1044,no,no,telephone,12,jul,567,1,182,3,success,1,6.951772164398911
36,management,married,tertiary,no,93,no,no,cellular,12,jul,262,2,182,7,failure,1,4.543294782270004
31,management,single,tertiary,no,2907,yes,no,cellular,12,jul,248,1,194,3,failure,1,7.97522083865341
72,admin.,married,primary,no,2321,no,no,cellular,12,jul,200,6,122,6,other,0,7.7501841622578365
47,admin.,single,secondary,no,3696,no,no,cellular,12,jul,250,2,181,4,success,1,8.215276958936633
80,retired,married,primary,no,1468,no,no,cellular,13,jul,256,2,181,3,success,0,7.292337176173877
30,student,single,secondary,no,459,no,no,cellular,13,jul,98,2,210,22,success,0,6.131226489483141
25,blue-collar,single,secondary,no,1857,yes,no,cellular,13,jul,195,2,91,10,success,1,7.527255919373784
33,management,single,tertiary,no,1962,no,no,cellular,13,jul,363,1,181,1,failure,1,7.5822291942764615
29,self-employed,single,tertiary,no,1579,no,no,cellular,13,jul,178,1,181,4,success,1,7.365180126021013
79,retired,divorced,primary,no,2787,no,no,telephone,13,jul,617,1,377,1,success,1,7.933079771880415
24,student,single,secondary,no,1123,no,no,cellular,13,jul,475,1,412,1,other,1,7.024649030453636
63,retired,married,tertiary,no,4692,yes,no,cellular,13,jul,88,1,181,2,failure,0,8.453827315794417
38,self-employed,divorced,tertiary,no,6447,no,no,cellular,13,jul,316,3,182,1,failure,0,8.771525284186465
31,unemployed,married,tertiary,no,330,no,no,cellular,13,jul,309,1,181,3,success,1,5.802118375377063
22,student,single,secondary,no,71,no,no,cellular,13,jul,337,1,181,2,success,1,4.276666119016055
40,management,married,tertiary,no,4539,no,no,cellular,13,jul,256,3,439,1,failure,1,8.420682291035394
31,technician,married,tertiary,no,2166,no,no,cellular,13,jul,577,6,182,2,success,1,7.681099001536359
26,blue-collar,single,secondary,no,2007,no,no,cellular,13,jul,272,3,182,2,success,1,7.60489448081162
51,management,married,tertiary,no,3463,no,yes,cellular,13,jul,371,2,166,3,other,1,8.150179269682326
70,retired,divorced,primary,no,482,no,no,telephone,14,jul,413,1,181,3,success,1,6.180016653652572
24,student,single,primary,no,1235,no,no,cellular,14,jul,334,4,93,6,other,1,7.119635638017636
53,technician,married,primary,no,6181,no,no,cellular,14,jul,817,2,209,3,other,1,8.729397122692061
86,retired,married,primary,no,1255,no,no,telephone,14,jul,247,1,180,3,success,1,7.135687347028144
30,blue-collar,single,secondary,no,180,no,no,cellular,14,jul,203,1,183,2,failure,0,5.198497031265826
35,management,married,secondary,no,724,yes,no,cellular,14,jul,287,2,415,1,failure,1,6.586171654854675
28,student,single,secondary,no,205,no,no,cellular,14,jul,87,3,184,2,other,1,5.327876168789581
66,retired,married,secondary,no,154,no,no,cellular,15,jul,268,5,181,2,failure,1,5.043425116919247
36,blue-collar,single,tertiary,no,1830,no,no,cellular,15,jul,185,5,181,6,failure,0,7.5126175446745105
30,management,single,tertiary,no,232,no,no,cellular,15,jul,219,1,91,1,success,1,5.4510384535657
60,retired,divorced,tertiary,no,979,yes,no,cellular,15,jul,346,1,181,4,success,1,6.887552571664617
46,admin.,married,secondary,no,5021,no,no,cellular,15,jul,957,1,182,1,success,1,8.52158353971753
47,admin.,married,secondary,no,3676,no,no,cellular,15,jul,415,2,342,1,other,1,8.209852481301272
31,technician,single,secondary,no,2544,no,no,cellular,15,jul,252,1,184,3,success,1,7.841885928984623
66,retired,married,primary,no,2173,no,no,cellular,15,jul,178,1,181,5,failure,0,7.684324067681155
64,housemaid,married,primary,no,768,no,no,cellular,15,jul,250,2,182,1,success,0,6.645090969505644
63,blue-collar,married,secondary,no,180,no,no,cellular,15,jul,390,2,182,5,success,1,5.198497031265826
42,unemployed,married,secondary,no,1289,no,no,cellular,15,jul,250,4,415,2,failure,1,7.162397497355718
57,blue-collar,married,primary,no,3498,no,no,cellular,15,jul,210,2,456,2,success,0,8.160232492367689
29,student,single,secondary,no,658,no,no,cellular,15,jul,198,2,244,4,other,1,6.490723534502507
61,retired,married,secondary,no,938,no,no,cellular,15,jul,392,2,183,3,success,1,6.844815479208263
60,services,single,secondary,no,739,no,no,cellular,15,jul,261,1,182,1,success,0,6.606650186198215
35,services,married,secondary,no,2918,no,yes,cellular,16,jul,815,2,407,3,success,1,7.978996370854115
38,admin.,single,secondary,no,4803,no,no,cellular,16,jul,129,2,182,2,success,0,8.477204183199873
58,management,married,tertiary,no,1318,no,no,cellular,16,jul,184,1,179,5,failure,0,7.1846291527173145
43,unemployed,married,tertiary,no,0,no,no,cellular,16,jul,745,1,281,1,failure,1,0.0
64,retired,married,secondary,no,588,no,no,cellular,16,jul,574,1,179,3,success,1,6.3784261836515865
22,student,single,primary,no,423,no,no,cellular,16,jul,316,1,179,10,success,1,6.049733455231958
52,technician,married,tertiary,no,2506,no,no,cellular,16,jul,377,1,228,3,failure,0,7.826842098158293
37,management,married,tertiary,no,0,no,no,cellular,16,jul,268,2,182,3,success,1,0.0
48,unemployed,married,secondary,no,817,no,no,cellular,16,jul,806,3,183,5,success,1,6.706862336602747
36,management,divorced,tertiary,no,649,no,no,cellular,16,jul,237,2,91,1,failure,0,6.476972362889683
42,management,divorced,tertiary,no,5037,no,no,cellular,16,jul,100,6,84,14,success,0,8.524764456912555
33,technician,married,secondary,no,183,no,no,cellular,16,jul,457,2,182,3,other,1,5.214935757608986
51,admin.,married,secondary,no,423,yes,yes,cellular,16,jul,84,5,183,2,failure,0,6.049733455231958
39,blue-collar,married,secondary,no,2467,no,no,cellular,19,jul,207,2,276,3,other,1,7.811163385025279
34,technician,married,secondary,no,806,no,no,cellular,19,jul,253,3,458,1,success,1,6.693323668269949
46,technician,married,secondary,no,9299,no,no,cellular,19,jul,1148,1,276,2,other,1,9.137769679141348
58,blue-collar,divorced,primary,no,1299,no,no,cellular,19,jul,128,2,234,2,failure,0,7.170119543449628
36,management,divorced,tertiary,no,1057,no,no,cellular,19,jul,230,2,164,2,failure,1,6.964135612418245
44,management,single,tertiary,no,1090,no,no,cellular,19,jul,204,4,532,2,other,1,6.994849985833071
73,retired,married,primary,no,1388,no,no,cellular,20,jul,146,3,190,3,success,0,7.236339342754344
46,blue-collar,married,secondary,no,6879,no,no,cellular,20,jul,296,1,281,2,failure,0,8.836373930927389
57,retired,married,secondary,no,3738,yes,no,cellular,20,jul,178,2,92,8,failure,1,8.226573474977114
35,management,married,tertiary,no,2374,yes,yes,cellular,20,jul,174,2,215,6,other,0,7.772752716468742
29,admin.,single,secondary,no,854,no,no,cellular,20,jul,175,5,95,1,other,0,6.75110146893676
29,admin.,single,secondary,no,1277,no,no,cellular,20,jul,165,2,481,1,success,1,7.15305163493748
29,management,single,tertiary,no,2344,yes,no,cellular,20,jul,288,1,133,2,failure,0,7.76004068088038
27,admin.,single,secondary,no,125,no,no,cellular,21,jul,104,1,288,8,failure,0,4.836281906951478
35,admin.,single,secondary,no,321,no,no,cellular,21,jul,143,1,412,3,other,1,5.7745515455444085
24,student,single,secondary,no,1234,no,no,cellular,21,jul,314,1,156,2,success,1,7.118826249062078
24,admin.,single,secondary,no,1295,no,no,cellular,22,jul,355,2,92,1,success,1,7.16703787691222
34,unemployed,single,tertiary,no,1974,no,no,cellular,22,jul,355,1,342,3,success,1,7.5883236773352225
60,unemployed,married,primary,no,0,no,no,cellular,22,jul,1193,1,412,1,other,1,0.0
27,admin.,married,tertiary,no,2855,no,no,cellular,22,jul,138,2,178,4,success,1,7.957177323459475
34,technician,single,secondary,no,1279,yes,no,cellular,22,jul,174,2,160,8,other,1,7.154615356913663
34,technician,single,secondary,no,1313,no,no,cellular,22,jul,427,2,94,4,failure,0,7.1808311990445555
42,technician,single,secondary,no,631,no,no,telephone,22,jul,171,2,413,3,failure,0,6.448889394146858
36,management,married,tertiary,no,203,no,no,cellular,23,jul,608,3,179,2,success,1,5.318119993844216
35,management,married,tertiary,no,4124,yes,no,cellular,23,jul,350,2,445,7,other,1,8.324821298768782
49,admin.,married,secondary,no,197,yes,no,cellular,23,jul,125,1,101,3,success,0,5.288267030694535
33,management,single,tertiary,no,307,no,no,cellular,23,jul,113,6,179,4,failure,0,5.730099782973574
36,technician,divorced,secondary,no,1451,yes,no,cellular,23,jul,192,4,93,17,other,1,7.280697195384741
30,student,single,tertiary,no,3026,no,no,cellular,23,jul,251,1,535,1,failure,1,8.01532730902172
41,technician,single,tertiary,no,431,no,no,cellular,23,jul,196,1,88,5,failure,1,6.068425588244111
28,student,single,secondary,no,2015,no,no,cellular,26,jul,110,2,182,2,failure,0,7.60887062919126
82,retired,married,primary,no,243,no,no,cellular,26,jul,275,1,180,2,success,1,5.497168225293202
26,student,single,secondary,no,3090,no,no,cellular,26,jul,379,1,339,1,failure,0,8.036249942132116
56,retired,married,secondary,no,393,no,yes,cellular,26,jul,183,1,221,2,failure,1,5.976350909297934
45,blue-collar,single,secondary,no,0,yes,no,cellular,26,jul,768,2,91,5,success,0,0.0
37,technician,married,secondary,no,1707,yes,no,cellular,26,jul,546,2,784,3,failure,1,7.443078374348516
48,management,married,tertiary,no,612,no,no,cellular,26,jul,86,7,292,1,other,0,6.418364935936212
37,management,married,tertiary,no,387,no,no,cellular,26,jul,128,2,419,1,failure,0,5.961005339623274
28,admin.,single,tertiary,no,313,no,yes,cellular,26,jul,461,2,326,4,failure,0,5.749392985908253
32,admin.,single,secondary,no,457,no,no,cellular,26,jul,109,3,455,2,failure,0,6.126869184114185
40,technician,married,secondary,no,0,yes,yes,cellular,26,jul,105,2,172,1,failure,0,0.0
61,self-employed,married,tertiary,no,10861,no,no,cellular,26,jul,336,2,259,3,success,1,9.29302573859479
23,student,single,secondary,no,794,no,no,cellular,26,jul,607,3,171,3,other,1,6.678342114654332
69,retired,married,secondary,no,0,no,no,cellular,27,jul,666,1,90,4,success,1,0.0
33,management,single,tertiary,no,373,no,yes,cellular,27,jul,267,1,180,4,failure,1,5.924255797414532
49,admin.,divorced,secondary,no,1180,no,no,cellular,27,jul,139,2,181,4,success,0,7.074116816197362
31,admin.,single,secondary,no,255,no,no,cellular,27,jul,167,2,181,1,success,0,5.545177444479562
45,technician,married,secondary,no,2776,yes,no,cellular,27,jul,287,2,181,1,success,1,7.9291264873067995
61,retired,married,secondary,no,1058,no,no,cellular,27,jul,218,2,91,3,success,1,6.9650803456014065
41,retired,single,primary,no,2579,no,no,cellular,27,jul,235,1,287,1,failure,0,7.855544677915663
40,admin.,married,secondary,no,0,no,no,cellular,28,jul,496,2,182,11,success,1,0.0
55,technician,married,tertiary,no,1320,no,no,cellular,28,jul,340,1,91,2,success,1,7.186144304522325
39,unemployed,married,primary,no,7005,yes,no,cellular,28,jul,429,2,184,3,success,1,8.854522203757432
82,housemaid,divorced,primary,no,1381,no,no,cellular,28,jul,844,5,181,4,failure,1,7.231287004327616
31,management,single,tertiary,no,725,yes,no,cellular,28,jul,211,1,92,2,failure,0,6.587550014824796
22,unemployed,single,tertiary,no,993,no,no,cellular,28,jul,115,3,93,1,other,1,6.901737206656574
27,student,single,tertiary,no,311,no,no,cellular,28,jul,462,1,148,4,success,1,5.7430031878094825
32,admin.,married,secondary,no,389,yes,no,cellular,28,jul,129,3,233,3,failure,0,5.966146739123692
53,blue-collar,married,primary,no,306,no,no,cellular,28,jul,388,3,181,1,success,1,5.726847747587197
54,management,married,tertiary,no,752,no,no,telephone,29,jul,211,5,491,4,other,1,6.6240652277998935
53,technician,married,tertiary,no,2557,no,no,cellular,29,jul,95,4,182,7,success,0,7.846980982138788
57,technician,married,tertiary,no,1181,no,no,cellular,29,jul,169,2,182,2,success,1,7.074963197966044
31,management,single,tertiary,no,1761,yes,no,telephone,29,jul,332,3,440,3,failure,1,7.474204806496124
35,unemployed,single,tertiary,no,154,no,no,cellular,29,jul,200,4,181,2,failure,1,5.043425116919247
77,retired,married,secondary,no,4112,no,no,telephone,29,jul,426,1,184,3,success,1,8.321907968230423
32,management,married,tertiary,no,6138,no,no,cellular,29,jul,519,2,90,9,failure,1,8.722417141427496
69,retired,single,tertiary,no,2144,no,no,cellular,29,jul,417,1,184,4,success,1,7.6708948313621175
69,technician,married,tertiary,no,482,no,no,cellular,29,jul,478,1,267,1,failure,1,6.180016653652572
35,management,single,tertiary,no,2187,yes,no,cellular,29,jul,229,1,174,13,other,0,7.690743163541872
47,management,divorced,tertiary,no,-130,yes,no,cellular,30,jul,221,4,431,5,other,0,0.0
30,admin.,single,tertiary,no,8,no,yes,cellular,30,jul,76,2,150,1,failure,0,2.1972245773362196
28,admin.,single,secondary,no,261,yes,yes,cellular,30,jul,269,7,182,9,success,0,5.568344503761097
34,admin.,married,tertiary,no,0,no,no,cellular,30,jul,292,1,183,2,success,1,0.0
71,technician,married,secondary,no,3020,no,no,telephone,30,jul,304,1,270,3,failure,1,8.013343181386672
45,management,single,tertiary,no,4831,no,no,cellular,30,jul,852,3,182,11,success,1,8.48301573961465
64,retired,married,primary,no,12067,no,no,telephone,30,jul,367,2,92,2,success,1,9.398312600278953
35,technician,single,secondary,no,1227,no,no,cellular,30,jul,1005,5,134,10,success,1,7.113142108707088
36,admin.,single,tertiary,no,980,no,no,cellular,30,jul,156,3,179,4,failure,0,6.8885724595653635
27,technician,single,secondary,no,842,no,no,cellular,30,jul,273,1,91,1,other,0,6.736966958001855
35,self-employed,married,tertiary,no,980,no,no,cellular,2,aug,428,2,336,6,failure,0,6.8885724595653635
33,management,married,tertiary,no,643,no,no,cellular,2,aug,203,3,94,1,other,0,6.467698726104354
26,technician,single,secondary,no,1873,no,no,cellular,2,aug,1013,3,276,2,other,0,7.535830462798367
34,management,single,tertiary,no,275,no,no,cellular,2,aug,196,2,455,23,other,1,5.62040086571715
34,management,married,secondary,no,369,no,no,cellular,2,aug,868,3,342,4,failure,1,5.91350300563827
32,technician,single,tertiary,no,388,no,no,cellular,2,aug,100,8,95,3,success,0,5.963579343618446
53,admin.,single,secondary,no,2398,yes,no,cellular,2,aug,317,1,180,2,failure,1,7.782807262839695
63,management,married,tertiary,no,2785,no,no,cellular,2,aug,341,2,392,3,success,1,7.932362154339751
32,unemployed,single,secondary,no,8304,no,no,cellular,2,aug,486,1,286,2,failure,0,9.024613022047395
24,student,single,secondary,no,867,no,no,cellular,2,aug,135,7,108,8,other,0,6.7661917146603505
33,management,married,tertiary,no,7154,no,no,cellular,2,aug,153,4,129,4,other,0,8.875566691990551
38,technician,single,tertiary,no,1727,no,no,telephone,2,aug,141,2,185,6,other,0,7.454719949364001
37,management,single,tertiary,no,62,yes,no,cellular,2,aug,428,2,272,8,success,1,4.143134726391533
30,student,single,secondary,no,3096,no,no,cellular,2,aug,226,3,188,1,failure,0,8.038189179973203
29,student,single,secondary,no,1377,yes,no,cellular,3,aug,248,1,446,2,success,1,7.228388451573604
34,admin.,married,tertiary,no,0,yes,yes,cellular,3,aug,108,2,180,7,failure,0,0.0
62,retired,married,secondary,no,569,no,no,cellular,3,aug,187,2,180,6,success,1,6.345636360828596
34,technician,married,secondary,no,0,yes,no,cellular,3,aug,261,1,470,2,failure,1,0.0
56,services,married,secondary,no,1989,no,no,cellular,3,aug,279,4,181,4,success,1,7.595889917718538
48,housemaid,single,primary,no,46,no,no,cellular,3,aug,113,2,180,1,failure,1,3.8501476017100584
33,technician,married,secondary,no,1026,no,no,cellular,3,aug,326,2,340,3,failure,0,6.934397209928558
68,retired,married,tertiary,no,2812,no,no,cellular,3,aug,392,4,181,3,success,1,7.9420068084898565
60,housemaid,married,secondary,no,0,no,no,telephone,3,aug,676,2,181,5,failure,1,0.0
34,admin.,married,tertiary,no,69,no,yes,cellular,3,aug,263,3,251,3,success,1,4.248495242049359
43,blue-collar,married,primary,no,2952,no,no,cellular,3,aug,417,2,95,1,other,1,7.990576881743923
62,retired,married,secondary,no,569,no,no,cellular,4,aug,288,1,1,8,success,1,6.345636360828596
29,management,married,tertiary,no,198,yes,no,cellular,4,aug,453,1,1,1,failure,0,5.293304824724492
68,retired,married,tertiary,no,2812,no,no,cellular,4,aug,651,1,1,7,success,1,7.9420068084898565
38,management,married,tertiary,no,1199,no,no,cellular,4,aug,178,1,1,1,success,1,7.090076835776092
63,entrepreneur,married,secondary,no,3904,no,no,telephone,4,aug,250,2,187,2,success,1,8.270013062273787
30,services,single,tertiary,no,1788,no,no,cellular,4,aug,288,1,181,2,failure,1,7.489412083508719
45,admin.,married,secondary,no,205,no,no,cellular,4,aug,180,1,92,3,success,1,5.327876168789581
59,unemployed,married,secondary,no,1625,no,no,cellular,4,aug,198,1,180,2,success,1,7.3938782901077555
38,management,married,tertiary,no,238,no,no,cellular,4,aug,139,1,92,3,failure,1,5.476463551931511
33,technician,married,secondary,no,1026,no,no,cellular,4,aug,87,1,1,5,failure,0,6.934397209928558
49,blue-collar,married,secondary,no,1730,yes,no,cellular,4,aug,605,2,92,4,success,1,7.456454555176209
80,retired,married,secondary,no,2354,no,no,telephone,4,aug,199,2,181,3,success,0,7.764296006450518
30,housemaid,single,tertiary,no,19,no,no,cellular,4,aug,139,1,92,5,success,1,2.995732273553991
35,management,single,tertiary,no,747,no,no,cellular,4,aug,91,1,1,6,other,0,6.617402977974478
35,unemployed,single,tertiary,no,415,no,no,cellular,4,aug,462,1,92,4,success,1,6.030685260261263
32,management,married,tertiary,no,1812,no,no,cellular,4,aug,296,1,182,4,other,1,7.502738210754851
60,housemaid,married,secondary,no,0,no,no,telephone,4,aug,153,1,1,7,success,0,0.0
30,admin.,single,secondary,no,3528,no,no,cellular,4,aug,250,1,92,2,failure,1,8.16876982367527
42,admin.,married,secondary,no,641,no,no,cellular,4,aug,111,1,1,1,other,0,6.464588303689961
33,technician,married,secondary,no,180,no,no,cellular,4,aug,561,1,435,3,failure,1,5.198497031265826
48,housemaid,single,primary,no,46,no,no,cellular,4,aug,118,1,1,3,success,1,3.8501476017100584
38,services,married,secondary,no,4017,no,no,cellular,4,aug,470,1,96,3,success,1,8.29853954537488
34,admin.,married,tertiary,no,69,no,yes,cellular,4,aug,120,3,1,6,success,1,4.248495242049359
42,management,married,tertiary,no,372,yes,no,cellular,4,aug,153,3,1,2,success,1,5.921578419643816
36,management,married,tertiary,no,1133,yes,no,cellular,4,aug,293,1,181,2,other,1,7.033506484287697
50,management,married,tertiary,no,2881,no,no,cellular,5,aug,510,2,2,5,other,0,7.966239776559467
34,technician,married,secondary,no,0,yes,no,cellular,5,aug,231,2,2,3,success,1,0.0
34,management,married,tertiary,no,1778,no,no,cellular,5,aug,329,2,181,4,failure,0,7.483806687665835
60,services,married,secondary,no,4428,no,no,cellular,5,aug,382,1,97,5,other,0,8.395929103923198
34,admin.,married,tertiary,no,79,yes,no,cellular,5,aug,203,1,92,5,success,1,4.382026634673881
29,management,single,tertiary,no,437,no,no,cellular,5,aug,504,1,92,1,success,1,6.082218910376446
38,technician,married,secondary,no,318,no,no,cellular,5,aug,274,1,182,6,success,1,5.765191102784844
53,management,married,tertiary,no,18931,no,no,cellular,5,aug,224,1,86,23,other,0,9.848608891026139
41,technician,single,tertiary,no,1646,yes,no,cellular,5,aug,172,3,92,8,success,1,7.4067107301776405
38,admin.,single,secondary,no,115,no,no,cellular,5,aug,250,3,182,10,failure,0,4.7535901911063645
45,blue-collar,single,secondary,no,0,no,no,cellular,5,aug,374,2,472,1,success,1,0.0
53,management,married,tertiary,no,3591,yes,no,cellular,5,aug,306,2,181,2,other,1,8.18646442942209
56,management,divorced,tertiary,no,2037,no,no,cellular,5,aug,318,1,91,6,failure,1,7.61972421378267
32,management,single,tertiary,no,1077,no,no,cellular,5,aug,200,1,717,4,failure,0,6.982862751468942
33,technician,single,secondary,no,2979,no,no,cellular,5,aug,326,2,437,1,failure,1,7.9996785794994505
34,admin.,divorced,secondary,no,661,yes,no,cellular,5,aug,245,2,183,10,failure,1,6.495265555937008
34,management,single,tertiary,no,417,yes,no,cellular,5,aug,270,1,174,15,failure,1,6.035481432524756
37,management,married,tertiary,no,2283,no,no,cellular,6,aug,303,2,92,4,success,1,7.7336835707759
33,student,married,secondary,no,1536,no,no,cellular,6,aug,258,2,178,4,success,1,7.337587743538596
61,blue-collar,married,primary,no,5,no,no,cellular,6,aug,562,2,94,3,success,1,1.791759469228055
27,technician,single,tertiary,no,401,no,no,cellular,6,aug,218,3,93,2,success,1,5.996452088619021
22,student,single,secondary,no,216,no,no,cellular,6,aug,178,1,179,2,success,1,5.37989735354046
37,management,married,secondary,no,565,no,no,cellular,6,aug,174,1,93,3,failure,1,6.338594078203183
82,retired,divorced,primary,no,0,no,no,cellular,6,aug,381,3,295,1,failure,0,0.0
42,admin.,married,tertiary,no,1536,no,no,cellular,6,aug,140,1,182,4,failure,0,7.337587743538596
45,admin.,married,secondary,no,476,no,no,cellular,6,aug,356,1,364,1,other,1,6.1675164908883415
35,admin.,single,secondary,no,-32,no,yes,cellular,6,aug,366,2,178,9,success,1,0.0
32,student,single,tertiary,no,0,no,no,cellular,6,aug,101,5,3,6,other,0,0.0
31,blue-collar,single,secondary,no,228,no,no,cellular,6,aug,744,1,88,4,other,1,5.43372200355424
37,technician,married,tertiary,no,4596,yes,no,cellular,6,aug,323,1,91,6,failure,0,8.433159195806228
71,retired,married,secondary,no,2064,no,no,cellular,9,aug,370,2,291,1,failure,0,7.632885505395133
79,retired,divorced,secondary,no,631,no,no,telephone,9,aug,440,5,182,3,failure,0,6.448889394146858
52,technician,married,tertiary,no,0,no,no,cellular,9,aug,145,3,94,4,success,0,0.0
60,housemaid,married,primary,no,182,no,no,cellular,9,aug,182,2,95,11,failure,0,5.209486152841421
28,management,single,tertiary,no,6791,no,no,telephone,9,aug,361,1,46,35,failure,0,8.823500727991183
55,services,married,tertiary,no,2877,no,no,cellular,9,aug,305,1,91,2,other,0,7.964850887447313
60,technician,married,secondary,no,824,yes,no,cellular,9,aug,265,1,181,8,success,1,6.715383386334681
66,management,married,tertiary,no,6251,no,no,cellular,10,aug,273,2,356,10,other,0,8.740656691541368
33,management,married,tertiary,no,1514,no,no,cellular,10,aug,447,1,728,2,failure,1,7.323170717943469
53,unemployed,married,secondary,no,94,no,no,cellular,10,aug,493,1,181,14,success,1,4.553876891600541
32,technician,married,secondary,no,473,no,yes,cellular,10,aug,1064,1,95,3,success,1,6.161207321695077
30,technician,single,tertiary,no,2325,no,no,cellular,10,aug,263,1,127,7,failure,1,7.75190533307861
56,technician,divorced,secondary,no,3450,no,no,cellular,10,aug,507,1,181,2,success,1,8.146419323098003
38,entrepreneur,single,secondary,no,2543,no,no,cellular,10,aug,223,1,414,4,failure,1,7.841492924460013
77,retired,married,primary,no,2223,no,no,telephone,10,aug,365,2,187,1,success,0,7.707062655370473
22,self-employed,single,secondary,no,2138,no,yes,cellular,10,aug,164,1,109,2,other,1,7.668093709082406
34,technician,single,secondary,no,2085,no,no,cellular,10,aug,356,3,182,2,success,1,7.643003635560718
29,admin.,single,secondary,no,464,no,no,cellular,10,aug,317,2,518,1,failure,1,6.142037405587356
61,retired,married,secondary,no,1853,no,no,telephone,10,aug,520,1,181,2,success,1,7.5251007461258
62,blue-collar,married,secondary,no,272,no,no,cellular,11,aug,146,1,286,2,failure,1,5.60947179518496
55,technician,married,secondary,no,10185,no,no,cellular,11,aug,248,1,180,4,success,0,9.22876950744455
65,entrepreneur,married,tertiary,no,2331,no,no,telephone,11,aug,425,1,183,2,success,1,7.754481547470383
70,retired,married,primary,no,324,no,no,cellular,11,aug,632,1,308,6,other,1,5.783825182329737
60,technician,married,secondary,no,116,no,no,cellular,11,aug,329,2,181,8,success,1,4.762173934797756
30,student,single,secondary,no,1779,no,no,cellular,11,aug,233,1,433,1,success,1,7.484368643286131
51,management,married,tertiary,no,346,no,no,cellular,11,aug,237,1,180,6,success,1,5.849324779946859
36,self-employed,single,tertiary,no,353,no,no,cellular,11,aug,361,2,181,2,success,1,5.869296913133774
42,management,married,tertiary,no,27696,no,no,cellular,11,aug,370,1,91,7,success,1,10.229079383061112
58,management,married,secondary,no,2155,no,yes,cellular,11,aug,248,2,182,7,success,1,7.6760099320288875
35,admin.,married,secondary,no,2374,yes,no,cellular,11,aug,765,2,183,5,success,1,7.772752716468742
35,technician,single,secondary,no,920,yes,no,cellular,11,aug,159,2,286,6,failure,0,6.825460036255307
35,technician,married,tertiary,no,7050,no,no,cellular,11,aug,222,3,182,4,success,1,8.860924729719041
43,blue-collar,married,secondary,no,413,yes,no,cellular,12,aug,235,2,182,4,success,1,6.025865973825314
34,technician,single,secondary,no,1313,no,no,cellular,12,aug,176,1,21,6,failure,0,7.1808311990445555
77,retired,married,primary,no,2590,no,no,telephone,12,aug,345,1,178,20,failure,1,7.85979918056211
34,blue-collar,married,secondary,no,320,yes,no,cellular,12,aug,352,1,828,2,failure,1,5.771441123130016
35,blue-collar,married,secondary,no,1454,yes,no,cellular,12,aug,323,1,182,4,success,1,7.282761179605593
39,blue-collar,married,secondary,no,1382,yes,no,cellular,12,aug,357,1,182,2,success,1,7.232010331664759
75,retired,married,secondary,no,291,no,no,cellular,12,aug,350,1,182,2,success,1,5.676753802268282
29,management,single,tertiary,no,266,no,no,cellular,12,aug,176,1,185,1,failure,0,5.58724865840025
35,self-employed,married,tertiary,no,2427,no,no,cellular,12,aug,175,3,31,10,success,1,7.794823152179389
48,unemployed,married,secondary,no,926,no,no,cellular,12,aug,504,2,178,10,success,1,6.831953565565855
26,unemployed,single,secondary,no,632,no,no,cellular,12,aug,312,3,181,1,success,1,6.450470422144176
44,management,married,tertiary,no,1791,no,no,telephone,12,aug,201,1,182,2,success,1,7.491087593534876
49,services,married,primary,no,1830,yes,no,cellular,13,aug,261,1,179,1,success,1,7.5126175446745105
42,admin.,divorced,secondary,no,2129,no,no,cellular,13,aug,633,1,182,2,other,1,7.6638772587034705
50,technician,divorced,secondary,no,0,yes,no,cellular,13,aug,120,2,91,6,failure,0,0.0
58,admin.,married,secondary,no,169,no,no,cellular,13,aug,880,1,92,8,success,1,5.135798437050262
45,management,married,tertiary,no,226,yes,no,cellular,13,aug,177,6,179,10,success,1,5.424950017481403
30,technician,single,secondary,no,0,no,no,cellular,13,aug,173,4,562,1,failure,0,0.0
37,technician,married,tertiary,no,341,no,no,cellular,13,aug,287,3,182,3,success,1,5.834810737062605
35,management,divorced,tertiary,no,2885,no,no,cellular,13,aug,199,3,43,8,other,1,7.9676267393338165
28,admin.,single,secondary,no,1408,no,no,cellular,13,aug,166,1,78,2,failure,0,7.25063551189868
61,retired,married,secondary,no,523,no,no,cellular,13,aug,211,3,183,4,success,1,6.261491684321042
39,admin.,married,secondary,no,47,yes,no,cellular,16,aug,143,2,371,6,failure,0,3.871201010907891
30,admin.,single,secondary,no,125,yes,no,cellular,16,aug,140,3,116,1,other,0,4.836281906951478
60,services,married,tertiary,no,4256,yes,no,cellular,16,aug,239,3,761,1,other,1,8.356319965828153
29,technician,single,secondary,no,113,no,no,cellular,16,aug,159,2,185,6,success,0,4.736198448394496
33,technician,married,secondary,no,484,yes,no,cellular,16,aug,205,3,182,9,success,1,6.184148890937483
25,services,single,secondary,no,199,no,no,cellular,16,aug,111,2,95,3,other,0,5.298317366548036
29,management,single,tertiary,no,1673,no,no,cellular,16,aug,200,2,159,3,other,0,7.422971251049421
27,blue-collar,single,secondary,no,535,no,no,cellular,16,aug,265,3,95,4,success,1,6.284134161070802
24,student,single,tertiary,no,1592,no,no,cellular,16,aug,98,3,111,5,other,0,7.373374309910049
37,management,single,tertiary,no,688,no,no,cellular,18,aug,95,3,174,5,failure,0,6.535241271013659
61,retired,married,tertiary,no,5267,no,no,cellular,18,aug,212,7,188,3,success,0,8.569406062863171
24,student,single,secondary,no,431,no,no,cellular,19,aug,418,11,185,5,success,1,6.068425588244111
32,student,single,secondary,no,14,no,no,cellular,19,aug,144,3,136,1,other,0,2.70805020110221
61,blue-collar,married,secondary,no,681,yes,no,telephone,19,aug,173,6,492,2,failure,0,6.525029657843462
34,technician,single,tertiary,no,2481,no,no,cellular,23,aug,220,16,192,14,other,0,7.8168199657645525
36,management,married,tertiary,no,5367,no,no,cellular,31,aug,324,1,455,2,failure,0,8.588210678651517
55,unemployed,married,primary,no,1212,no,no,cellular,31,aug,241,1,92,1,failure,0,7.10085190894405
36,admin.,single,tertiary,no,364,no,yes,cellular,31,aug,185,1,123,1,failure,1,5.8998973535824915
61,housemaid,married,primary,no,211,no,no,cellular,31,aug,443,2,186,3,failure,1,5.356586274672012
52,self-employed,married,tertiary,no,4012,no,no,cellular,31,aug,634,3,92,5,other,1,8.297294370266917
62,unemployed,married,primary,no,532,no,no,cellular,31,aug,298,2,300,1,other,0,6.278521424165844
60,management,married,tertiary,no,474,no,no,cellular,31,aug,415,5,186,3,other,1,6.163314804034641
69,technician,married,secondary,no,2661,no,no,cellular,1,sep,925,1,187,3,other,0,7.8868329989550565
36,management,single,tertiary,no,671,yes,no,cellular,1,sep,161,1,457,2,failure,0,6.51025834052315
60,management,married,tertiary,no,315,no,no,cellular,1,sep,840,1,183,3,success,1,5.755742213586912
32,admin.,married,secondary,no,200,no,no,cellular,1,sep,729,1,29,3,failure,1,5.303304908059076
34,management,married,tertiary,no,589,no,no,cellular,1,sep,300,1,44,3,other,1,6.380122536899765
34,management,married,tertiary,no,1388,yes,no,cellular,1,sep,222,1,93,4,failure,0,7.236339342754344
31,services,single,secondary,no,-205,no,no,cellular,1,sep,481,1,579,1,failure,1,0.0
28,blue-collar,single,secondary,no,-46,yes,no,cellular,1,sep,199,1,92,14,success,1,0.0
55,admin.,married,secondary,no,8304,no,no,cellular,1,sep,193,1,92,1,success,1,9.024613022047395
65,retired,divorced,primary,no,1840,no,no,cellular,1,sep,191,2,92,7,failure,0,7.518064181233078
77,retired,married,primary,no,1492,no,no,telephone,1,sep,663,1,208,2,other,0,7.30854279753919
37,management,married,tertiary,no,1113,no,no,cellular,1,sep,265,2,183,2,success,1,7.01571242048723
45,services,divorced,primary,no,523,no,no,telephone,1,sep,380,4,371,4,other,0,6.261491684321042
29,blue-collar,married,secondary,no,3310,no,no,cellular,1,sep,367,1,91,4,failure,0,8.105005537547246
33,admin.,single,tertiary,no,272,yes,no,cellular,1,sep,293,2,92,3,success,1,5.60947179518496
75,retired,married,primary,no,1413,no,no,cellular,1,sep,532,2,188,2,success,1,7.254177846456518
59,management,married,tertiary,no,4606,no,no,telephone,1,sep,194,2,189,2,failure,0,8.435332164935916
22,services,single,secondary,no,361,no,no,telephone,1,sep,232,1,86,6,failure,0,5.8916442118257715
32,student,single,secondary,no,5836,no,no,cellular,2,sep,281,2,493,2,failure,0,8.671972245203792
53,blue-collar,married,secondary,no,1797,yes,no,cellular,2,sep,128,3,94,5,other,0,7.494430215031565
27,technician,single,tertiary,no,1075,no,no,cellular,2,sep,529,2,184,1,success,1,6.98100574072173
62,management,married,secondary,no,1128,no,no,cellular,2,sep,236,1,290,3,other,1,7.029087564149662
38,management,married,tertiary,no,630,no,no,cellular,2,sep,362,1,388,3,other,1,6.447305862541213
31,management,single,tertiary,no,1675,no,no,cellular,2,sep,114,2,363,1,failure,0,7.424165281042028
35,technician,married,secondary,no,294,yes,no,cellular,2,sep,97,6,79,11,failure,0,5.68697535633982
37,admin.,single,tertiary,no,635,no,no,cellular,2,sep,238,1,464,2,failure,0,6.455198563340122
41,unemployed,single,tertiary,no,7968,no,no,cellular,2,sep,404,1,184,4,success,1,8.983314293397749
25,student,single,secondary,no,154,no,no,cellular,2,sep,382,1,183,3,success,1,5.043425116919247
25,technician,single,secondary,no,1298,no,no,cellular,2,sep,206,7,94,2,other,0,7.1693500166706
48,management,married,tertiary,no,1204,no,no,cellular,3,sep,116,2,760,1,other,0,7.094234845924755
32,services,single,tertiary,no,620,no,no,cellular,3,sep,110,6,95,5,other,0,6.431331081933479
27,student,single,tertiary,no,5169,yes,no,cellular,3,sep,431,1,466,3,success,1,8.550627967502475
32,management,married,tertiary,no,6138,no,no,cellular,3,sep,251,3,36,11,success,0,8.722417141427496
49,admin.,single,tertiary,no,228,yes,no,cellular,3,sep,252,2,93,2,success,1,5.43372200355424
39,services,single,secondary,no,91,no,no,cellular,3,sep,213,1,185,1,success,1,4.5217885770490405
57,retired,married,primary,no,1947,no,no,cellular,3,sep,126,1,185,7,success,0,7.5745584842024805
70,retired,divorced,secondary,no,6850,no,no,telephone,3,sep,228,1,182,4,failure,0,8.832149906002899
60,admin.,married,secondary,no,12980,no,no,cellular,3,sep,177,2,182,1,success,0,9.471242028892995
43,technician,married,secondary,no,4945,yes,no,cellular,3,sep,219,3,185,2,success,1,8.506334448081361
27,self-employed,single,tertiary,no,560,no,no,telephone,3,sep,543,9,465,2,failure,0,6.329720905522696
38,management,single,tertiary,no,1027,yes,no,cellular,6,sep,387,2,188,3,success,0,6.93537044601511
83,housemaid,married,primary,no,2140,no,no,cellular,6,sep,109,3,276,8,other,0,7.669028288589683
48,management,married,tertiary,no,0,yes,no,cellular,6,sep,194,2,125,6,failure,1,0.0
32,entrepreneur,married,secondary,no,390,no,no,cellular,6,sep,440,1,280,1,failure,1,5.968707559985366
43,admin.,single,secondary,no,1707,yes,no,cellular,6,sep,369,3,504,5,other,1,7.443078374348516
65,admin.,married,secondary,no,952,no,no,cellular,6,sep,255,1,96,1,success,1,6.859614903654202
61,admin.,divorced,secondary,no,4519,no,no,cellular,6,sep,145,1,391,11,other,0,8.416267272826277
33,blue-collar,single,secondary,no,329,no,no,cellular,6,sep,224,1,145,2,other,1,5.799092654460526
34,technician,married,secondary,no,384,yes,no,cellular,6,sep,127,2,831,1,other,0,5.953243334287785
34,admin.,married,tertiary,no,1636,yes,yes,cellular,6,sep,136,1,521,2,failure,0,7.400620577371135
84,retired,divorced,primary,no,1680,no,no,telephone,6,sep,113,5,97,3,other,0,7.427144133408616
26,technician,single,secondary,no,1105,yes,no,cellular,6,sep,415,1,297,3,other,1,7.00850518208228
37,services,married,secondary,no,52,yes,no,cellular,6,sep,908,1,185,9,success,1,3.970291913552122
52,management,married,tertiary,no,2635,no,no,cellular,6,sep,313,1,108,8,success,0,7.877017895622398
38,entrepreneur,married,tertiary,no,1649,no,yes,cellular,6,sep,218,2,432,3,success,0,7.408530566894626
26,admin.,single,tertiary,no,760,yes,no,cellular,6,sep,164,2,186,7,success,0,6.634633357861686
53,admin.,married,secondary,no,0,no,no,telephone,6,sep,353,1,655,5,failure,0,0.0
27,management,single,tertiary,no,592,no,no,cellular,7,sep,667,1,221,3,failure,0,6.385194398997726
65,retired,married,secondary,no,1220,no,no,cellular,7,sep,127,1,186,2,failure,0,7.107425474110705
37,management,married,tertiary,no,6771,no,no,cellular,7,sep,337,1,186,1,success,1,8.820551743253025
31,technician,married,tertiary,no,3192,yes,no,cellular,7,sep,179,1,186,2,failure,0,8.068716192714781
32,blue-collar,married,primary,no,1644,no,no,cellular,7,sep,492,3,102,5,other,1,7.405495663199472
51,management,single,tertiary,no,151,yes,no,cellular,8,sep,638,1,427,3,success,1,5.0238805208462765
38,admin.,married,secondary,no,0,yes,no,cellular,8,sep,210,1,92,3,success,1,0.0
31,technician,married,tertiary,no,1570,yes,no,cellular,8,sep,213,4,184,5,success,0,7.359467638255621
46,admin.,married,secondary,no,0,yes,no,cellular,8,sep,149,2,187,1,failure,0,0.0
34,management,divorced,tertiary,no,2240,no,no,cellular,8,sep,220,2,184,3,success,1,7.714677473800927
52,management,married,tertiary,no,994,no,no,cellular,8,sep,127,1,370,4,failure,0,6.902742737158593
60,unemployed,married,secondary,no,957,no,no,cellular,8,sep,246,1,184,3,success,1,6.86484777797086
23,student,single,tertiary,no,508,no,no,cellular,8,sep,210,1,92,1,failure,0,6.2324480165505225
36,management,married,tertiary,no,2161,no,no,cellular,8,sep,708,2,183,5,success,1,7.6787889981991535
80,retired,married,secondary,no,8304,no,no,telephone,8,sep,606,3,91,13,success,1,9.024613022047395
39,management,married,tertiary,no,494,no,no,cellular,9,sep,216,1,183,5,success,1,6.20455776256869
62,retired,married,secondary,no,2801,yes,yes,cellular,9,sep,261,1,183,1,success,1,7.938088726896952
84,retired,married,tertiary,no,4761,no,no,telephone,9,sep,1405,1,92,3,failure,1,8.468423027046809
37,unemployed,married,secondary,no,1978,no,no,cellular,9,sep,404,1,182,1,success,1,7.590346945602565
31,management,married,tertiary,no,877,no,no,cellular,9,sep,209,1,92,8,success,1,6.777646593635117
75,retired,divorced,primary,no,1926,no,no,cellular,9,sep,761,1,93,5,other,0,7.563719668414366
33,unemployed,single,secondary,no,2066,no,yes,cellular,9,sep,305,1,749,2,failure,1,7.633853559681768
33,admin.,single,secondary,no,555,yes,no,cellular,9,sep,204,1,365,1,success,1,6.320768294250582
64,retired,married,primary,no,48,no,no,cellular,9,sep,167,3,92,1,success,1,3.8918202981106265
48,technician,married,primary,no,235,no,no,cellular,9,sep,386,2,191,3,success,1,5.4638318050256105
28,admin.,married,secondary,no,1595,no,no,cellular,9,sep,268,1,254,4,success,1,7.3752557780097545
28,student,single,tertiary,no,5741,no,no,cellular,10,sep,1042,5,200,3,failure,1,8.655562860681009
65,unemployed,divorced,secondary,no,588,no,no,cellular,10,sep,110,4,186,1,success,0,6.3784261836515865
28,management,single,tertiary,no,187,no,no,cellular,10,sep,255,1,93,2,success,1,5.236441962829949
39,technician,single,secondary,no,300,no,no,cellular,10,sep,315,6,394,1,failure,0,5.707110264748875
52,unemployed,married,secondary,no,1416,no,no,cellular,13,sep,218,3,187,3,success,1,7.256297239690681
37,services,single,tertiary,no,1189,no,no,cellular,13,sep,323,9,199,4,other,1,7.081708586105575
47,technician,married,secondary,no,1740,yes,no,cellular,13,sep,502,1,490,1,failure,0,7.462214939768189
25,student,single,secondary,no,486,no,no,cellular,13,sep,273,3,199,4,failure,1,6.18826412308259
31,management,single,tertiary,no,147,no,no,cellular,13,sep,81,3,96,5,success,0,4.997212273764115
62,admin.,married,secondary,no,4608,no,no,cellular,14,sep,706,1,186,1,success,0,8.435766192720509
72,admin.,married,primary,no,2321,no,no,cellular,14,sep,221,2,64,12,failure,1,7.7501841622578365
62,retired,married,tertiary,no,2557,yes,no,cellular,14,sep,211,1,216,7,success,1,7.846980982138788
41,admin.,married,secondary,no,3138,no,no,cellular,14,sep,409,1,398,1,failure,1,8.051659556841953
28,management,single,tertiary,no,1720,no,no,cellular,14,sep,230,1,91,4,success,1,7.450660796211539
68,retired,divorced,primary,no,2027,no,no,cellular,14,sep,404,2,91,4,success,1,7.614805364711073
75,retired,married,primary,no,1765,no,no,telephone,14,sep,808,1,187,4,failure,1,7.476472381163905
74,retired,married,tertiary,no,1843,no,no,cellular,15,sep,251,2,184,3,success,1,7.519692404116539
35,blue-collar,married,secondary,no,262,no,no,cellular,15,sep,331,1,75,6,failure,1,5.572154032177765
88,retired,married,secondary,no,433,no,no,telephone,15,sep,161,1,274,1,failure,0,6.073044534100405
49,management,married,tertiary,no,1093,yes,yes,cellular,15,sep,316,1,246,4,success,1,6.9975959829819265
38,management,married,tertiary,no,1477,no,no,cellular,15,sep,385,3,769,2,failure,1,7.298445101508147
72,retired,married,tertiary,no,3561,no,no,telephone,15,sep,511,3,184,7,success,1,8.178077463849608
31,management,single,tertiary,no,3340,no,no,cellular,15,sep,213,2,469,3,success,1,8.114025442356757
74,retired,divorced,primary,no,2308,no,no,telephone,16,sep,251,2,535,2,success,0,7.744569809354496
49,technician,married,tertiary,no,1071,no,no,cellular,16,sep,225,1,91,1,success,1,6.977281341630747
29,management,married,tertiary,no,247,no,no,cellular,16,sep,143,2,587,3,failure,1,5.5134287461649825
75,retired,divorced,primary,no,852,no,no,cellular,16,sep,228,1,185,1,failure,0,6.748759547491679
61,housemaid,married,primary,no,2580,no,no,cellular,16,sep,270,3,202,7,other,1,7.855932199718614
60,retired,married,secondary,no,975,no,no,cellular,16,sep,303,1,792,1,failure,1,6.883462586413092
37,admin.,married,secondary,no,529,yes,no,cellular,16,sep,234,1,149,2,other,0,6.272877006546167
23,self-employed,single,tertiary,no,780,no,no,cellular,16,sep,393,1,183,3,success,1,6.660575149839686
67,retired,married,secondary,no,2048,no,no,cellular,16,sep,452,5,195,4,other,1,7.6251071482389
41,management,married,tertiary,no,0,no,no,cellular,17,sep,294,4,63,11,other,1,0.0
31,student,single,tertiary,no,4951,no,no,cellular,17,sep,285,3,81,3,failure,1,8.507546814364431
34,management,married,tertiary,no,3301,yes,no,cellular,17,sep,164,5,92,6,success,1,8.102283624480073
37,management,divorced,tertiary,no,488,yes,no,cellular,17,sep,328,1,854,2,failure,1,6.192362489474872
46,management,divorced,tertiary,no,624,no,no,cellular,17,sep,336,2,183,2,success,1,6.437751649736401
44,management,divorced,tertiary,no,2367,no,no,cellular,22,sep,263,1,184,6,success,1,7.769800996003896
23,technician,single,secondary,no,283,yes,no,cellular,22,sep,175,1,184,2,success,1,5.648974238161206
41,technician,married,secondary,no,1819,no,no,cellular,22,sep,397,1,371,3,failure,1,7.506591780070841
70,retired,married,primary,no,3782,no,no,cellular,22,sep,704,2,190,1,failure,0,8.23827262463303
36,management,single,tertiary,no,5958,yes,no,cellular,22,sep,155,1,184,1,success,1,8.69265796074698
60,admin.,married,secondary,no,3735,no,no,cellular,22,sep,183,1,184,11,success,1,8.225770799348734
55,management,married,secondary,no,2693,no,no,cellular,22,sep,182,1,184,7,success,1,7.898782356970309
55,management,divorced,tertiary,no,7010,no,no,cellular,22,sep,155,1,195,2,failure,0,8.855235623206967
43,unemployed,married,secondary,no,0,yes,yes,cellular,23,sep,183,2,184,13,failure,1,0.0
31,housemaid,married,secondary,no,243,yes,no,cellular,23,sep,305,2,842,1,failure,1,5.497168225293202
55,admin.,married,secondary,no,0,no,no,cellular,23,sep,180,2,238,3,success,0,0.0
55,management,divorced,tertiary,no,26306,yes,no,cellular,23,sep,84,1,589,4,failure,0,10.177590342447465
33,management,single,tertiary,no,224,no,no,cellular,23,sep,409,2,92,4,success,1,5.41610040220442
46,management,married,tertiary,no,7485,no,no,cellular,23,sep,145,1,779,2,failure,0,8.920789888464375
29,unemployed,single,secondary,no,1055,no,no,cellular,23,sep,427,1,603,1,failure,1,6.962243464266207
28,admin.,single,tertiary,no,313,no,yes,cellular,23,sep,124,1,59,6,failure,0,5.749392985908253
31,management,single,tertiary,no,2590,no,no,cellular,23,sep,103,2,484,2,other,0,7.85979918056211
59,management,married,tertiary,no,5397,no,no,cellular,23,sep,244,1,92,3,success,1,8.59378379357795
30,technician,single,secondary,no,1532,no,no,cellular,23,sep,447,1,489,6,failure,0,7.334981878871814
35,technician,married,tertiary,no,0,yes,yes,cellular,23,sep,112,1,62,6,other,0,0.0
82,retired,divorced,primary,no,928,no,no,telephone,23,sep,217,2,188,3,other,0,6.834108738813838
34,management,married,tertiary,no,937,no,no,cellular,23,sep,405,1,391,3,failure,0,6.843749949006225
30,self-employed,single,tertiary,no,655,no,no,cellular,23,sep,272,4,184,1,success,1,6.486160788944089
35,admin.,single,secondary,no,303,no,no,cellular,24,sep,173,2,190,10,other,1,5.717027701406222
39,admin.,married,tertiary,no,1322,yes,no,cellular,24,sep,157,3,486,1,other,0,7.187657164114956
36,self-employed,married,tertiary,no,980,no,no,cellular,24,sep,349,2,53,8,failure,0,6.8885724595653635
40,management,single,tertiary,no,3840,yes,no,cellular,24,sep,232,2,409,2,success,1,8.253488028345904
32,blue-collar,single,secondary,no,2093,no,no,cellular,24,sep,224,2,444,1,failure,1,7.646831391430482
38,management,married,tertiary,no,0,no,no,cellular,24,sep,246,12,197,6,failure,0,0.0
49,management,married,tertiary,no,1167,yes,yes,cellular,24,sep,249,1,91,14,success,1,7.0630481633881725
55,services,divorced,secondary,no,0,no,no,cellular,27,sep,262,6,193,4,success,1,0.0
81,retired,divorced,primary,no,949,no,no,cellular,27,sep,188,2,280,1,other,1,6.856461984594587
72,retired,married,primary,no,4657,no,no,cellular,27,sep,132,4,94,16,other,0,8.446341450444287
34,management,married,tertiary,no,812,no,no,cellular,27,sep,156,2,279,1,failure,0,6.70073110954781
31,technician,married,tertiary,no,3338,yes,no,cellular,27,sep,162,2,95,4,failure,0,8.113426639943654
38,services,married,secondary,no,2678,no,no,cellular,28,sep,282,2,187,1,success,1,7.893198869544609
48,management,single,tertiary,no,334,yes,no,cellular,28,sep,600,2,92,12,success,1,5.814130531825066
48,management,divorced,tertiary,no,-130,yes,no,cellular,29,sep,110,2,61,9,failure,0,0.0
61,retired,married,secondary,no,11,no,no,cellular,29,sep,232,1,92,3,success,1,2.4849066497880004
28,management,single,tertiary,no,390,no,no,cellular,29,sep,845,1,232,4,success,1,5.968707559985366
60,admin.,married,secondary,no,4348,yes,no,cellular,1,oct,131,2,98,12,other,0,8.37770121259764
42,technician,married,secondary,no,2152,no,no,cellular,1,oct,161,1,92,6,failure,0,7.674617497364363
31,student,single,secondary,no,3511,no,no,cellular,6,oct,311,1,96,1,success,1,8.163940954755008
39,management,married,tertiary,no,2939,no,no,cellular,6,oct,608,1,99,3,failure,1,7.986164860332727
47,housemaid,single,tertiary,no,3232,no,no,telephone,6,oct,541,1,204,3,failure,0,8.081165777725433
79,retired,divorced,primary,no,336,no,no,cellular,6,oct,386,1,184,1,other,0,5.820082930352362
26,management,single,tertiary,no,1592,no,no,cellular,6,oct,604,2,485,5,other,0,7.373374309910049
28,management,single,tertiary,no,616,yes,no,cellular,7,oct,116,1,503,2,success,0,6.424869023905388
55,admin.,divorced,secondary,no,0,yes,yes,cellular,7,oct,122,1,245,4,failure,0,0.0
36,admin.,single,tertiary,no,5007,yes,no,cellular,8,oct,135,3,331,4,failure,0,8.518791912779934
73,retired,married,secondary,no,2850,no,no,cellular,8,oct,512,1,144,7,failure,0,7.955425088912672
38,admin.,married,secondary,no,5270,no,no,cellular,8,oct,163,1,91,12,other,0,8.569975376855206
51,management,married,tertiary,no,5108,yes,no,cellular,8,oct,272,1,102,8,other,0,8.538758969330798
29,unemployed,married,secondary,no,687,no,no,cellular,8,oct,309,2,88,6,other,0,6.5337888379333435
32,management,single,tertiary,no,3289,no,no,cellular,8,oct,375,2,179,2,failure,0,8.098642843759418
36,technician,single,secondary,no,966,no,no,cellular,8,oct,135,2,91,13,failure,0,6.874198495453294
58,admin.,divorced,secondary,no,3337,yes,no,telephone,8,oct,369,2,690,3,failure,1,8.11312710422178
48,admin.,married,secondary,no,368,no,no,cellular,8,oct,363,2,140,7,success,1,5.910796644040527
28,services,single,secondary,no,1347,no,no,telephone,11,oct,317,2,108,14,other,0,7.206377291472252
70,retired,divorced,secondary,no,4572,no,no,cellular,11,oct,115,2,95,16,failure,0,8.427924723658055
51,entrepreneur,divorced,tertiary,no,315,no,no,cellular,11,oct,291,1,91,4,failure,0,5.755742213586912
48,admin.,married,secondary,no,0,no,yes,cellular,11,oct,195,1,104,5,failure,0,0.0
36,technician,single,secondary,no,12264,no,no,cellular,11,oct,285,1,182,2,success,1,9.41450495669259
67,retired,married,secondary,no,203,no,no,cellular,11,oct,405,1,266,2,success,1,5.318119993844216
39,management,married,tertiary,no,839,no,yes,cellular,11,oct,365,2,774,11,failure,0,6.733401891837359
30,management,single,tertiary,no,502,no,no,cellular,11,oct,463,3,95,6,success,1,6.220590170099739
62,retired,married,secondary,no,2917,no,no,cellular,11,oct,123,2,182,2,failure,0,7.978653729082731
58,admin.,married,secondary,no,3927,no,no,cellular,11,oct,124,3,363,1,failure,0,8.275885669474356
24,student,single,secondary,no,1809,no,no,cellular,11,oct,165,1,95,2,success,1,7.501082124259871
32,admin.,married,secondary,no,1229,no,no,cellular,11,oct,485,1,182,1,success,0,7.114769448366463
46,admin.,married,secondary,no,171,yes,yes,cellular,11,oct,251,1,430,1,failure,0,5.147494476813453
33,management,single,tertiary,no,816,yes,no,cellular,11,oct,383,2,503,2,failure,1,6.705639094860003
42,management,married,tertiary,no,298,no,no,cellular,11,oct,137,3,95,10,failure,0,5.700443573390687
31,management,married,tertiary,no,4328,no,no,cellular,12,oct,203,4,165,14,success,1,8.37309184744198
25,blue-collar,single,secondary,no,1857,yes,no,cellular,12,oct,187,1,91,12,success,1,7.527255919373784
43,admin.,single,secondary,no,386,no,no,cellular,12,oct,242,1,92,4,success,0,5.958424693029782
75,retired,divorced,secondary,no,1092,no,no,telephone,12,oct,250,1,431,2,failure,0,6.996681488176539
33,self-employed,single,tertiary,no,658,yes,no,cellular,12,oct,146,2,183,3,failure,0,6.490723534502507
33,management,single,tertiary,no,131,yes,no,cellular,12,oct,209,3,427,2,failure,1,4.882801922586371
63,management,married,tertiary,no,0,no,no,cellular,12,oct,130,2,182,6,failure,0,0.0
36,management,single,tertiary,no,2646,no,no,cellular,13,oct,169,1,182,10,success,1,7.881182202227102
62,self-employed,divorced,tertiary,no,6,yes,no,cellular,13,oct,216,1,183,4,success,1,1.9459101490553132
29,self-employed,single,tertiary,no,1579,no,no,cellular,13,oct,190,1,92,5,success,1,7.365180126021013
26,blue-collar,single,secondary,no,2007,no,no,cellular,13,oct,194,1,92,5,success,1,7.60489448081162
38,management,married,tertiary,no,413,no,no,cellular,13,oct,252,2,183,3,success,1,6.025865973825314
29,admin.,married,tertiary,no,167,yes,yes,cellular,13,oct,357,2,237,2,failure,0,5.123963979403259
86,retired,married,primary,no,1255,no,no,cellular,14,oct,192,2,92,4,success,0,7.135687347028144
59,technician,married,secondary,no,1,no,no,cellular,14,oct,585,1,182,5,success,1,0.6931471805599453
51,management,married,tertiary,no,469,no,no,cellular,14,oct,491,1,182,3,success,1,6.152732694704104
28,self-employed,single,tertiary,no,159,no,no,cellular,14,oct,246,2,420,2,other,1,5.075173815233827
36,blue-collar,single,tertiary,no,1830,no,no,cellular,14,oct,183,1,91,11,failure,0,7.5126175446745105
53,admin.,married,secondary,no,459,no,no,cellular,14,oct,317,6,192,1,success,0,6.131226489483141
27,technician,single,secondary,no,643,no,no,telephone,14,oct,301,1,93,1,success,1,6.467698726104354
57,admin.,married,secondary,no,16873,no,no,cellular,14,oct,219,3,372,1,failure,0,9.733529254725571
41,management,divorced,tertiary,no,3355,no,no,cellular,14,oct,181,2,500,1,failure,0,8.118505067587098
47,admin.,married,secondary,no,1387,yes,no,cellular,14,oct,158,1,826,1,failure,0,7.23561914106675
61,retired,married,secondary,no,938,no,no,cellular,15,oct,212,2,92,5,success,0,6.844815479208263
45,management,married,secondary,no,2897,no,no,cellular,15,oct,531,4,105,7,failure,0,7.971776122880628
60,retired,divorced,secondary,no,514,no,no,cellular,15,oct,187,2,213,10,success,1,6.244166900663736
29,self-employed,single,tertiary,no,270,yes,no,cellular,15,oct,94,5,274,11,failure,0,5.602118820879701
42,unemployed,married,secondary,no,1289,no,no,cellular,15,oct,1176,3,92,6,success,1,7.162397497355718
29,blue-collar,single,secondary,no,2806,no,no,cellular,15,oct,294,1,93,5,other,0,7.939871576361883
33,management,single,tertiary,no,718,yes,no,cellular,18,oct,104,1,111,4,success,0,6.577861357721047
47,admin.,married,secondary,no,3676,no,no,cellular,18,oct,567,1,95,3,success,1,8.209852481301272
28,management,married,tertiary,no,1918,no,no,cellular,18,oct,333,1,616,1,failure,0,7.5595594960077
45,management,single,tertiary,no,2048,yes,no,cellular,18,oct,310,1,804,1,failure,1,7.6251071482389
43,unemployed,married,tertiary,no,0,no,no,cellular,18,oct,464,1,94,2,success,1,0.0
22,management,single,tertiary,no,104,no,yes,cellular,18,oct,509,1,185,3,success,1,4.653960350157523
35,management,married,secondary,no,724,yes,no,cellular,18,oct,102,3,96,3,success,0,6.586171654854675
69,retired,divorced,secondary,no,4189,no,no,cellular,18,oct,138,4,96,2,success,0,8.340456012916183
25,technician,single,secondary,no,3843,no,no,cellular,18,oct,159,2,95,2,failure,0,8.254268770090183
66,retired,married,secondary,no,3409,no,no,cellular,19,oct,133,3,160,3,failure,0,8.134467570277563
26,technician,single,secondary,no,4859,no,no,cellular,19,oct,90,2,92,3,other,0,8.48879371689454
49,blue-collar,married,secondary,no,1946,no,no,cellular,19,oct,192,1,95,1,success,1,7.5740450053721995
34,admin.,single,tertiary,no,1077,no,no,cellular,19,oct,218,1,151,5,other,0,6.982862751468942
64,management,married,tertiary,no,5112,no,no,telephone,19,oct,898,7,137,11,other,1,8.53954159508
44,management,single,tertiary,no,1090,no,no,cellular,20,oct,178,4,93,6,success,1,6.994849985833071
64,retired,divorced,secondary,no,4833,no,no,cellular,20,oct,621,1,181,3,failure,1,8.483429561263428
75,retired,married,tertiary,no,4912,no,no,telephone,20,oct,238,2,183,5,failure,0,8.499640032168648
52,admin.,married,secondary,no,423,yes,yes,cellular,20,oct,139,2,96,7,failure,0,6.049733455231958
30,management,single,tertiary,no,2344,yes,no,cellular,20,oct,316,2,92,3,failure,0,7.76004068088038
29,student,single,secondary,no,1925,no,no,cellular,21,oct,150,3,149,5,success,1,7.563200592358071
52,management,married,secondary,no,335,no,no,cellular,21,oct,411,1,182,1,failure,1,5.817111159963204
26,student,single,secondary,no,108,no,no,cellular,21,oct,235,1,175,3,success,0,4.6913478822291435
52,technician,married,secondary,no,371,yes,yes,cellular,21,oct,453,1,183,3,success,1,5.918893854273146
27,unemployed,single,secondary,no,771,no,no,cellular,21,oct,181,1,302,3,other,1,6.648984550024776
54,management,divorced,tertiary,no,5475,no,no,cellular,21,oct,1032,1,91,4,success,1,8.60813018640834
37,management,married,tertiary,no,203,no,no,cellular,21,oct,759,1,90,5,success,1,5.318119993844216
28,technician,single,tertiary,no,11862,no,no,cellular,21,oct,549,2,238,13,other,1,9.381179591661104
46,technician,married,secondary,no,9299,no,no,cellular,21,oct,201,5,94,3,success,0,9.137769679141348
20,student,single,secondary,no,88,no,no,telephone,21,oct,621,1,181,4,other,0,4.48863636973214
77,retired,married,secondary,no,820,no,no,telephone,21,oct,330,2,181,4,success,1,6.710523109452428
27,student,single,secondary,no,1164,no,no,cellular,21,oct,256,2,104,2,failure,0,7.060476365999801
34,technician,single,secondary,no,1279,yes,no,cellular,21,oct,339,3,91,10,success,1,7.154615356913663
59,entrepreneur,married,secondary,no,496,no,no,cellular,22,oct,738,3,183,1,success,1,6.208590026096629
29,blue-collar,single,tertiary,no,455,no,no,cellular,22,oct,542,4,148,3,success,1,6.1224928095143865
38,management,married,tertiary,no,536,yes,no,cellular,22,oct,234,1,92,1,success,1,6.285998094508865
57,unemployed,divorced,primary,no,282,no,no,cellular,22,oct,460,1,88,4,other,0,5.645446897643238
33,admin.,single,tertiary,no,146,no,no,cellular,22,oct,380,1,91,3,success,1,4.990432586778736
37,technician,married,secondary,no,480,no,no,cellular,22,oct,344,2,182,8,other,1,6.175867270105761
47,admin.,single,secondary,no,1693,yes,no,cellular,22,oct,608,2,92,4,other,1,7.434847875211999
77,retired,divorced,primary,no,2693,no,no,cellular,25,oct,83,2,94,12,other,0,7.898782356970309
63,retired,married,secondary,no,1495,no,no,cellular,25,oct,389,1,195,4,other,1,7.310550158534422
61,self-employed,married,tertiary,no,10861,no,no,cellular,25,oct,225,1,91,5,success,1,9.29302573859479
30,management,single,tertiary,no,985,yes,no,cellular,25,oct,304,1,94,2,success,1,6.893656354602635
74,retired,married,secondary,no,935,no,no,cellular,25,oct,400,1,173,3,success,1,6.841615476477592
31,admin.,single,secondary,no,410,no,no,cellular,25,oct,182,1,185,1,success,1,6.018593214496234
33,admin.,married,secondary,no,51,yes,yes,cellular,25,oct,253,1,284,3,success,1,3.9512437185814275
73,retired,married,primary,no,1388,no,no,telephone,25,oct,254,1,97,6,failure,0,7.236339342754344
36,technician,married,secondary,no,2779,no,no,cellular,25,oct,324,1,182,4,success,0,7.930206206684683
32,technician,married,secondary,no,660,no,no,cellular,25,oct,226,2,490,1,failure,1,6.493753839851686
25,student,single,secondary,no,679,no,no,cellular,25,oct,297,5,94,6,other,1,6.522092798170152
50,management,married,tertiary,no,8205,yes,no,telephone,25,oct,293,3,508,1,other,0,9.012620873002131
64,retired,married,primary,no,445,no,no,cellular,26,oct,338,3,186,1,other,0,6.100318952020064
24,student,single,secondary,no,1234,no,no,telephone,26,oct,280,2,97,3,success,0,7.118826249062078
26,management,single,tertiary,no,222,no,no,cellular,26,oct,318,1,120,3,success,1,5.407171771460119
36,technician,single,secondary,no,204,yes,no,cellular,26,oct,196,1,144,8,other,0,5.3230099791384085
25,student,single,secondary,no,1868,no,no,cellular,26,oct,259,1,103,2,other,1,7.533158807455563
54,admin.,divorced,tertiary,no,122,no,no,cellular,26,oct,322,1,547,1,failure,0,4.812184355372417
78,retired,married,primary,no,14204,no,no,cellular,26,oct,150,1,183,1,other,0,9.561349294288288
47,admin.,married,secondary,no,1210,no,no,cellular,26,oct,604,1,91,4,failure,1,7.099201743553092
32,technician,married,secondary,no,1547,no,no,cellular,26,oct,289,1,805,4,other,1,7.344719054149673
56,admin.,divorced,secondary,no,1693,no,no,cellular,26,oct,238,4,442,4,failure,1,7.434847875211999
49,technician,married,secondary,no,308,no,no,cellular,26,oct,260,2,91,5,failure,0,5.733341276897746
54,technician,married,tertiary,no,876,no,no,cellular,27,oct,269,3,541,3,success,1,6.776506992372183
23,unemployed,single,tertiary,no,993,no,no,cellular,27,oct,409,1,91,4,success,0,6.901737206656574
33,technician,married,secondary,no,5083,no,no,cellular,27,oct,161,1,96,2,other,0,8.533853632309345
61,retired,married,secondary,no,1058,no,no,cellular,27,oct,277,1,92,5,success,0,6.9650803456014065
24,student,single,secondary,no,822,no,no,cellular,27,oct,184,1,91,2,failure,1,6.71295620067707
70,retired,married,secondary,no,0,no,no,cellular,27,oct,258,1,92,5,success,1,0.0
30,technician,single,secondary,no,500,yes,no,cellular,8,nov,176,1,543,3,failure,0,6.2166061010848646
44,management,married,tertiary,no,839,no,no,cellular,8,nov,240,1,40,2,other,0,6.733401891837359
63,entrepreneur,married,secondary,no,3904,no,no,telephone,8,nov,360,1,96,4,success,1,8.270013062273787
34,admin.,married,tertiary,no,79,yes,no,cellular,8,nov,120,2,95,6,success,0,4.382026634673881
28,student,single,secondary,no,970,no,no,cellular,8,nov,137,1,96,1,failure,0,6.878326468291325
49,unemployed,divorced,tertiary,no,780,no,no,cellular,8,nov,148,1,871,2,failure,0,6.660575149839686
42,admin.,divorced,secondary,no,490,yes,no,cellular,8,nov,212,1,97,5,other,0,6.19644412779452
22,student,single,secondary,no,2488,no,no,cellular,8,nov,449,2,38,10,other,1,7.819636302367592
38,technician,married,tertiary,no,88,no,no,cellular,8,nov,282,2,186,4,success,1,4.48863636973214
47,management,single,tertiary,no,311,yes,yes,cellular,9,nov,255,3,378,2,failure,0,5.7430031878094825
61,housemaid,married,primary,no,182,no,no,cellular,9,nov,335,1,92,13,failure,0,5.209486152841421
64,retired,married,tertiary,no,2059,no,yes,cellular,9,nov,326,1,95,1,other,0,7.630461261783627
63,retired,married,primary,no,3738,no,no,telephone,9,nov,301,1,456,4,failure,0,8.226573474977114
44,entrepreneur,married,tertiary,no,121,no,no,cellular,9,nov,248,1,91,1,success,1,4.804021044733257
52,technician,married,tertiary,no,0,no,no,cellular,9,nov,467,3,92,7,failure,1,0.0
60,services,married,secondary,no,4428,no,no,cellular,9,nov,125,1,96,6,failure,0,8.395929103923198
35,technician,married,secondary,no,0,yes,no,cellular,9,nov,524,1,96,5,success,1,0.0
29,admin.,single,secondary,no,464,no,no,cellular,9,nov,208,2,91,3,success,1,6.142037405587356
71,retired,married,secondary,no,2064,no,no,cellular,9,nov,379,2,92,3,failure,0,7.632885505395133
33,technician,married,tertiary,no,2976,yes,no,cellular,9,nov,465,2,95,12,other,0,7.998671361015776
41,unemployed,single,tertiary,no,79,no,no,telephone,9,nov,394,1,390,2,success,1,4.382026634673881
62,retired,married,tertiary,no,2557,yes,no,cellular,10,nov,404,1,57,8,success,1,7.846980982138788
31,management,married,tertiary,no,2994,yes,no,cellular,10,nov,182,1,229,2,failure,0,8.00469951054955
19,student,single,primary,no,245,no,no,telephone,10,nov,98,2,110,2,other,0,5.5053315359323625
33,admin.,single,secondary,no,690,no,no,cellular,10,nov,223,3,555,16,failure,0,6.53813982376767
30,technician,single,tertiary,no,2325,no,no,cellular,10,nov,134,1,92,8,success,0,7.75190533307861
36,admin.,single,tertiary,no,980,no,no,cellular,11,nov,118,4,104,7,failure,0,6.8885724595653635
62,blue-collar,married,secondary,no,272,no,no,cellular,11,nov,289,1,92,3,success,1,5.60947179518496
38,entrepreneur,single,secondary,no,2543,no,no,cellular,11,nov,357,3,93,5,success,1,7.841492924460013
36,admin.,divorced,secondary,no,1224,yes,no,cellular,12,nov,482,1,374,1,success,1,7.110696122978827
34,blue-collar,married,secondary,no,320,yes,no,cellular,12,nov,413,1,92,3,success,1,5.771441123130016
34,technician,married,secondary,no,1026,no,no,cellular,12,nov,319,1,100,6,failure,0,6.934397209928558
66,retired,married,secondary,no,3409,no,no,cellular,15,nov,414,2,27,6,failure,0,8.134467570277563
46,blue-collar,married,secondary,no,6879,no,no,cellular,15,nov,74,2,118,3,failure,0,8.836373930927389
34,technician,married,secondary,no,133,no,no,cellular,15,nov,401,2,187,5,success,1,4.897839799950911
70,retired,married,primary,no,324,no,no,cellular,15,nov,78,1,96,7,success,0,5.783825182329737
63,retired,married,secondary,no,1495,no,no,cellular,16,nov,138,1,22,5,success,0,7.310550158534422
60,services,married,tertiary,no,4256,yes,no,cellular,16,nov,200,1,92,4,success,1,8.356319965828153
29,management,single,secondary,no,703,yes,no,cellular,16,nov,236,1,550,2,success,1,6.556778356158042
25,services,single,secondary,no,199,no,no,cellular,16,nov,173,1,92,5,failure,0,5.298317366548036
32,blue-collar,married,secondary,no,136,no,no,cellular,16,nov,206,1,188,3,success,1,4.919980925828125
75,retired,divorced,tertiary,no,3810,yes,no,cellular,16,nov,262,1,183,1,failure,1,8.24564690087386
28,self-employed,single,tertiary,no,159,no,no,cellular,16,nov,449,2,33,4,success,1,5.075173815233827
59,management,married,tertiary,no,138,yes,yes,cellular,16,nov,162,2,187,5,failure,0,4.9344739331306915
68,retired,married,secondary,no,1146,no,no,cellular,16,nov,212,1,187,6,success,1,7.044905117129371
34,blue-collar,single,secondary,no,1475,yes,no,cellular,16,nov,1166,3,530,12,other,0,7.297091005160418
53,management,married,tertiary,no,583,no,no,cellular,17,nov,226,1,184,4,success,1,6.369900982828227
73,retired,married,secondary,no,2850,no,no,cellular,17,nov,300,1,40,8,failure,1,7.955425088912672
72,retired,married,secondary,no,5715,no,no,cellular,17,nov,1127,5,184,3,success,1,8.651024539049757
37,entrepreneur,married,secondary,no,2971,no,no,cellular,17,nov,361,2,188,11,other,0,7.99699040583765
